event_id,asset_id,window_end,hours_to_fault,label,model,split,probability,threshold,prediction
13,21,2023-05-02 13:20:00,,0,logistic_regression,val,4.519318863537511e-06,0.03604676380522137,0
13,21,2023-05-02 14:20:00,,0,logistic_regression,val,1.1991015450795358e-06,0.03604676380522137,0
13,21,2023-05-02 15:20:00,,0,logistic_regression,val,4.209676488642182e-07,0.03604676380522137,0
13,21,2023-05-02 16:20:00,,0,logistic_regression,val,2.975602113916136e-07,0.03604676380522137,0
13,21,2023-05-02 17:20:00,,0,logistic_regression,val,8.553661844527867e-08,0.03604676380522137,0
13,21,2023-05-02 18:20:00,,0,logistic_regression,val,2.1329042720377843e-07,0.03604676380522137,0
13,21,2023-05-02 19:20:00,,0,logistic_regression,val,6.209906128351323e-08,0.03604676380522137,0
13,21,2023-05-02 20:20:00,,0,logistic_regression,val,5.772621394426241e-08,0.03604676380522137,0
13,21,2023-05-02 21:20:00,,0,logistic_regression,val,2.858412779639621e-09,0.03604676380522137,0
13,21,2023-05-02 22:20:00,,0,logistic_regression,val,2.2488537480730535e-09,0.03604676380522137,0
13,21,2023-05-02 23:20:00,,0,logistic_regression,val,9.3259338507894e-09,0.03604676380522137,0
13,21,2023-05-03 00:20:00,,0,logistic_regression,val,1.1442698707681103e-08,0.03604676380522137,0
13,21,2023-05-03 01:20:00,,0,logistic_regression,val,9.329368049400813e-09,0.03604676380522137,0
13,21,2023-05-03 02:20:00,,0,logistic_regression,val,1.3067961209906985e-09,0.03604676380522137,0
13,21,2023-05-03 03:20:00,,0,logistic_regression,val,4.270320842159486e-12,0.03604676380522137,0
13,21,2023-05-03 04:20:00,,0,logistic_regression,val,3.672847365999107e-12,0.03604676380522137,0
13,21,2023-05-03 05:20:00,,0,logistic_regression,val,5.740606013896358e-12,0.03604676380522137,0
13,21,2023-05-03 06:20:00,,0,logistic_regression,val,1.1602632511580183e-11,0.03604676380522137,0
13,21,2023-05-03 07:20:00,,0,logistic_regression,val,1.777248560271536e-12,0.03604676380522137,0
13,21,2023-05-03 08:20:00,,0,logistic_regression,val,2.8919845782569686e-11,0.03604676380522137,0
13,21,2023-05-03 09:20:00,,0,logistic_regression,val,1.4796481990939406e-10,0.03604676380522137,0
13,21,2023-05-03 10:20:00,,0,logistic_regression,val,4.7295374626130176e-11,0.03604676380522137,0
13,21,2023-05-03 11:20:00,,0,logistic_regression,val,7.612232635436148e-11,0.03604676380522137,0
13,21,2023-05-03 12:20:00,,0,logistic_regression,val,5.4253494872998387e-11,0.03604676380522137,0
13,21,2023-05-03 13:20:00,,0,logistic_regression,val,4.962883023944095e-11,0.03604676380522137,0
13,21,2023-05-03 14:20:00,,0,logistic_regression,val,1.2481697742237946e-10,0.03604676380522137,0
13,21,2023-05-03 15:20:00,,0,logistic_regression,val,6.271028902250529e-10,0.03604676380522137,0
13,21,2023-05-03 16:20:00,,0,logistic_regression,val,1.2384150479575054e-09,0.03604676380522137,0
13,21,2023-05-03 17:20:00,,0,logistic_regression,val,1.1442420822364238e-07,0.03604676380522137,0
13,21,2023-05-03 18:20:00,,0,logistic_regression,val,3.010172382989453e-07,0.03604676380522137,0
13,21,2023-05-03 19:20:00,,0,logistic_regression,val,3.2291047483867453e-07,0.03604676380522137,0
13,21,2023-05-03 20:20:00,,0,logistic_regression,val,3.098424940396484e-08,0.03604676380522137,0
13,21,2023-05-03 21:20:00,,0,logistic_regression,val,9.944982141821453e-09,0.03604676380522137,0
13,21,2023-05-03 22:20:00,,0,logistic_regression,val,3.58288188062913e-09,0.03604676380522137,0
13,21,2023-05-03 23:20:00,,0,logistic_regression,val,1.888426069523618e-09,0.03604676380522137,0
13,21,2023-05-04 00:20:00,,0,logistic_regression,val,1.0380863404842276e-08,0.03604676380522137,0
13,21,2023-05-04 01:20:00,,0,logistic_regression,val,5.6554411035498066e-08,0.03604676380522137,0
13,21,2023-05-04 02:20:00,,0,logistic_regression,val,2.891904302751874e-07,0.03604676380522137,0
13,21,2023-05-04 03:20:00,,0,logistic_regression,val,9.83618410040305e-07,0.03604676380522137,0
13,21,2023-05-04 04:20:00,,0,logistic_regression,val,3.677751119270766e-07,0.03604676380522137,0
13,21,2023-05-04 05:20:00,,0,logistic_regression,val,1.0796064736339501e-07,0.03604676380522137,0
13,21,2023-05-04 06:20:00,,0,logistic_regression,val,3.117185143848306e-08,0.03604676380522137,0
13,21,2023-05-04 07:20:00,,0,logistic_regression,val,4.64998413489762e-08,0.03604676380522137,0
13,21,2023-05-04 08:20:00,,0,logistic_regression,val,4.6238217177843236e-08,0.03604676380522137,0
13,21,2023-05-04 09:20:00,,0,logistic_regression,val,2.285375867433271e-08,0.03604676380522137,0
13,21,2023-05-04 10:20:00,,0,logistic_regression,val,2.983212132272108e-08,0.03604676380522137,0
13,21,2023-05-04 11:20:00,,0,logistic_regression,val,2.7067501882312397e-08,0.03604676380522137,0
13,21,2023-05-04 12:20:00,,0,logistic_regression,val,1.645040548682586e-08,0.03604676380522137,0
13,21,2023-05-04 13:20:00,,0,logistic_regression,val,5.046558618535817e-08,0.03604676380522137,0
13,21,2023-05-04 14:20:00,,0,logistic_regression,val,6.353742353750692e-08,0.03604676380522137,0
13,21,2023-05-04 15:20:00,,0,logistic_regression,val,2.612010632354509e-07,0.03604676380522137,0
13,21,2023-05-04 16:20:00,,0,logistic_regression,val,6.308616970399843e-07,0.03604676380522137,0
13,21,2023-05-04 17:20:00,,0,logistic_regression,val,9.92451156866487e-06,0.03604676380522137,0
13,21,2023-05-04 18:20:00,,0,logistic_regression,val,5.176203986795381e-05,0.03604676380522137,0
13,21,2023-05-04 19:20:00,,0,logistic_regression,val,8.355717093398516e-05,0.03604676380522137,0
13,21,2023-05-04 20:20:00,,0,logistic_regression,val,3.6653803861941635e-05,0.03604676380522137,0
13,21,2023-05-04 21:20:00,,0,logistic_regression,val,2.666288304401874e-05,0.03604676380522137,0
13,21,2023-05-04 22:20:00,,0,logistic_regression,val,0.0005815125585623336,0.03604676380522137,0
13,21,2023-05-04 23:20:00,,0,logistic_regression,val,0.00711531798914835,0.03604676380522137,0
13,21,2023-05-05 00:20:00,,0,logistic_regression,val,0.0008007532782148536,0.03604676380522137,0
13,21,2023-05-05 01:20:00,,0,logistic_regression,val,0.0001940755481676533,0.03604676380522137,0
13,21,2023-05-05 02:20:00,,0,logistic_regression,val,0.00014040013157167697,0.03604676380522137,0
13,21,2023-05-05 03:20:00,,0,logistic_regression,val,1.0137426264390612e-06,0.03604676380522137,0
13,21,2023-05-05 04:20:00,,0,logistic_regression,val,2.922854012687716e-05,0.03604676380522137,0
13,21,2023-05-05 05:20:00,,0,logistic_regression,val,6.906142996411232e-06,0.03604676380522137,0
13,21,2023-05-05 06:20:00,,0,logistic_regression,val,2.2552467324716903e-06,0.03604676380522137,0
13,21,2023-05-05 07:20:00,,0,logistic_regression,val,1.505785678593495e-06,0.03604676380522137,0
13,21,2023-05-05 08:20:00,,0,logistic_regression,val,2.2771019112805653e-06,0.03604676380522137,0
13,21,2023-05-05 09:20:00,,0,logistic_regression,val,3.1668105300680817e-06,0.03604676380522137,0
13,21,2023-05-05 10:20:00,,0,logistic_regression,val,2.2538628030006107e-06,0.03604676380522137,0
13,21,2023-05-05 11:20:00,,0,logistic_regression,val,1.4435748182772711e-06,0.03604676380522137,0
13,21,2023-05-05 12:20:00,,0,logistic_regression,val,1.6156070057784774e-06,0.03604676380522137,0
13,21,2023-05-05 13:20:00,,0,logistic_regression,val,3.35647916050238e-06,0.03604676380522137,0
13,21,2023-05-05 14:20:00,,0,logistic_regression,val,4.693700294661204e-06,0.03604676380522137,0
13,21,2023-05-05 15:20:00,,0,logistic_regression,val,2.1774504617247266e-06,0.03604676380522137,0
13,21,2023-05-05 16:20:00,,0,logistic_regression,val,2.4940878150957574e-06,0.03604676380522137,0
13,21,2023-05-05 17:20:00,,0,logistic_regression,val,1.7492345522978702e-06,0.03604676380522137,0
13,21,2023-05-05 18:20:00,,0,logistic_regression,val,3.403636523347002e-06,0.03604676380522137,0
13,21,2023-05-05 19:20:00,,0,logistic_regression,val,1.9004164957872789e-06,0.03604676380522137,0
13,21,2023-05-05 20:20:00,,0,logistic_regression,val,9.090435030002746e-07,0.03604676380522137,0
13,21,2023-05-05 21:20:00,,0,logistic_regression,val,2.5052099157057405e-06,0.03604676380522137,0
13,21,2023-05-05 22:20:00,,0,logistic_regression,val,1.1681857390176589e-06,0.03604676380522137,0
13,21,2023-05-05 23:20:00,,0,logistic_regression,val,1.4746607185212887e-06,0.03604676380522137,0
13,21,2023-05-06 00:20:00,,0,logistic_regression,val,3.54567662942373e-07,0.03604676380522137,0
13,21,2023-05-06 01:20:00,,0,logistic_regression,val,3.4630501285729956e-07,0.03604676380522137,0
13,21,2023-05-06 02:20:00,,0,logistic_regression,val,1.8173099085414725e-07,0.03604676380522137,0
13,21,2023-05-06 03:20:00,,0,logistic_regression,val,6.997502872334626e-08,0.03604676380522137,0
13,21,2023-05-06 04:20:00,,0,logistic_regression,val,4.6404184864501317e-08,0.03604676380522137,0
13,21,2023-05-06 05:20:00,,0,logistic_regression,val,2.686949446654269e-07,0.03604676380522137,0
13,21,2023-05-06 06:20:00,,0,logistic_regression,val,1.481240001278923e-06,0.03604676380522137,0
13,21,2023-05-06 07:20:00,,0,logistic_regression,val,1.3644510110663977e-06,0.03604676380522137,0
13,21,2023-05-06 08:20:00,,0,logistic_regression,val,2.354209597775794e-06,0.03604676380522137,0
13,21,2023-05-06 09:20:00,,0,logistic_regression,val,2.3712851500820163e-06,0.03604676380522137,0
13,21,2023-05-06 10:20:00,,0,logistic_regression,val,4.725868732131314e-06,0.03604676380522137,0
13,21,2023-05-06 11:20:00,,0,logistic_regression,val,2.708948282768552e-06,0.03604676380522137,0
13,21,2023-05-06 12:20:00,,0,logistic_regression,val,2.141334990091289e-08,0.03604676380522137,0
13,21,2023-05-06 13:20:00,,0,logistic_regression,val,3.097407221496781e-09,0.03604676380522137,0
13,21,2023-05-06 14:20:00,,0,logistic_regression,val,1.110583055884156e-08,0.03604676380522137,0
13,21,2023-05-06 15:20:00,,0,logistic_regression,val,3.495015107607207e-08,0.03604676380522137,0
13,21,2023-05-06 16:20:00,,0,logistic_regression,val,2.950505011870018e-09,0.03604676380522137,0
13,21,2023-05-06 17:20:00,,0,logistic_regression,val,7.1768465716945e-10,0.03604676380522137,0
13,21,2023-05-06 18:20:00,,0,logistic_regression,val,8.748424599982627e-10,0.03604676380522137,0
13,21,2023-05-06 19:20:00,,0,logistic_regression,val,3.2159721906181183e-10,0.03604676380522137,0
13,21,2023-05-06 20:20:00,,0,logistic_regression,val,5.939068664978288e-10,0.03604676380522137,0
13,21,2023-05-06 21:20:00,,0,logistic_regression,val,2.7066962850078848e-09,0.03604676380522137,0
13,21,2023-05-06 22:20:00,,0,logistic_regression,val,7.071991215482524e-09,0.03604676380522137,0
13,21,2023-05-06 23:20:00,,0,logistic_regression,val,3.214674773377909e-09,0.03604676380522137,0
13,21,2023-05-07 00:20:00,,0,logistic_regression,val,2.1090096276609245e-09,0.03604676380522137,0
13,21,2023-05-07 01:20:00,,0,logistic_regression,val,7.586972085320279e-09,0.03604676380522137,0
13,21,2023-05-07 02:20:00,,0,logistic_regression,val,1.480786818129086e-08,0.03604676380522137,0
13,21,2023-05-07 03:20:00,,0,logistic_regression,val,1.228646443142368e-06,0.03604676380522137,0
13,21,2023-05-07 04:20:00,,0,logistic_regression,val,9.227800933886049e-07,0.03604676380522137,0
13,21,2023-05-07 05:20:00,,0,logistic_regression,val,2.4169082038345e-07,0.03604676380522137,0
13,21,2023-05-07 06:20:00,,0,logistic_regression,val,1.1901223431572753e-06,0.03604676380522137,0
13,21,2023-05-07 07:20:00,,0,logistic_regression,val,3.32218220734513e-06,0.03604676380522137,0
13,21,2023-05-07 08:20:00,,0,logistic_regression,val,8.469633158449006e-07,0.03604676380522137,0
13,21,2023-05-07 09:20:00,,0,logistic_regression,val,3.7784050953399196e-07,0.03604676380522137,0
13,21,2023-05-07 10:20:00,,0,logistic_regression,val,2.4873392261238062e-06,0.03604676380522137,0
13,21,2023-05-07 11:20:00,,0,logistic_regression,val,1.5181074155630049e-05,0.03604676380522137,0
13,21,2023-05-07 12:20:00,,0,logistic_regression,val,1.326987338739781e-05,0.03604676380522137,0
13,21,2023-05-07 13:20:00,,0,logistic_regression,val,6.119454015854328e-05,0.03604676380522137,0
13,21,2023-05-07 14:20:00,,0,logistic_regression,val,2.8632635539637715e-05,0.03604676380522137,0
13,21,2023-05-07 15:20:00,,0,logistic_regression,val,5.2231462503212596e-05,0.03604676380522137,0
13,21,2023-05-07 16:20:00,,0,logistic_regression,val,0.00017474058029125092,0.03604676380522137,0
13,21,2023-05-07 17:20:00,,0,logistic_regression,val,9.694042727763855e-05,0.03604676380522137,0
13,21,2023-05-07 18:20:00,,0,logistic_regression,val,8.148110742491257e-05,0.03604676380522137,0
13,21,2023-05-07 19:20:00,,0,logistic_regression,val,6.617757532058035e-05,0.03604676380522137,0
13,21,2023-05-07 20:20:00,,0,logistic_regression,val,1.9692143933736302e-05,0.03604676380522137,0
13,21,2023-05-07 21:20:00,,0,logistic_regression,val,5.919530998883514e-06,0.03604676380522137,0
13,21,2023-05-07 22:20:00,,0,logistic_regression,val,3.0648757452762056e-07,0.03604676380522137,0
13,21,2023-05-07 23:20:00,,0,logistic_regression,val,8.911401411342533e-08,0.03604676380522137,0
13,21,2023-05-08 00:20:00,,0,logistic_regression,val,8.880932258395652e-08,0.03604676380522137,0
13,21,2023-05-08 01:20:00,,0,logistic_regression,val,1.2109352443825806e-07,0.03604676380522137,0
13,21,2023-05-08 02:20:00,,0,logistic_regression,val,2.5530758610722183e-07,0.03604676380522137,0
13,21,2023-05-08 03:20:00,,0,logistic_regression,val,9.295012168788252e-08,0.03604676380522137,0
13,21,2023-05-08 04:20:00,,0,logistic_regression,val,2.8968600255872194e-08,0.03604676380522137,0
13,21,2023-05-08 05:20:00,,0,logistic_regression,val,1.458209307190587e-09,0.03604676380522137,0
13,21,2023-05-08 06:20:00,,0,logistic_regression,val,1.1431645043944566e-08,0.03604676380522137,0
13,21,2023-05-08 07:20:00,,0,logistic_regression,val,1.2105834747388475e-08,0.03604676380522137,0
13,21,2023-05-08 08:20:00,,0,logistic_regression,val,1.466531359746637e-08,0.03604676380522137,0
13,21,2023-05-08 09:20:00,,0,logistic_regression,val,2.7739689138532287e-08,0.03604676380522137,0
13,21,2023-05-08 10:20:00,,0,logistic_regression,val,6.447509919127379e-09,0.03604676380522137,0
13,21,2023-05-08 11:20:00,,0,logistic_regression,val,1.4431452255418574e-08,0.03604676380522137,0
13,21,2023-05-08 12:20:00,,0,logistic_regression,val,2.791567781491564e-08,0.03604676380522137,0
13,21,2023-05-08 13:20:00,,0,logistic_regression,val,9.091021780760407e-08,0.03604676380522137,0
13,21,2023-05-08 14:20:00,,0,logistic_regression,val,1.0535882434449925e-06,0.03604676380522137,0
13,21,2023-05-08 15:20:00,,0,logistic_regression,val,1.0320439158179598e-06,0.03604676380522137,0
13,21,2023-05-08 16:20:00,,0,logistic_regression,val,2.0740912502347996e-06,0.03604676380522137,0
13,21,2023-05-08 17:20:00,,0,logistic_regression,val,4.106650267077395e-06,0.03604676380522137,0
13,21,2023-05-08 18:20:00,,0,logistic_regression,val,3.7198235029840965e-05,0.03604676380522137,0
13,21,2023-05-08 19:20:00,,0,logistic_regression,val,0.00011554567980127753,0.03604676380522137,0
13,21,2023-05-08 20:20:00,,0,logistic_regression,val,0.0005397283612318094,0.03604676380522137,0
13,21,2023-05-08 21:20:00,,0,logistic_regression,val,0.00041967842478234546,0.03604676380522137,0
13,21,2023-05-08 22:20:00,,0,logistic_regression,val,0.0012594410647427533,0.03604676380522137,0
13,21,2023-05-08 23:20:00,,0,logistic_regression,val,0.00034409966659329987,0.03604676380522137,0
13,21,2023-05-09 00:20:00,,0,logistic_regression,val,0.0003892532098634509,0.03604676380522137,0
13,21,2023-05-09 01:20:00,,0,logistic_regression,val,9.913154165344436e-05,0.03604676380522137,0
13,21,2023-05-09 02:20:00,,0,logistic_regression,val,1.807307236802035e-05,0.03604676380522137,0
13,21,2023-05-09 03:20:00,,0,logistic_regression,val,5.073284228015671e-05,0.03604676380522137,0
13,21,2023-05-09 04:20:00,,0,logistic_regression,val,0.00010816665376662456,0.03604676380522137,0
13,21,2023-05-09 05:20:00,,0,logistic_regression,val,5.310093216459041e-05,0.03604676380522137,0
13,21,2023-05-09 06:20:00,,0,logistic_regression,val,4.861722158907392e-05,0.03604676380522137,0
13,21,2023-05-09 07:20:00,,0,logistic_regression,val,0.0019893827745178583,0.03604676380522137,0
13,21,2023-05-09 08:20:00,,0,logistic_regression,val,0.0021551039027459863,0.03604676380522137,0
13,21,2023-05-09 09:20:00,,0,logistic_regression,val,0.0011744246363258408,0.03604676380522137,0
13,21,2023-05-09 10:20:00,,0,logistic_regression,val,0.001274892262907802,0.03604676380522137,0
13,21,2023-05-09 11:20:00,,0,logistic_regression,val,0.0007386346075712978,0.03604676380522137,0
13,21,2023-05-09 12:20:00,,0,logistic_regression,val,0.00015825633692769924,0.03604676380522137,0
13,21,2023-05-09 13:20:00,,0,logistic_regression,val,0.00018687163004723953,0.03604676380522137,0
13,21,2023-05-09 14:20:00,,0,logistic_regression,val,0.00013301939360939885,0.03604676380522137,0
13,21,2023-05-09 15:20:00,,0,logistic_regression,val,0.00030008659442119843,0.03604676380522137,0
13,21,2023-05-09 16:20:00,,0,logistic_regression,val,0.00022562041217123404,0.03604676380522137,0
13,21,2023-05-09 17:20:00,,0,logistic_regression,val,0.00028964098555857136,0.03604676380522137,0
13,21,2023-05-09 18:20:00,,0,logistic_regression,val,0.0002335459548968144,0.03604676380522137,0
13,21,2023-05-09 19:20:00,,0,logistic_regression,val,8.583205851415712e-05,0.03604676380522137,0
13,21,2023-05-09 20:20:00,,0,logistic_regression,val,0.00010878561828073837,0.03604676380522137,0
13,21,2023-05-09 21:20:00,,0,logistic_regression,val,0.0003076838154591303,0.03604676380522137,0
13,21,2023-05-09 22:20:00,,0,logistic_regression,val,0.00011193073832415525,0.03604676380522137,0
13,21,2023-05-09 23:20:00,,0,logistic_regression,val,0.0015267641144481032,0.03604676380522137,0
13,21,2023-05-10 00:20:00,,0,logistic_regression,val,0.005663267395260427,0.03604676380522137,0
13,21,2023-05-10 01:20:00,,0,logistic_regression,val,0.03312383945742104,0.03604676380522137,0
13,21,2023-05-10 02:20:00,,0,logistic_regression,val,0.004808063861573221,0.03604676380522137,0
13,21,2023-05-10 03:20:00,,0,logistic_regression,val,0.07029163430548599,0.03604676380522137,1
13,21,2023-05-10 04:20:00,,0,logistic_regression,val,0.13724510281392996,0.03604676380522137,1
13,21,2023-05-10 05:20:00,,0,logistic_regression,val,0.16564063186950514,0.03604676380522137,1
13,21,2023-05-10 06:20:00,,0,logistic_regression,val,0.07621644923440546,0.03604676380522137,1
13,21,2023-05-10 07:20:00,,0,logistic_regression,val,0.00042696624582214305,0.03604676380522137,0
13,21,2023-05-10 08:20:00,,0,logistic_regression,val,0.007021770061758207,0.03604676380522137,0
13,21,2023-05-10 09:20:00,,0,logistic_regression,val,0.0058629006211871225,0.03604676380522137,0
13,21,2023-05-10 10:20:00,,0,logistic_regression,val,0.0035866841688565083,0.03604676380522137,0
13,21,2023-05-10 11:20:00,,0,logistic_regression,val,0.0024537882410325448,0.03604676380522137,0
13,21,2023-05-10 12:20:00,,0,logistic_regression,val,0.0033520851373552447,0.03604676380522137,0
13,21,2023-05-10 13:20:00,,0,logistic_regression,val,0.0016003411316331425,0.03604676380522137,0
13,21,2023-05-10 14:20:00,,0,logistic_regression,val,0.005386599170588115,0.03604676380522137,0
13,21,2023-05-10 15:20:00,,0,logistic_regression,val,0.002711423142943672,0.03604676380522137,0
13,21,2023-05-10 16:20:00,,0,logistic_regression,val,8.074321946009076e-05,0.03604676380522137,0
13,21,2023-05-10 17:20:00,,0,logistic_regression,val,3.901353648755439e-05,0.03604676380522137,0
13,21,2023-05-10 18:20:00,,0,logistic_regression,val,0.00010015023378441936,0.03604676380522137,0
13,21,2023-05-10 19:20:00,,0,logistic_regression,val,0.000741514715937462,0.03604676380522137,0
13,21,2023-05-10 20:20:00,,0,logistic_regression,val,0.0002423395171425663,0.03604676380522137,0
13,21,2023-05-10 21:20:00,,0,logistic_regression,val,0.0003493655220672617,0.03604676380522137,0
13,21,2023-05-10 22:20:00,,0,logistic_regression,val,0.0004108777423741604,0.03604676380522137,0
13,21,2023-05-10 23:20:00,,0,logistic_regression,val,0.0023686791567742306,0.03604676380522137,0
13,21,2023-05-11 00:20:00,,0,logistic_regression,val,0.055935325697585817,0.03604676380522137,1
13,21,2023-05-11 01:20:00,,0,logistic_regression,val,0.05193434624017017,0.03604676380522137,1
13,21,2023-05-11 02:20:00,,0,logistic_regression,val,0.022463296283824232,0.03604676380522137,0
13,21,2023-05-11 03:20:00,,0,logistic_regression,val,0.011555271538270061,0.03604676380522137,0
13,21,2023-05-11 04:20:00,,0,logistic_regression,val,0.008645979195562859,0.03604676380522137,0
13,21,2023-05-11 05:20:00,,0,logistic_regression,val,0.007781465853321424,0.03604676380522137,0
13,21,2023-05-11 06:20:00,,0,logistic_regression,val,0.015221919898123392,0.03604676380522137,0
13,21,2023-05-11 07:20:00,,0,logistic_regression,val,0.027846315722101108,0.03604676380522137,0
13,21,2023-05-11 08:20:00,,0,logistic_regression,val,0.018275552005492624,0.03604676380522137,0
13,21,2023-05-11 09:20:00,,0,logistic_regression,val,0.00620377551530907,0.03604676380522137,0
13,21,2023-05-11 10:20:00,,0,logistic_regression,val,0.002590530420485615,0.03604676380522137,0
13,21,2023-05-11 11:20:00,,0,logistic_regression,val,0.007092564692789403,0.03604676380522137,0
13,21,2023-05-11 12:20:00,,0,logistic_regression,val,0.0034785044782642137,0.03604676380522137,0
13,21,2023-05-11 13:20:00,,0,logistic_regression,val,0.003537093085952432,0.03604676380522137,0
13,21,2023-05-11 14:20:00,,0,logistic_regression,val,0.0017911231407068012,0.03604676380522137,0
13,21,2023-05-11 15:20:00,,0,logistic_regression,val,0.0028519828798751787,0.03604676380522137,0
13,21,2023-05-11 16:20:00,,0,logistic_regression,val,0.0007186907916917618,0.03604676380522137,0
13,21,2023-05-11 17:20:00,,0,logistic_regression,val,0.00680240650003708,0.03604676380522137,0
13,21,2023-05-11 18:20:00,,0,logistic_regression,val,0.002415308645902201,0.03604676380522137,0
13,21,2023-05-11 19:20:00,,0,logistic_regression,val,0.0062590765201402925,0.03604676380522137,0
13,21,2023-05-11 20:20:00,,0,logistic_regression,val,0.004081492569970253,0.03604676380522137,0
13,21,2023-05-11 21:20:00,,0,logistic_regression,val,0.008008399304376695,0.03604676380522137,0
13,21,2023-05-11 22:20:00,,0,logistic_regression,val,0.0087576354566328,0.03604676380522137,0
13,21,2023-05-11 23:20:00,,0,logistic_regression,val,0.004806434481954436,0.03604676380522137,0
13,21,2023-05-12 00:20:00,,0,logistic_regression,val,7.93009828742816e-06,0.03604676380522137,0
13,21,2023-05-12 01:20:00,,0,logistic_regression,val,3.153199153410459e-06,0.03604676380522137,0
13,21,2023-05-12 02:20:00,,0,logistic_regression,val,6.372734298653561e-07,0.03604676380522137,0
13,21,2023-05-12 03:20:00,,0,logistic_regression,val,6.068986543731441e-07,0.03604676380522137,0
13,21,2023-05-12 04:20:00,,0,logistic_regression,val,1.2053262083473283e-06,0.03604676380522137,0
13,21,2023-05-12 05:20:00,,0,logistic_regression,val,5.82714902293173e-07,0.03604676380522137,0
13,21,2023-05-12 06:20:00,,0,logistic_regression,val,3.2958593445293985e-06,0.03604676380522137,0
13,21,2023-05-12 07:20:00,,0,logistic_regression,val,9.529044914312236e-07,0.03604676380522137,0
13,21,2023-05-12 08:20:00,,0,logistic_regression,val,2.702546741577564e-06,0.03604676380522137,0
13,21,2023-05-12 09:20:00,,0,logistic_regression,val,2.1171721455627012e-06,0.03604676380522137,0
13,21,2023-05-12 10:20:00,,0,logistic_regression,val,6.667833196892789e-06,0.03604676380522137,0
13,21,2023-05-12 11:20:00,,0,logistic_regression,val,1.5145859630493638e-05,0.03604676380522137,0
13,21,2023-05-12 12:20:00,,0,logistic_regression,val,1.2980244697548283e-05,0.03604676380522137,0
13,21,2023-05-12 13:20:00,,0,logistic_regression,val,4.812853200747085e-06,0.03604676380522137,0
13,21,2023-05-12 14:20:00,,0,logistic_regression,val,2.833164739011823e-06,0.03604676380522137,0
13,21,2023-05-12 15:20:00,,0,logistic_regression,val,1.856173842313142e-06,0.03604676380522137,0
13,21,2023-05-12 16:20:00,,0,logistic_regression,val,4.702048276659638e-06,0.03604676380522137,0
13,21,2023-05-12 17:20:00,,0,logistic_regression,val,3.3416868742877766e-05,0.03604676380522137,0
13,21,2023-05-12 18:20:00,,0,logistic_regression,val,3.120286321635552e-06,0.03604676380522137,0
13,21,2023-05-12 19:20:00,,0,logistic_regression,val,2.9311588136029028e-06,0.03604676380522137,0
13,21,2023-05-12 20:20:00,,0,logistic_regression,val,3.847133412712824e-05,0.03604676380522137,0
13,21,2023-05-12 21:20:00,,0,logistic_regression,val,0.00016278499301070366,0.03604676380522137,0
13,21,2023-05-12 22:20:00,,0,logistic_regression,val,0.00039860996515381626,0.03604676380522137,0
13,21,2023-05-12 23:20:00,,0,logistic_regression,val,0.0009963084106558023,0.03604676380522137,0
13,21,2023-05-13 00:20:00,,0,logistic_regression,val,0.0007167272164850835,0.03604676380522137,0
13,21,2023-05-13 01:20:00,,0,logistic_regression,val,0.0002412769302489624,0.03604676380522137,0
13,21,2023-05-13 02:20:00,,0,logistic_regression,val,0.0002489835844318716,0.03604676380522137,0
13,21,2023-05-13 03:20:00,,0,logistic_regression,val,0.00016678505484696483,0.03604676380522137,0
13,21,2023-05-13 04:20:00,,0,logistic_regression,val,0.0002414679176367854,0.03604676380522137,0
13,21,2023-05-13 05:20:00,,0,logistic_regression,val,0.0005953106707200352,0.03604676380522137,0
13,21,2023-05-13 06:20:00,,0,logistic_regression,val,0.00021266900821221638,0.03604676380522137,0
13,21,2023-05-13 07:20:00,,0,logistic_regression,val,0.00012546311015070816,0.03604676380522137,0
13,21,2023-05-13 08:20:00,,0,logistic_regression,val,0.0001960160327253049,0.03604676380522137,0
13,21,2023-05-13 09:20:00,,0,logistic_regression,val,0.0010098194013385914,0.03604676380522137,0
13,21,2023-05-13 10:20:00,,0,logistic_regression,val,0.001442460494541236,0.03604676380522137,0
13,21,2023-05-13 11:20:00,,0,logistic_regression,val,0.007444890218481592,0.03604676380522137,0
13,21,2023-05-13 12:20:00,,0,logistic_regression,val,0.0031680535558523413,0.03604676380522137,0
13,21,2023-05-13 13:20:00,,0,logistic_regression,val,0.00021407886775543688,0.03604676380522137,0
13,21,2023-05-13 14:20:00,,0,logistic_regression,val,0.00018169281762571126,0.03604676380522137,0
13,21,2023-05-13 15:20:00,,0,logistic_regression,val,0.0010940043686844736,0.03604676380522137,0
13,21,2023-05-13 16:20:00,,0,logistic_regression,val,0.0003893104399075033,0.03604676380522137,0
13,21,2023-05-13 17:20:00,,0,logistic_regression,val,0.00015747595055264055,0.03604676380522137,0
13,21,2023-05-13 18:20:00,,0,logistic_regression,val,4.106130665866773e-05,0.03604676380522137,0
13,21,2023-05-13 19:20:00,,0,logistic_regression,val,4.938777908256523e-06,0.03604676380522137,0
13,21,2023-05-13 20:20:00,,0,logistic_regression,val,2.4256362824135196e-06,0.03604676380522137,0
13,21,2023-05-13 21:20:00,,0,logistic_regression,val,2.1406960153328286e-06,0.03604676380522137,0
13,21,2023-05-13 22:20:00,,0,logistic_regression,val,3.8349544259723525e-07,0.03604676380522137,0
13,21,2023-05-13 23:20:00,,0,logistic_regression,val,5.005252060185157e-07,0.03604676380522137,0
13,21,2023-05-14 00:20:00,,0,logistic_regression,val,2.753909740111355e-07,0.03604676380522137,0
13,21,2023-05-14 01:20:00,,0,logistic_regression,val,2.6411730399806646e-07,0.03604676380522137,0
13,21,2023-05-14 02:20:00,,0,logistic_regression,val,4.887806285895191e-07,0.03604676380522137,0
13,21,2023-05-14 03:20:00,,0,logistic_regression,val,4.9130552757789e-07,0.03604676380522137,0
13,21,2023-05-14 04:20:00,,0,logistic_regression,val,2.6676241838174353e-06,0.03604676380522137,0
13,21,2023-05-14 05:20:00,,0,logistic_regression,val,2.6354934991927227e-06,0.03604676380522137,0
13,21,2023-05-14 06:20:00,,0,logistic_regression,val,2.099458876635077e-06,0.03604676380522137,0
13,21,2023-05-14 07:20:00,,0,logistic_regression,val,2.053890002595632e-06,0.03604676380522137,0
13,21,2023-05-14 08:20:00,,0,logistic_regression,val,4.0668450916209005e-06,0.03604676380522137,0
13,21,2023-05-14 09:20:00,,0,logistic_regression,val,1.5972263081759352e-06,0.03604676380522137,0
13,21,2023-05-14 10:20:00,,0,logistic_regression,val,4.737716116785916e-06,0.03604676380522137,0
13,21,2023-05-14 11:20:00,,0,logistic_regression,val,1.1110595451863303e-05,0.03604676380522137,0
13,21,2023-05-14 12:20:00,,0,logistic_regression,val,1.5696285558838552e-05,0.03604676380522137,0
13,21,2023-05-14 13:20:00,,0,logistic_regression,val,8.766868818095001e-05,0.03604676380522137,0
13,21,2023-05-14 14:20:00,,0,logistic_regression,val,2.6352274508549155e-06,0.03604676380522137,0
13,21,2023-05-14 15:20:00,,0,logistic_regression,val,4.451414938351585e-07,0.03604676380522137,0
13,21,2023-05-14 16:20:00,,0,logistic_regression,val,3.2641854183078975e-07,0.03604676380522137,0
13,21,2023-05-14 17:20:00,,0,logistic_regression,val,1.1817904792858937e-06,0.03604676380522137,0
13,21,2023-05-14 18:20:00,,0,logistic_regression,val,8.097614464518359e-07,0.03604676380522137,0
13,21,2023-05-14 19:20:00,,0,logistic_regression,val,4.921714420910286e-07,0.03604676380522137,0
13,21,2023-05-14 20:20:00,,0,logistic_regression,val,4.49307397143519e-07,0.03604676380522137,0
13,21,2023-05-14 21:20:00,,0,logistic_regression,val,6.46268283844067e-07,0.03604676380522137,0
13,21,2023-05-14 22:20:00,,0,logistic_regression,val,7.09240785843831e-08,0.03604676380522137,0
13,21,2023-05-14 23:20:00,,0,logistic_regression,val,1.6026725557817994e-07,0.03604676380522137,0
13,21,2023-05-15 00:20:00,,0,logistic_regression,val,6.263992265351728e-09,0.03604676380522137,0
13,21,2023-05-15 01:20:00,,0,logistic_regression,val,8.47058007870439e-08,0.03604676380522137,0
13,21,2023-05-15 02:20:00,,0,logistic_regression,val,4.803476568954278e-08,0.03604676380522137,0
13,21,2023-05-15 03:20:00,,0,logistic_regression,val,4.6284327789799186e-06,0.03604676380522137,0
13,21,2023-05-15 04:20:00,,0,logistic_regression,val,1.0339565680560007e-06,0.03604676380522137,0
13,21,2023-05-15 05:20:00,,0,logistic_regression,val,4.30287060160001e-06,0.03604676380522137,0
13,21,2023-05-15 06:20:00,,0,logistic_regression,val,3.8303993350393356e-07,0.03604676380522137,0
13,21,2023-05-15 07:20:00,,0,logistic_regression,val,6.406593389106207e-07,0.03604676380522137,0
13,21,2023-05-15 08:20:00,,0,logistic_regression,val,6.897843674682072e-07,0.03604676380522137,0
13,21,2023-05-15 09:20:00,,0,logistic_regression,val,2.4768964549867974e-07,0.03604676380522137,0
13,21,2023-05-15 10:20:00,,0,logistic_regression,val,3.232849177137463e-07,0.03604676380522137,0
13,21,2023-05-15 11:20:00,,0,logistic_regression,val,3.118621619183138e-07,0.03604676380522137,0
13,21,2023-05-15 12:20:00,,0,logistic_regression,val,1.1788425085818465e-06,0.03604676380522137,0
13,21,2023-05-15 13:20:00,,0,logistic_regression,val,8.430685244396249e-07,0.03604676380522137,0
13,21,2023-05-15 14:20:00,,0,logistic_regression,val,1.0816601954490766e-06,0.03604676380522137,0
13,21,2023-05-15 15:20:00,,0,logistic_regression,val,3.253409941582617e-06,0.03604676380522137,0
13,21,2023-05-15 16:20:00,,0,logistic_regression,val,4.290539150034223e-06,0.03604676380522137,0
13,21,2023-05-15 17:20:00,,0,logistic_regression,val,3.987034560026998e-06,0.03604676380522137,0
13,21,2023-05-15 18:20:00,,0,logistic_regression,val,7.850023416224147e-06,0.03604676380522137,0
13,21,2023-05-15 19:20:00,,0,logistic_regression,val,1.3393594766070628e-05,0.03604676380522137,0
13,21,2023-05-15 20:20:00,,0,logistic_regression,val,6.642229395585248e-06,0.03604676380522137,0
13,21,2023-05-15 21:20:00,,0,logistic_regression,val,2.1162474392535225e-05,0.03604676380522137,0
13,21,2023-05-15 22:20:00,,0,logistic_regression,val,8.58618521598593e-06,0.03604676380522137,0
13,21,2023-05-15 23:20:00,,0,logistic_regression,val,5.354387057494525e-06,0.03604676380522137,0
13,21,2023-05-16 00:20:00,,0,logistic_regression,val,4.092630518751048e-05,0.03604676380522137,0
13,21,2023-05-16 01:20:00,,0,logistic_regression,val,8.382196190528427e-11,0.03604676380522137,0
13,21,2023-05-16 02:20:00,,0,logistic_regression,val,1.3683704323311967e-11,0.03604676380522137,0
13,21,2023-05-16 03:20:00,,0,logistic_regression,val,1.0963289576025367e-10,0.03604676380522137,0
13,21,2023-05-16 04:20:00,,0,logistic_regression,val,1.842097448865577e-11,0.03604676380522137,0
13,21,2023-05-16 05:20:00,,0,logistic_regression,val,5.465838081053503e-11,0.03604676380522137,0
13,21,2023-05-16 06:20:00,,0,logistic_regression,val,4.100537712186774e-11,0.03604676380522137,0
13,21,2023-05-16 07:20:00,,0,logistic_regression,val,3.1217204183705393e-11,0.03604676380522137,0
13,21,2023-05-16 08:20:00,,0,logistic_regression,val,1.589643298469538e-11,0.03604676380522137,0
13,21,2023-05-16 09:20:00,,0,logistic_regression,val,7.731410554444309e-11,0.03604676380522137,0
13,21,2023-05-16 10:20:00,,0,logistic_regression,val,8.1087252346874e-11,0.03604676380522137,0
13,21,2023-05-16 11:20:00,,0,logistic_regression,val,1.2079158085283977e-10,0.03604676380522137,0
13,21,2023-05-16 12:20:00,,0,logistic_regression,val,4.326418473689543e-11,0.03604676380522137,0
13,21,2023-05-16 13:20:00,,0,logistic_regression,val,1.2413607082173925e-10,0.03604676380522137,0
13,21,2023-05-16 14:20:00,,0,logistic_regression,val,5.913130583003352e-11,0.03604676380522137,0
13,21,2023-05-16 15:20:00,,0,logistic_regression,val,6.575068446706557e-11,0.03604676380522137,0
13,21,2023-05-16 16:20:00,,0,logistic_regression,val,1.1733659502556635e-10,0.03604676380522137,0
13,21,2023-05-16 17:20:00,,0,logistic_regression,val,2.0383694673711126e-11,0.03604676380522137,0
13,21,2023-05-16 18:20:00,,0,logistic_regression,val,5.882970017873128e-11,0.03604676380522137,0
13,21,2023-05-16 19:20:00,,0,logistic_regression,val,5.527148358084035e-11,0.03604676380522137,0
13,21,2023-05-16 20:20:00,,0,logistic_regression,val,6.374517023311817e-12,0.03604676380522137,0
13,21,2023-05-16 21:20:00,,0,logistic_regression,val,8.698853831945221e-07,0.03604676380522137,0
13,21,2023-05-16 22:20:00,,0,logistic_regression,val,0.00025553368196018776,0.03604676380522137,0
13,21,2023-05-16 23:20:00,,0,logistic_regression,val,0.00013130953332913219,0.03604676380522137,0
13,21,2023-05-17 00:20:00,,0,logistic_regression,val,0.0005164854893348581,0.03604676380522137,0
13,21,2023-05-17 01:20:00,,0,logistic_regression,val,0.0009304949094673046,0.03604676380522137,0
13,21,2023-05-17 02:20:00,,0,logistic_regression,val,0.00020073196896980262,0.03604676380522137,0
13,21,2023-05-17 03:20:00,,0,logistic_regression,val,8.648181671449983e-09,0.03604676380522137,0
13,21,2023-05-17 04:20:00,,0,logistic_regression,val,1.1110975833507014e-09,0.03604676380522137,0
13,21,2023-05-17 05:20:00,,0,logistic_regression,val,1.1678264235676709e-11,0.03604676380522137,0
13,21,2023-05-17 06:20:00,,0,logistic_regression,val,2.0635241243625628e-08,0.03604676380522137,0
13,21,2023-05-17 07:20:00,,0,logistic_regression,val,4.755659472223505e-08,0.03604676380522137,0
13,21,2023-05-17 08:20:00,,0,logistic_regression,val,6.490391375344225e-08,0.03604676380522137,0
13,21,2023-05-17 09:20:00,,0,logistic_regression,val,1.4769200831105453e-07,0.03604676380522137,0
13,21,2023-05-17 10:20:00,,0,logistic_regression,val,2.47285566777894e-07,0.03604676380522137,0
13,21,2023-05-17 11:20:00,,0,logistic_regression,val,1.5124070730117283e-07,0.03604676380522137,0
13,21,2023-05-17 12:20:00,,0,logistic_regression,val,3.224256308538871e-07,0.03604676380522137,0
13,21,2023-05-17 13:20:00,,0,logistic_regression,val,1.0472573626321187e-06,0.03604676380522137,0
13,21,2023-05-17 14:20:00,,0,logistic_regression,val,1.2562291051077864e-06,0.03604676380522137,0
13,21,2023-05-17 15:20:00,,0,logistic_regression,val,9.123021098429931e-06,0.03604676380522137,0
13,21,2023-05-17 16:20:00,,0,logistic_regression,val,5.184130999335682e-05,0.03604676380522137,0
13,21,2023-05-17 17:20:00,,0,logistic_regression,val,0.0001244956602310178,0.03604676380522137,0
13,21,2023-05-17 18:20:00,,0,logistic_regression,val,0.0001886784508592898,0.03604676380522137,0
13,21,2023-05-17 19:20:00,,0,logistic_regression,val,0.00039940526692650225,0.03604676380522137,0
13,21,2023-05-17 20:20:00,,0,logistic_regression,val,0.0008320981538932914,0.03604676380522137,0
13,21,2023-05-17 21:20:00,,0,logistic_regression,val,0.00010441154658089459,0.03604676380522137,0
13,21,2023-05-17 22:20:00,,0,logistic_regression,val,2.5698512614646552e-05,0.03604676380522137,0
13,21,2023-05-17 23:20:00,,0,logistic_regression,val,3.977809216089581e-05,0.03604676380522137,0
13,21,2023-05-18 00:20:00,,0,logistic_regression,val,4.85823667937812e-05,0.03604676380522137,0
13,21,2023-05-18 01:20:00,,0,logistic_regression,val,0.00010096930159410135,0.03604676380522137,0
13,21,2023-05-18 02:20:00,,0,logistic_regression,val,0.0001211781135340817,0.03604676380522137,0
13,21,2023-05-18 03:20:00,,0,logistic_regression,val,0.00024532968168061015,0.03604676380522137,0
13,21,2023-05-18 04:20:00,,0,logistic_regression,val,0.00012994207954645143,0.03604676380522137,0
13,21,2023-05-18 05:20:00,,0,logistic_regression,val,0.0003443434613766989,0.03604676380522137,0
13,21,2023-05-18 06:20:00,,0,logistic_regression,val,2.350900022063268e-06,0.03604676380522137,0
13,21,2023-05-18 07:20:00,,0,logistic_regression,val,3.306167112807389e-06,0.03604676380522137,0
13,21,2023-05-18 08:20:00,,0,logistic_regression,val,3.689890218062007e-06,0.03604676380522137,0
13,21,2023-05-18 09:20:00,,0,logistic_regression,val,7.0356315919472725e-06,0.03604676380522137,0
13,21,2023-05-18 10:20:00,,0,logistic_regression,val,9.443443213002107e-06,0.03604676380522137,0
13,21,2023-05-18 11:20:00,,0,logistic_regression,val,7.658836623295555e-05,0.03604676380522137,0
13,21,2023-05-18 12:20:00,,0,logistic_regression,val,3.8846584918265516e-05,0.03604676380522137,0
13,21,2023-05-18 13:20:00,,0,logistic_regression,val,5.1745462405449956e-05,0.03604676380522137,0
13,21,2023-05-18 14:20:00,,0,logistic_regression,val,0.00014508883483996707,0.03604676380522137,0
13,21,2023-05-18 15:20:00,,0,logistic_regression,val,8.045211950892559e-05,0.03604676380522137,0
13,21,2023-05-18 16:20:00,,0,logistic_regression,val,0.00016939992963156306,0.03604676380522137,0
13,21,2023-05-18 17:20:00,,0,logistic_regression,val,2.364543879917352e-05,0.03604676380522137,0
13,21,2023-05-18 18:20:00,,0,logistic_regression,val,8.817668993623057e-06,0.03604676380522137,0
13,21,2023-05-18 19:20:00,,0,logistic_regression,val,1.999090688610755e-06,0.03604676380522137,0
13,21,2023-05-18 20:20:00,,0,logistic_regression,val,2.5200348053253025e-06,0.03604676380522137,0
13,21,2023-05-18 21:20:00,,0,logistic_regression,val,9.516930824512947e-06,0.03604676380522137,0
13,21,2023-05-18 22:20:00,,0,logistic_regression,val,4.3849251522084606e-05,0.03604676380522137,0
13,21,2023-05-18 23:20:00,,0,logistic_regression,val,0.00014698852000656883,0.03604676380522137,0
13,21,2023-05-19 00:20:00,,0,logistic_regression,val,2.7000011817112114e-05,0.03604676380522137,0
13,21,2023-05-19 01:20:00,,0,logistic_regression,val,8.782509228270526e-07,0.03604676380522137,0
13,21,2023-05-19 02:20:00,,0,logistic_regression,val,6.711857813192532e-07,0.03604676380522137,0
13,21,2023-05-19 03:20:00,,0,logistic_regression,val,3.043343926519223e-06,0.03604676380522137,0
13,21,2023-05-19 04:20:00,,0,logistic_regression,val,1.58557282805784e-06,0.03604676380522137,0
13,21,2023-05-19 05:20:00,,0,logistic_regression,val,1.9342756609496523e-05,0.03604676380522137,0
13,21,2023-05-19 06:20:00,,0,logistic_regression,val,2.927100374619408e-06,0.03604676380522137,0
13,21,2023-05-19 07:20:00,,0,logistic_regression,val,4.2884631667223606e-07,0.03604676380522137,0
13,21,2023-05-19 08:20:00,,0,logistic_regression,val,1.0708547052015184e-06,0.03604676380522137,0
13,21,2023-05-19 09:20:00,,0,logistic_regression,val,1.5240532346633e-06,0.03604676380522137,0
13,21,2023-05-19 10:20:00,,0,logistic_regression,val,1.0772776709399357e-06,0.03604676380522137,0
13,21,2023-05-19 11:20:00,,0,logistic_regression,val,3.863851404679431e-07,0.03604676380522137,0
13,21,2023-05-19 12:20:00,,0,logistic_regression,val,4.748865684909568e-07,0.03604676380522137,0
13,21,2023-05-19 13:20:00,,0,logistic_regression,val,9.996170486012663e-07,0.03604676380522137,0
13,21,2023-05-19 14:20:00,,0,logistic_regression,val,1.441795688201087e-06,0.03604676380522137,0
13,21,2023-05-19 15:20:00,,0,logistic_regression,val,5.756860635022254e-05,0.03604676380522137,0
13,21,2023-05-19 16:20:00,,0,logistic_regression,val,0.0003058089866342128,0.03604676380522137,0
13,21,2023-05-19 17:20:00,,0,logistic_regression,val,5.160859016581198e-05,0.03604676380522137,0
13,21,2023-05-19 18:20:00,,0,logistic_regression,val,4.007228776287919e-06,0.03604676380522137,0
13,21,2023-05-19 19:20:00,,0,logistic_regression,val,3.621319023177403e-06,0.03604676380522137,0
13,21,2023-05-19 20:20:00,,0,logistic_regression,val,1.603505239158847e-06,0.03604676380522137,0
13,21,2023-05-19 21:20:00,,0,logistic_regression,val,3.144062905860792e-07,0.03604676380522137,0
13,21,2023-05-19 22:20:00,,0,logistic_regression,val,1.1764459861332926e-08,0.03604676380522137,0
13,21,2023-05-19 23:20:00,,0,logistic_regression,val,3.6925158680108606e-09,0.03604676380522137,0
13,21,2023-05-20 00:20:00,,0,logistic_regression,val,7.92717587608147e-12,0.03604676380522137,0
13,21,2023-05-20 01:20:00,,0,logistic_regression,val,1.7952288133343257e-12,0.03604676380522137,0
13,21,2023-05-20 02:20:00,,0,logistic_regression,val,3.233598639513821e-13,0.03604676380522137,0
13,21,2023-05-20 03:20:00,,0,logistic_regression,val,4.93010461389463e-13,0.03604676380522137,0
13,21,2023-05-20 04:20:00,,0,logistic_regression,val,5.204347201743716e-13,0.03604676380522137,0
13,21,2023-05-20 05:20:00,,0,logistic_regression,val,6.736176448480653e-13,0.03604676380522137,0
13,21,2023-05-20 06:20:00,,0,logistic_regression,val,1.731921370021429e-13,0.03604676380522137,0
13,21,2023-05-20 07:20:00,,0,logistic_regression,val,6.605145217089865e-15,0.03604676380522137,0
13,21,2023-05-20 08:20:00,,0,logistic_regression,val,6.481217547591705e-17,0.03604676380522137,0
13,21,2023-05-20 09:20:00,,0,logistic_regression,val,2.929329417021149e-17,0.03604676380522137,0
13,21,2023-05-20 10:20:00,,0,logistic_regression,val,7.380139043079777e-17,0.03604676380522137,0
13,21,2023-05-20 11:20:00,,0,logistic_regression,val,1.3184994039834392e-16,0.03604676380522137,0
13,21,2023-05-20 12:20:00,,0,logistic_regression,val,1.4820032450524188e-16,0.03604676380522137,0
13,21,2023-05-20 13:20:00,,0,logistic_regression,val,8.127705899333901e-17,0.03604676380522137,0
13,21,2023-05-20 14:20:00,,0,logistic_regression,val,1.215846229544195e-16,0.03604676380522137,0
13,21,2023-05-20 15:20:00,,0,logistic_regression,val,2.616291002103568e-16,0.03604676380522137,0
13,21,2023-05-20 16:20:00,,0,logistic_regression,val,1.7376814876292026e-16,0.03604676380522137,0
13,21,2023-05-20 17:20:00,,0,logistic_regression,val,8.256440206258562e-15,0.03604676380522137,0
13,21,2023-05-20 18:20:00,,0,logistic_regression,val,1.1338495785688966e-12,0.03604676380522137,0
13,21,2023-05-20 19:20:00,,0,logistic_regression,val,6.440975812357615e-07,0.03604676380522137,0
13,21,2023-05-20 20:20:00,,0,logistic_regression,val,1.9852857620441864e-06,0.03604676380522137,0
13,21,2023-05-20 21:20:00,,0,logistic_regression,val,1.912703169066439e-06,0.03604676380522137,0
13,21,2023-05-20 22:20:00,,0,logistic_regression,val,2.063403710258423e-06,0.03604676380522137,0
13,21,2023-05-20 23:20:00,,0,logistic_regression,val,7.765992651064358e-06,0.03604676380522137,0
13,21,2023-05-21 00:20:00,,0,logistic_regression,val,2.9633626467626355e-06,0.03604676380522137,0
13,21,2023-05-21 01:20:00,,0,logistic_regression,val,5.734421225278025e-06,0.03604676380522137,0
13,21,2023-05-21 02:20:00,,0,logistic_regression,val,2.9354578838851204e-05,0.03604676380522137,0
13,21,2023-05-21 03:20:00,,0,logistic_regression,val,1.4668306737653946e-05,0.03604676380522137,0
13,21,2023-05-21 04:20:00,,0,logistic_regression,val,6.741582985980687e-06,0.03604676380522137,0
13,21,2023-05-21 05:20:00,,0,logistic_regression,val,1.0583982174233127e-05,0.03604676380522137,0
13,21,2023-05-21 06:20:00,,0,logistic_regression,val,1.7955893509246656e-06,0.03604676380522137,0
13,21,2023-05-21 07:20:00,,0,logistic_regression,val,5.450906568742219e-07,0.03604676380522137,0
13,21,2023-05-21 08:20:00,,0,logistic_regression,val,1.635390236386794e-07,0.03604676380522137,0
13,21,2023-05-21 09:20:00,,0,logistic_regression,val,2.4708752061092143e-07,0.03604676380522137,0
13,21,2023-05-21 10:20:00,,0,logistic_regression,val,1.3038531627634124e-07,0.03604676380522137,0
13,21,2023-05-21 11:20:00,,0,logistic_regression,val,1.0949168482026172e-07,0.03604676380522137,0
13,21,2023-05-21 12:20:00,,0,logistic_regression,val,4.807002291401599e-07,0.03604676380522137,0
13,21,2023-05-21 13:20:00,,0,logistic_regression,val,2.557192228090411e-06,0.03604676380522137,0
13,21,2023-05-21 14:20:00,,0,logistic_regression,val,3.232532815429992e-05,0.03604676380522137,0
13,21,2023-05-21 15:20:00,,0,logistic_regression,val,3.353333232071454e-05,0.03604676380522137,0
13,21,2023-05-21 16:20:00,,0,logistic_regression,val,0.00030556093290381683,0.03604676380522137,0
13,21,2023-05-21 17:20:00,,0,logistic_regression,val,0.0007494112210186339,0.03604676380522137,0
13,21,2023-05-21 18:20:00,,0,logistic_regression,val,0.0007613728059612272,0.03604676380522137,0
13,21,2023-05-21 19:20:00,,0,logistic_regression,val,0.0003466580277238737,0.03604676380522137,0
13,21,2023-05-21 20:20:00,,0,logistic_regression,val,2.380165410294017e-05,0.03604676380522137,0
13,21,2023-05-21 21:20:00,,0,logistic_regression,val,1.0770440591821435e-05,0.03604676380522137,0
13,21,2023-05-21 22:20:00,,0,logistic_regression,val,1.648890971257715e-06,0.03604676380522137,0
13,21,2023-05-21 23:20:00,,0,logistic_regression,val,3.6274909629038172e-06,0.03604676380522137,0
13,21,2023-05-22 00:20:00,,0,logistic_regression,val,0.003910862942213815,0.03604676380522137,0
13,21,2023-05-22 01:20:00,,0,logistic_regression,val,0.01144251857957997,0.03604676380522137,0
13,21,2023-05-22 02:20:00,,0,logistic_regression,val,0.0029154265186276443,0.03604676380522137,0
13,21,2023-05-22 03:20:00,,0,logistic_regression,val,0.0025753817774038868,0.03604676380522137,0
13,21,2023-05-22 04:20:00,,0,logistic_regression,val,0.013725520093171545,0.03604676380522137,0
13,21,2023-05-22 05:20:00,,0,logistic_regression,val,0.021838661288335767,0.03604676380522137,0
13,21,2023-05-22 06:20:00,,0,logistic_regression,val,0.01042112392766702,0.03604676380522137,0
13,21,2023-05-22 07:20:00,,0,logistic_regression,val,0.005918303645181013,0.03604676380522137,0
13,21,2023-05-22 08:20:00,,0,logistic_regression,val,0.001116216848397435,0.03604676380522137,0
13,21,2023-05-22 09:20:00,,0,logistic_regression,val,0.0006577058265936122,0.03604676380522137,0
13,21,2023-05-22 10:20:00,,0,logistic_regression,val,0.002310552914488533,0.03604676380522137,0
13,21,2023-05-22 11:20:00,,0,logistic_regression,val,0.008290704647385135,0.03604676380522137,0
13,21,2023-05-22 12:20:00,,0,logistic_regression,val,0.00024501207090692716,0.03604676380522137,0
13,21,2023-05-22 13:20:00,,0,logistic_regression,val,3.347297096013794e-05,0.03604676380522137,0
13,21,2023-05-22 14:20:00,,0,logistic_regression,val,8.234078207222316e-06,0.03604676380522137,0
13,21,2023-05-22 15:20:00,,0,logistic_regression,val,1.8493389008977795e-05,0.03604676380522137,0
13,21,2023-05-22 16:20:00,,0,logistic_regression,val,9.394026398678911e-06,0.03604676380522137,0
13,21,2023-05-22 17:20:00,,0,logistic_regression,val,4.458866275705764e-05,0.03604676380522137,0
13,21,2023-05-22 18:20:00,,0,logistic_regression,val,5.067731480126079e-06,0.03604676380522137,0
13,21,2023-05-22 19:20:00,,0,logistic_regression,val,0.00022365977607442596,0.03604676380522137,0
13,21,2023-05-22 20:20:00,,0,logistic_regression,val,0.00020349222404540316,0.03604676380522137,0
13,21,2023-05-22 21:20:00,,0,logistic_regression,val,0.002820824806328443,0.03604676380522137,0
13,21,2023-05-22 22:20:00,,0,logistic_regression,val,0.0033611247668801523,0.03604676380522137,0
13,21,2023-05-22 23:20:00,,0,logistic_regression,val,0.0011315305480645488,0.03604676380522137,0
13,21,2023-05-23 00:20:00,,0,logistic_regression,val,2.4161786507251123e-05,0.03604676380522137,0
13,21,2023-05-23 01:20:00,,0,logistic_regression,val,6.011766420768531e-05,0.03604676380522137,0
13,21,2023-05-23 02:20:00,,0,logistic_regression,val,4.856857942568003e-06,0.03604676380522137,0
13,21,2023-05-23 03:20:00,,0,logistic_regression,val,9.253116168371686e-06,0.03604676380522137,0
13,21,2023-05-23 04:20:00,,0,logistic_regression,val,3.3015306307037536e-05,0.03604676380522137,0
13,21,2023-05-23 05:20:00,,0,logistic_regression,val,8.182140391858265e-07,0.03604676380522137,0
13,21,2023-05-23 06:20:00,,0,logistic_regression,val,6.620447301000878e-08,0.03604676380522137,0
13,21,2023-05-23 07:20:00,,0,logistic_regression,val,6.309132508800779e-08,0.03604676380522137,0
13,21,2023-05-23 08:20:00,,0,logistic_regression,val,1.679610863701637e-07,0.03604676380522137,0
13,21,2023-05-23 09:20:00,,0,logistic_regression,val,4.0322640826749154e-09,0.03604676380522137,0
22,21,2021-08-11 09:50:00,168.16666666666666,0,logistic_regression,val,2.859144721805636e-06,0.03604676380522137,0
22,21,2021-08-11 10:50:00,167.16666666666666,0,logistic_regression,val,7.110922414916961e-06,0.03604676380522137,0
22,21,2021-08-11 11:50:00,166.16666666666666,0,logistic_regression,val,8.576570611964733e-06,0.03604676380522137,0
22,21,2021-08-11 12:50:00,165.16666666666666,0,logistic_regression,val,4.690904757854506e-06,0.03604676380522137,0
22,21,2021-08-11 13:50:00,164.16666666666666,0,logistic_regression,val,7.75609483155768e-06,0.03604676380522137,0
22,21,2021-08-11 14:50:00,163.16666666666666,0,logistic_regression,val,4.809110875211651e-06,0.03604676380522137,0
22,21,2021-08-11 15:50:00,162.16666666666666,0,logistic_regression,val,1.0917304947989345e-05,0.03604676380522137,0
22,21,2021-08-11 16:50:00,161.16666666666666,0,logistic_regression,val,2.0786104700028084e-05,0.03604676380522137,0
22,21,2021-08-11 17:50:00,160.16666666666666,0,logistic_regression,val,1.748885721239201e-05,0.03604676380522137,0
22,21,2021-08-11 18:50:00,159.16666666666666,0,logistic_regression,val,2.6510654316180883e-05,0.03604676380522137,0
22,21,2021-08-11 19:50:00,158.16666666666666,0,logistic_regression,val,2.1989226191258085e-05,0.03604676380522137,0
22,21,2021-08-11 20:50:00,157.16666666666666,0,logistic_regression,val,9.358654345549134e-06,0.03604676380522137,0
22,21,2021-08-11 21:50:00,156.16666666666666,0,logistic_regression,val,9.724491416178051e-06,0.03604676380522137,0
22,21,2021-08-11 22:50:00,155.16666666666666,0,logistic_regression,val,1.1586910558580829e-05,0.03604676380522137,0
22,21,2021-08-11 23:50:00,154.16666666666666,0,logistic_regression,val,4.525474093040259e-06,0.03604676380522137,0
22,21,2021-08-12 00:50:00,153.16666666666666,0,logistic_regression,val,1.9888486604161964e-09,0.03604676380522137,0
22,21,2021-08-12 01:50:00,152.16666666666666,0,logistic_regression,val,8.039276029699586e-13,0.03604676380522137,0
22,21,2021-08-12 02:50:00,151.16666666666666,0,logistic_regression,val,1.5444051236091968e-17,0.03604676380522137,0
22,21,2021-08-12 03:50:00,150.16666666666666,0,logistic_regression,val,2.0534149278432227e-17,0.03604676380522137,0
22,21,2021-08-12 04:50:00,149.16666666666666,0,logistic_regression,val,6.939576045805811e-18,0.03604676380522137,0
22,21,2021-08-12 05:50:00,148.16666666666666,0,logistic_regression,val,9.103837032662898e-18,0.03604676380522137,0
22,21,2021-08-12 06:50:00,147.16666666666666,0,logistic_regression,val,1.0688438018356205e-17,0.03604676380522137,0
22,21,2021-08-12 07:50:00,146.16666666666666,0,logistic_regression,val,4.732256213213612e-18,0.03604676380522137,0
22,21,2021-08-12 08:50:00,145.16666666666666,0,logistic_regression,val,2.5779698087819074e-18,0.03604676380522137,0
22,21,2021-08-12 09:50:00,144.16666666666666,0,logistic_regression,val,2.933731203803174e-18,0.03604676380522137,0
22,21,2021-08-12 10:50:00,143.16666666666666,0,logistic_regression,val,2.9722203714191317e-18,0.03604676380522137,0
22,21,2021-08-12 11:50:00,142.16666666666666,0,logistic_regression,val,1.2812223598172501e-17,0.03604676380522137,0
22,21,2021-08-12 12:50:00,141.16666666666666,0,logistic_regression,val,2.278321896623351e-17,0.03604676380522137,0
22,21,2021-08-12 13:50:00,140.16666666666666,0,logistic_regression,val,1.6779180418671185e-17,0.03604676380522137,0
22,21,2021-08-12 14:50:00,139.16666666666666,0,logistic_regression,val,9.127226842085671e-18,0.03604676380522137,0
22,21,2021-08-12 15:50:00,138.16666666666666,0,logistic_regression,val,1.8805651786044227e-17,0.03604676380522137,0
22,21,2021-08-12 16:50:00,137.16666666666666,0,logistic_regression,val,8.566656532642149e-18,0.03604676380522137,0
22,21,2021-08-12 17:50:00,136.16666666666666,0,logistic_regression,val,1.0378083905762196e-15,0.03604676380522137,0
22,21,2021-08-12 18:50:00,135.16666666666666,0,logistic_regression,val,7.524243724165997e-16,0.03604676380522137,0
22,21,2021-08-12 19:50:00,134.16666666666666,0,logistic_regression,val,3.683704627411503e-16,0.03604676380522137,0
22,21,2021-08-12 20:50:00,133.16666666666666,0,logistic_regression,val,4.172485209383889e-16,0.03604676380522137,0
22,21,2021-08-12 21:50:00,132.16666666666666,0,logistic_regression,val,2.5701743830633526e-16,0.03604676380522137,0
22,21,2021-08-12 22:50:00,131.16666666666666,0,logistic_regression,val,2.459126162528997e-16,0.03604676380522137,0
22,21,2021-08-12 23:50:00,130.16666666666666,0,logistic_regression,val,7.557218759768615e-17,0.03604676380522137,0
22,21,2021-08-13 00:50:00,129.16666666666666,0,logistic_regression,val,3.572513862746367e-17,0.03604676380522137,0
22,21,2021-08-13 01:50:00,128.16666666666666,0,logistic_regression,val,2.1774533098724807e-16,0.03604676380522137,0
22,21,2021-08-13 02:50:00,127.16666666666669,0,logistic_regression,val,1.5372617892846078e-16,0.03604676380522137,0
22,21,2021-08-13 03:50:00,126.16666666666669,0,logistic_regression,val,2.4562817620151596e-16,0.03604676380522137,0
22,21,2021-08-13 04:50:00,125.16666666666669,0,logistic_regression,val,4.342358315347768e-16,0.03604676380522137,0
22,21,2021-08-13 05:50:00,124.16666666666669,0,logistic_regression,val,3.1727564805053754e-16,0.03604676380522137,0
22,21,2021-08-13 06:50:00,123.16666666666669,0,logistic_regression,val,8.229942664595504e-16,0.03604676380522137,0
22,21,2021-08-13 07:50:00,122.16666666666669,0,logistic_regression,val,4.0987385522551274e-16,0.03604676380522137,0
22,21,2021-08-13 08:50:00,121.16666666666669,0,logistic_regression,val,1.0560793350749051e-09,0.03604676380522137,0
22,21,2021-08-13 09:50:00,120.16666666666669,0,logistic_regression,val,3.3177812725377266e-09,0.03604676380522137,0
22,21,2021-08-13 10:50:00,119.16666666666669,0,logistic_regression,val,2.4553272775547147e-08,0.03604676380522137,0
22,21,2021-08-13 11:50:00,118.16666666666669,0,logistic_regression,val,1.1695353461238131e-07,0.03604676380522137,0
22,21,2021-08-13 12:50:00,117.16666666666669,0,logistic_regression,val,1.1489917013724887e-07,0.03604676380522137,0
22,21,2021-08-13 13:50:00,116.16666666666669,0,logistic_regression,val,5.38720806851599e-08,0.03604676380522137,0
22,21,2021-08-13 14:50:00,115.16666666666669,0,logistic_regression,val,1.2662147387903976e-07,0.03604676380522137,0
22,21,2021-08-13 15:50:00,114.16666666666669,0,logistic_regression,val,1.978854274123178e-07,0.03604676380522137,0
22,21,2021-08-13 16:50:00,113.16666666666669,0,logistic_regression,val,3.1327275275437144e-07,0.03604676380522137,0
22,21,2021-08-13 17:50:00,112.16666666666669,0,logistic_regression,val,1.664743721522057e-09,0.03604676380522137,0
22,21,2021-08-13 18:50:00,111.16666666666669,0,logistic_regression,val,9.706049098400438e-09,0.03604676380522137,0
22,21,2021-08-13 19:50:00,110.16666666666669,0,logistic_regression,val,1.2107729203454261e-08,0.03604676380522137,0
22,21,2021-08-13 20:50:00,109.16666666666669,0,logistic_regression,val,9.184591735959414e-09,0.03604676380522137,0
22,21,2021-08-13 21:50:00,108.16666666666669,0,logistic_regression,val,1.7757876481728943e-09,0.03604676380522137,0
22,21,2021-08-13 22:50:00,107.16666666666669,0,logistic_regression,val,7.603121274710205e-10,0.03604676380522137,0
22,21,2021-08-13 23:50:00,106.16666666666669,0,logistic_regression,val,4.016426327848648e-09,0.03604676380522137,0
22,21,2021-08-14 00:50:00,105.16666666666669,0,logistic_regression,val,3.72394539983381e-09,0.03604676380522137,0
22,21,2021-08-14 01:50:00,104.16666666666669,0,logistic_regression,val,4.7310225850686505e-09,0.03604676380522137,0
22,21,2021-08-14 02:50:00,103.16666666666669,0,logistic_regression,val,1.5942400101270667e-08,0.03604676380522137,0
22,21,2021-08-14 03:50:00,102.16666666666669,0,logistic_regression,val,5.175863816206972e-09,0.03604676380522137,0
22,21,2021-08-14 04:50:00,101.16666666666669,0,logistic_regression,val,1.1242088473115124e-06,0.03604676380522137,0
22,21,2021-08-14 05:50:00,100.16666666666669,0,logistic_regression,val,1.1847946702912557e-06,0.03604676380522137,0
22,21,2021-08-14 06:50:00,99.16666666666669,0,logistic_regression,val,5.3403245543719055e-05,0.03604676380522137,0
22,21,2021-08-14 07:50:00,98.16666666666669,0,logistic_regression,val,0.0003963679370775938,0.03604676380522137,0
22,21,2021-08-14 08:50:00,97.16666666666669,0,logistic_regression,val,0.0006012827087312737,0.03604676380522137,0
22,21,2021-08-14 09:50:00,96.16666666666669,0,logistic_regression,val,9.829104592551499e-05,0.03604676380522137,0
22,21,2021-08-14 10:50:00,95.16666666666669,0,logistic_regression,val,9.956220269579485e-05,0.03604676380522137,0
22,21,2021-08-14 11:50:00,94.16666666666669,0,logistic_regression,val,5.0756376055890766e-05,0.03604676380522137,0
22,21,2021-08-14 12:50:00,93.16666666666669,0,logistic_regression,val,4.146991313706806e-05,0.03604676380522137,0
22,21,2021-08-14 13:50:00,92.16666666666669,0,logistic_regression,val,1.8565700886410493e-05,0.03604676380522137,0
22,21,2021-08-14 14:50:00,91.16666666666669,0,logistic_regression,val,5.03639718253334e-05,0.03604676380522137,0
22,21,2021-08-14 15:50:00,90.16666666666669,0,logistic_regression,val,4.60355466892561e-05,0.03604676380522137,0
22,21,2021-08-14 16:50:00,89.16666666666667,0,logistic_regression,val,2.6275100008669794e-05,0.03604676380522137,0
22,21,2021-08-14 17:50:00,88.16666666666667,0,logistic_regression,val,0.00013398786158871781,0.03604676380522137,0
22,21,2021-08-14 18:50:00,87.16666666666667,0,logistic_regression,val,0.0001367227500000159,0.03604676380522137,0
22,21,2021-08-14 19:50:00,86.16666666666667,0,logistic_regression,val,0.0001462552157189635,0.03604676380522137,0
22,21,2021-08-14 20:50:00,85.16666666666667,0,logistic_regression,val,1.6957204374370682e-05,0.03604676380522137,0
22,21,2021-08-14 21:50:00,84.16666666666667,0,logistic_regression,val,3.60710588447084e-05,0.03604676380522137,0
22,21,2021-08-14 22:50:00,83.16666666666667,0,logistic_regression,val,4.795330833475343e-05,0.03604676380522137,0
22,21,2021-08-14 23:50:00,82.16666666666667,0,logistic_regression,val,4.334145423787434e-05,0.03604676380522137,0
22,21,2021-08-15 00:50:00,81.16666666666667,0,logistic_regression,val,2.290270221850562e-05,0.03604676380522137,0
22,21,2021-08-15 01:50:00,80.16666666666667,0,logistic_regression,val,1.6713588248019174e-05,0.03604676380522137,0
22,21,2021-08-15 02:50:00,79.16666666666667,0,logistic_regression,val,5.2917059935361995e-06,0.03604676380522137,0
22,21,2021-08-15 03:50:00,78.16666666666667,0,logistic_regression,val,6.747491946385103e-06,0.03604676380522137,0
22,21,2021-08-15 04:50:00,77.16666666666667,0,logistic_regression,val,6.876180733973973e-05,0.03604676380522137,0
22,21,2021-08-15 05:50:00,76.16666666666667,0,logistic_regression,val,8.972255908469414e-05,0.03604676380522137,0
22,21,2021-08-15 06:50:00,75.16666666666667,0,logistic_regression,val,0.00019437464480205694,0.03604676380522137,0
22,21,2021-08-15 07:50:00,74.16666666666667,0,logistic_regression,val,0.0002286283784790439,0.03604676380522137,0
22,21,2021-08-15 08:50:00,73.16666666666667,0,logistic_regression,val,0.0005845979475846882,0.03604676380522137,0
22,21,2021-08-15 09:50:00,72.16666666666667,0,logistic_regression,val,0.00019285603667420787,0.03604676380522137,0
22,21,2021-08-15 10:50:00,71.16666666666667,0,logistic_regression,val,0.00040666561968668425,0.03604676380522137,0
22,21,2021-08-15 11:50:00,70.16666666666667,0,logistic_regression,val,0.0008109744740830351,0.03604676380522137,0
22,21,2021-08-15 12:50:00,69.16666666666667,0,logistic_regression,val,0.00023794929512723338,0.03604676380522137,0
22,21,2021-08-15 13:50:00,68.16666666666667,0,logistic_regression,val,0.0004705420053182987,0.03604676380522137,0
22,21,2021-08-15 14:50:00,67.16666666666667,0,logistic_regression,val,0.0007608216681202275,0.03604676380522137,0
22,21,2021-08-15 15:50:00,66.16666666666667,0,logistic_regression,val,0.0006222605027023587,0.03604676380522137,0
22,21,2021-08-15 16:50:00,65.16666666666667,0,logistic_regression,val,0.001870865643214276,0.03604676380522137,0
22,21,2021-08-15 17:50:00,64.16666666666667,0,logistic_regression,val,0.000694961838120347,0.03604676380522137,0
22,21,2021-08-15 18:50:00,63.16666666666666,0,logistic_regression,val,0.0006337761201671478,0.03604676380522137,0
22,21,2021-08-15 19:50:00,62.16666666666666,0,logistic_regression,val,0.0003879667984170263,0.03604676380522137,0
22,21,2021-08-15 20:50:00,61.16666666666666,0,logistic_regression,val,0.0007352017942973832,0.03604676380522137,0
22,21,2021-08-15 21:50:00,60.16666666666666,0,logistic_regression,val,1.2560063479476748e-05,0.03604676380522137,0
22,21,2021-08-15 22:50:00,59.16666666666666,0,logistic_regression,val,0.0036313895395622495,0.03604676380522137,0
22,21,2021-08-15 23:50:00,58.16666666666666,0,logistic_regression,val,0.0015180938381914155,0.03604676380522137,0
22,21,2021-08-16 00:50:00,57.16666666666666,0,logistic_regression,val,0.0036103490588799566,0.03604676380522137,0
22,21,2021-08-16 01:50:00,56.16666666666666,0,logistic_regression,val,0.005618547596049332,0.03604676380522137,0
22,21,2021-08-16 02:50:00,55.16666666666666,0,logistic_regression,val,0.00738285777100588,0.03604676380522137,0
22,21,2021-08-16 03:50:00,54.16666666666666,0,logistic_regression,val,0.005222830130849577,0.03604676380522137,0
22,21,2021-08-16 04:50:00,53.16666666666666,0,logistic_regression,val,0.010031186771604493,0.03604676380522137,0
22,21,2021-08-16 05:50:00,52.16666666666666,0,logistic_regression,val,0.006868003904861872,0.03604676380522137,0
22,21,2021-08-16 06:50:00,51.16666666666666,0,logistic_regression,val,0.0008878406564621433,0.03604676380522137,0
22,21,2021-08-16 07:50:00,50.16666666666666,0,logistic_regression,val,0.0009322297430375398,0.03604676380522137,0
22,21,2021-08-16 08:50:00,49.16666666666666,0,logistic_regression,val,0.001345777343671422,0.03604676380522137,0
22,21,2021-08-16 09:50:00,48.16666666666666,0,logistic_regression,val,0.0013335925035478607,0.03604676380522137,0
22,21,2021-08-16 10:50:00,47.16666666666666,1,logistic_regression,val,0.0019964384306100035,0.03604676380522137,0
22,21,2021-08-17 11:50:00,22.166666666666668,1,logistic_regression,val,0.04371284589937367,0.03604676380522137,1
22,21,2021-08-17 12:50:00,21.166666666666668,1,logistic_regression,val,0.0680549108515746,0.03604676380522137,1
22,21,2021-08-17 13:50:00,20.166666666666668,1,logistic_regression,val,0.1947887137373799,0.03604676380522137,1
22,21,2021-08-17 14:50:00,19.166666666666668,1,logistic_regression,val,0.43763652500510475,0.03604676380522137,1
22,21,2021-08-17 15:50:00,18.166666666666668,1,logistic_regression,val,0.9759682492470544,0.03604676380522137,1
22,21,2021-08-17 16:50:00,17.166666666666668,1,logistic_regression,val,0.9703082601039242,0.03604676380522137,1
22,21,2021-08-17 17:50:00,16.166666666666668,1,logistic_regression,val,0.8826925202632521,0.03604676380522137,1
22,21,2021-08-17 18:50:00,15.166666666666666,1,logistic_regression,val,0.989812061926866,0.03604676380522137,1
22,21,2021-08-17 19:50:00,14.166666666666666,1,logistic_regression,val,0.9923036389208032,0.03604676380522137,1
22,21,2021-08-17 20:50:00,13.166666666666666,1,logistic_regression,val,0.20362195152344367,0.03604676380522137,1
22,21,2021-08-17 21:50:00,12.166666666666666,1,logistic_regression,val,0.23564216510187794,0.03604676380522137,1
22,21,2021-08-17 22:50:00,11.166666666666666,1,logistic_regression,val,0.05578230885061563,0.03604676380522137,1
22,21,2021-08-17 23:50:00,10.166666666666666,1,logistic_regression,val,0.04863181450976147,0.03604676380522137,1
22,21,2021-08-18 00:50:00,9.166666666666666,1,logistic_regression,val,0.6292059821421898,0.03604676380522137,1
22,21,2021-08-18 01:50:00,8.166666666666666,1,logistic_regression,val,0.926224886979665,0.03604676380522137,1
22,21,2021-08-18 02:50:00,7.166666666666667,1,logistic_regression,val,0.7289770823080254,0.03604676380522137,1
22,21,2021-08-18 03:50:00,6.166666666666667,1,logistic_regression,val,0.9582878479156238,0.03604676380522137,1
22,21,2021-08-18 04:50:00,5.166666666666667,1,logistic_regression,val,0.8219064027405295,0.03604676380522137,1
22,21,2021-08-18 05:50:00,4.166666666666667,1,logistic_regression,val,0.958203305883602,0.03604676380522137,1
22,21,2021-08-18 06:50:00,3.1666666666666665,1,logistic_regression,val,0.9783341380126057,0.03604676380522137,1
22,21,2021-08-18 07:50:00,2.1666666666666665,1,logistic_regression,val,0.9588419915639915,0.03604676380522137,1
22,21,2021-08-18 08:50:00,1.1666666666666667,1,logistic_regression,val,0.8468175747366379,0.03604676380522137,1
51,21,2015-10-07 01:30:00,,0,logistic_regression,val,0.0005208789398713431,0.03604676380522137,0
51,21,2015-10-07 02:30:00,,0,logistic_regression,val,4.434326881804867e-06,0.03604676380522137,0
51,21,2015-10-07 03:30:00,,0,logistic_regression,val,2.110430135087674e-06,0.03604676380522137,0
51,21,2015-10-07 04:30:00,,0,logistic_regression,val,1.8109135007194706e-05,0.03604676380522137,0
51,21,2015-10-07 05:30:00,,0,logistic_regression,val,0.00028974376923800654,0.03604676380522137,0
51,21,2015-10-07 06:30:00,,0,logistic_regression,val,0.0004236724049310289,0.03604676380522137,0
51,21,2015-10-07 07:30:00,,0,logistic_regression,val,0.00022497451567451366,0.03604676380522137,0
51,21,2015-10-07 08:30:00,,0,logistic_regression,val,3.0100524689999622e-05,0.03604676380522137,0
51,21,2015-10-07 09:30:00,,0,logistic_regression,val,6.039882399940934e-05,0.03604676380522137,0
51,21,2015-10-07 10:30:00,,0,logistic_regression,val,1.2404770747764877e-08,0.03604676380522137,0
51,21,2015-10-07 11:30:00,,0,logistic_regression,val,4.638862280799076e-09,0.03604676380522137,0
51,21,2015-10-07 12:30:00,,0,logistic_regression,val,1.7102716299986697e-08,0.03604676380522137,0
51,21,2015-10-07 13:30:00,,0,logistic_regression,val,1.598650586126374e-07,0.03604676380522137,0
51,21,2015-10-07 14:30:00,,0,logistic_regression,val,8.651144626988318e-07,0.03604676380522137,0
51,21,2015-10-07 15:30:00,,0,logistic_regression,val,1.9491888461088182e-06,0.03604676380522137,0
51,21,2015-10-07 16:30:00,,0,logistic_regression,val,4.619818848015127e-06,0.03604676380522137,0
51,21,2015-10-07 17:30:00,,0,logistic_regression,val,9.282092078109459e-06,0.03604676380522137,0
51,21,2015-10-07 18:30:00,,0,logistic_regression,val,1.3779509516892122e-05,0.03604676380522137,0
51,21,2015-10-07 19:30:00,,0,logistic_regression,val,7.376078314826611e-05,0.03604676380522137,0
51,21,2015-10-07 20:30:00,,0,logistic_regression,val,4.85863473108813e-05,0.03604676380522137,0
51,21,2015-10-07 21:30:00,,0,logistic_regression,val,0.000110320579594924,0.03604676380522137,0
51,21,2015-10-07 22:30:00,,0,logistic_regression,val,8.846232828273123e-05,0.03604676380522137,0
51,21,2015-10-07 23:30:00,,0,logistic_regression,val,0.0006075369094927708,0.03604676380522137,0
51,21,2015-10-08 00:30:00,,0,logistic_regression,val,0.00013615582316869822,0.03604676380522137,0
51,21,2015-10-08 01:30:00,,0,logistic_regression,val,6.473957908029841e-05,0.03604676380522137,0
51,21,2015-10-08 02:30:00,,0,logistic_regression,val,0.001262299519944075,0.03604676380522137,0
51,21,2015-10-08 03:30:00,,0,logistic_regression,val,0.0060199490751545424,0.03604676380522137,0
51,21,2015-10-08 04:30:00,,0,logistic_regression,val,0.032667581791477975,0.03604676380522137,0
51,21,2015-10-08 05:30:00,,0,logistic_regression,val,0.08878127884238353,0.03604676380522137,1
51,21,2015-10-08 06:30:00,,0,logistic_regression,val,0.2753152921281979,0.03604676380522137,1
51,21,2015-10-08 07:30:00,,0,logistic_regression,val,0.15341476487272523,0.03604676380522137,1
51,21,2015-10-08 08:30:00,,0,logistic_regression,val,0.08537049597966694,0.03604676380522137,1
51,21,2015-10-08 09:30:00,,0,logistic_regression,val,0.001314059027767256,0.03604676380522137,0
51,21,2015-10-08 10:30:00,,0,logistic_regression,val,0.0506299008255482,0.03604676380522137,1
51,21,2015-10-08 11:30:00,,0,logistic_regression,val,0.021519053607965372,0.03604676380522137,0
51,21,2015-10-08 12:30:00,,0,logistic_regression,val,0.03505663921847004,0.03604676380522137,0
51,21,2015-10-08 13:30:00,,0,logistic_regression,val,0.028168381253414962,0.03604676380522137,0
51,21,2015-10-08 14:30:00,,0,logistic_regression,val,0.0007827747095718263,0.03604676380522137,0
51,21,2015-10-08 15:30:00,,0,logistic_regression,val,0.0023757021715157607,0.03604676380522137,0
51,21,2015-10-08 16:30:00,,0,logistic_regression,val,0.003774665913203826,0.03604676380522137,0
51,21,2015-10-08 17:30:00,,0,logistic_regression,val,0.08990520648488784,0.03604676380522137,1
51,21,2015-10-08 18:30:00,,0,logistic_regression,val,0.004363507990769353,0.03604676380522137,0
51,21,2015-10-08 19:30:00,,0,logistic_regression,val,0.00045195015128582264,0.03604676380522137,0
51,21,2015-10-08 20:30:00,,0,logistic_regression,val,0.0008049762967015985,0.03604676380522137,0
51,21,2015-10-08 21:30:00,,0,logistic_regression,val,0.001287325469620495,0.03604676380522137,0
51,21,2015-10-08 22:30:00,,0,logistic_regression,val,0.005182591826171418,0.03604676380522137,0
51,21,2015-10-08 23:30:00,,0,logistic_regression,val,0.004398497040380812,0.03604676380522137,0
51,21,2015-10-09 00:30:00,,0,logistic_regression,val,0.004327452526924259,0.03604676380522137,0
51,21,2015-10-09 01:30:00,,0,logistic_regression,val,0.004072443161829135,0.03604676380522137,0
51,21,2015-10-09 02:30:00,,0,logistic_regression,val,0.045093893893416365,0.03604676380522137,1
51,21,2015-10-09 03:30:00,,0,logistic_regression,val,0.014911870695458818,0.03604676380522137,0
51,21,2015-10-09 04:30:00,,0,logistic_regression,val,0.0020048524674675895,0.03604676380522137,0
51,21,2015-10-09 05:30:00,,0,logistic_regression,val,0.008259927628015367,0.03604676380522137,0
51,21,2015-10-09 06:30:00,,0,logistic_regression,val,0.00023910808845211307,0.03604676380522137,0
51,21,2015-10-09 07:30:00,,0,logistic_regression,val,1.0175270890238648e-06,0.03604676380522137,0
51,21,2015-10-09 08:30:00,,0,logistic_regression,val,0.00021880492306359313,0.03604676380522137,0
51,21,2015-10-09 09:30:00,,0,logistic_regression,val,6.229706818774888e-05,0.03604676380522137,0
51,21,2015-10-09 10:30:00,,0,logistic_regression,val,0.00020447278292523907,0.03604676380522137,0
51,21,2015-10-09 11:30:00,,0,logistic_regression,val,0.0007243142560938894,0.03604676380522137,0
51,21,2015-10-09 12:30:00,,0,logistic_regression,val,0.00048088122134820046,0.03604676380522137,0
51,21,2015-10-09 13:30:00,,0,logistic_regression,val,0.003456412765232707,0.03604676380522137,0
51,21,2015-10-09 14:30:00,,0,logistic_regression,val,0.003635051574694557,0.03604676380522137,0
51,21,2015-10-09 15:30:00,,0,logistic_regression,val,0.0022509770901703746,0.03604676380522137,0
51,21,2015-10-09 16:30:00,,0,logistic_regression,val,0.002781398930612366,0.03604676380522137,0
51,21,2015-10-09 17:30:00,,0,logistic_regression,val,0.004539003806545214,0.03604676380522137,0
51,21,2015-10-09 18:30:00,,0,logistic_regression,val,0.001157354200675694,0.03604676380522137,0
51,21,2015-10-09 19:30:00,,0,logistic_regression,val,8.861702948303496e-05,0.03604676380522137,0
51,21,2015-10-09 20:30:00,,0,logistic_regression,val,0.0002759419905635411,0.03604676380522137,0
51,21,2015-10-09 21:30:00,,0,logistic_regression,val,5.225274265728821e-05,0.03604676380522137,0
51,21,2015-10-09 22:30:00,,0,logistic_regression,val,1.4501855380957836e-05,0.03604676380522137,0
51,21,2015-10-09 23:30:00,,0,logistic_regression,val,3.0678568093915454e-08,0.03604676380522137,0
51,21,2015-10-10 00:30:00,,0,logistic_regression,val,2.458147516254561e-09,0.03604676380522137,0
51,21,2015-10-10 01:30:00,,0,logistic_regression,val,4.2136152128617443e-10,0.03604676380522137,0
51,21,2015-10-10 02:30:00,,0,logistic_regression,val,3.818148317311214e-10,0.03604676380522137,0
51,21,2015-10-10 03:30:00,,0,logistic_regression,val,1.219276124482259e-09,0.03604676380522137,0
51,21,2015-10-10 04:30:00,,0,logistic_regression,val,9.303095627855818e-10,0.03604676380522137,0
51,21,2015-10-10 05:30:00,,0,logistic_regression,val,3.200471141250819e-10,0.03604676380522137,0
51,21,2015-10-10 06:30:00,,0,logistic_regression,val,3.4699896829308887e-10,0.03604676380522137,0
51,21,2015-10-10 07:30:00,,0,logistic_regression,val,2.1215702963732173e-10,0.03604676380522137,0
51,21,2015-10-10 08:30:00,,0,logistic_regression,val,1.368814139205955e-10,0.03604676380522137,0
51,21,2015-10-10 09:30:00,,0,logistic_regression,val,1.669835956513895e-10,0.03604676380522137,0
51,21,2015-10-10 10:30:00,,0,logistic_regression,val,1.9354889981674202e-13,0.03604676380522137,0
51,21,2015-10-10 11:30:00,,0,logistic_regression,val,1.6451194161292196e-12,0.03604676380522137,0
51,21,2015-10-10 12:30:00,,0,logistic_regression,val,1.031349145877767e-11,0.03604676380522137,0
51,21,2015-10-10 13:30:00,,0,logistic_regression,val,2.7480703655182722e-11,0.03604676380522137,0
51,21,2015-10-10 14:30:00,,0,logistic_regression,val,1.0213454968350174e-09,0.03604676380522137,0
51,21,2015-10-10 15:30:00,,0,logistic_regression,val,6.630026116477468e-08,0.03604676380522137,0
51,21,2015-10-10 16:30:00,,0,logistic_regression,val,6.594000715346086e-08,0.03604676380522137,0
51,21,2015-10-10 17:30:00,,0,logistic_regression,val,1.9828758569395444e-07,0.03604676380522137,0
51,21,2015-10-10 18:30:00,,0,logistic_regression,val,5.254130679830355e-07,0.03604676380522137,0
51,21,2015-10-10 19:30:00,,0,logistic_regression,val,1.7969865255812804e-06,0.03604676380522137,0
51,21,2015-10-10 20:30:00,,0,logistic_regression,val,2.281198438687397e-05,0.03604676380522137,0
51,21,2015-10-10 21:30:00,,0,logistic_regression,val,4.430146718440619e-05,0.03604676380522137,0
51,21,2015-10-10 22:30:00,,0,logistic_regression,val,6.290487157094467e-05,0.03604676380522137,0
51,21,2015-10-10 23:30:00,,0,logistic_regression,val,0.0007573088525690552,0.03604676380522137,0
51,21,2015-10-11 00:30:00,,0,logistic_regression,val,0.00025230686023676175,0.03604676380522137,0
51,21,2015-10-11 01:30:00,,0,logistic_regression,val,0.0006903282562920453,0.03604676380522137,0
51,21,2015-10-11 02:30:00,,0,logistic_regression,val,0.0005024985601219952,0.03604676380522137,0
51,21,2015-10-11 03:30:00,,0,logistic_regression,val,0.0008828684022257708,0.03604676380522137,0
51,21,2015-10-11 04:30:00,,0,logistic_regression,val,0.0007321255532538493,0.03604676380522137,0
51,21,2015-10-11 05:30:00,,0,logistic_regression,val,0.003953492437277866,0.03604676380522137,0
51,21,2015-10-11 06:30:00,,0,logistic_regression,val,0.0009214247125724723,0.03604676380522137,0
51,21,2015-10-11 07:30:00,,0,logistic_regression,val,0.011048120143408077,0.03604676380522137,0
51,21,2015-10-11 08:30:00,,0,logistic_regression,val,0.015884784446407226,0.03604676380522137,0
51,21,2015-10-11 09:30:00,,0,logistic_regression,val,0.0018081676296398065,0.03604676380522137,0
51,21,2015-10-11 10:30:00,,0,logistic_regression,val,0.014012797999506051,0.03604676380522137,0
51,21,2015-10-11 11:30:00,,0,logistic_regression,val,0.00852513131527891,0.03604676380522137,0
51,21,2015-10-11 12:30:00,,0,logistic_regression,val,0.0013055606221634697,0.03604676380522137,0
51,21,2015-10-11 13:30:00,,0,logistic_regression,val,0.008394369877819446,0.03604676380522137,0
51,21,2015-10-11 14:30:00,,0,logistic_regression,val,0.009751311009285724,0.03604676380522137,0
51,21,2015-10-11 15:30:00,,0,logistic_regression,val,4.726779429502146e-05,0.03604676380522137,0
51,21,2015-10-11 16:30:00,,0,logistic_regression,val,5.743786870766406e-06,0.03604676380522137,0
51,21,2015-10-11 17:30:00,,0,logistic_regression,val,9.66977905337194e-07,0.03604676380522137,0
51,21,2015-10-11 18:30:00,,0,logistic_regression,val,3.4538007692526115e-07,0.03604676380522137,0
51,21,2015-10-11 19:30:00,,0,logistic_regression,val,3.4385726639605825e-07,0.03604676380522137,0
51,21,2015-10-11 20:30:00,,0,logistic_regression,val,5.7741738364579714e-08,0.03604676380522137,0
51,21,2015-10-11 21:30:00,,0,logistic_regression,val,7.909979914822359e-08,0.03604676380522137,0
51,21,2015-10-11 22:30:00,,0,logistic_regression,val,9.983483637875122e-07,0.03604676380522137,0
51,21,2015-10-11 23:30:00,,0,logistic_regression,val,1.309581750185832e-08,0.03604676380522137,0
51,21,2015-10-12 00:30:00,,0,logistic_regression,val,9.07377113546142e-08,0.03604676380522137,0
51,21,2015-10-12 01:30:00,,0,logistic_regression,val,8.180072027698301e-08,0.03604676380522137,0
51,21,2015-10-12 02:30:00,,0,logistic_regression,val,8.62144697250883e-08,0.03604676380522137,0
51,21,2015-10-12 03:30:00,,0,logistic_regression,val,1.539901726975198e-08,0.03604676380522137,0
51,21,2015-10-12 04:30:00,,0,logistic_regression,val,3.633974047194157e-08,0.03604676380522137,0
51,21,2015-10-12 05:30:00,,0,logistic_regression,val,3.78592202393755e-08,0.03604676380522137,0
51,21,2015-10-12 06:30:00,,0,logistic_regression,val,6.97260514616669e-08,0.03604676380522137,0
51,21,2015-10-12 07:30:00,,0,logistic_regression,val,6.737656243263793e-08,0.03604676380522137,0
51,21,2015-10-12 08:30:00,,0,logistic_regression,val,5.2826057198370836e-08,0.03604676380522137,0
51,21,2015-10-12 09:30:00,,0,logistic_regression,val,5.025427416291544e-08,0.03604676380522137,0
51,21,2015-10-12 10:30:00,,0,logistic_regression,val,3.350880885443772e-08,0.03604676380522137,0
51,21,2015-10-12 11:30:00,,0,logistic_regression,val,3.9417120874048686e-08,0.03604676380522137,0
51,21,2015-10-12 12:30:00,,0,logistic_regression,val,5.6929716501649694e-08,0.03604676380522137,0
51,21,2015-10-12 13:30:00,,0,logistic_regression,val,6.774216166763803e-07,0.03604676380522137,0
51,21,2015-10-12 14:30:00,,0,logistic_regression,val,2.610379606978272e-07,0.03604676380522137,0
51,21,2015-10-12 15:30:00,,0,logistic_regression,val,1.2637369633652685e-07,0.03604676380522137,0
51,21,2015-10-12 16:30:00,,0,logistic_regression,val,1.7076875317088113e-07,0.03604676380522137,0
51,21,2015-10-12 17:30:00,,0,logistic_regression,val,1.5154752037170678e-07,0.03604676380522137,0
51,21,2015-10-12 18:30:00,,0,logistic_regression,val,1.0668883822010158e-06,0.03604676380522137,0
51,21,2015-10-12 19:30:00,,0,logistic_regression,val,2.4189121705839373e-07,0.03604676380522137,0
51,21,2015-10-12 20:30:00,,0,logistic_regression,val,1.675097172958809e-07,0.03604676380522137,0
51,21,2015-10-12 21:30:00,,0,logistic_regression,val,9.795336109015427e-06,0.03604676380522137,0
51,21,2015-10-12 22:30:00,,0,logistic_regression,val,7.579788601840573e-06,0.03604676380522137,0
51,21,2015-10-12 23:30:00,,0,logistic_regression,val,1.535135316137519e-05,0.03604676380522137,0
51,21,2015-10-13 00:30:00,,0,logistic_regression,val,7.807621987557206e-06,0.03604676380522137,0
51,21,2015-10-13 01:30:00,,0,logistic_regression,val,1.0430379333384176e-05,0.03604676380522137,0
51,21,2015-10-13 02:30:00,,0,logistic_regression,val,9.140597224222786e-05,0.03604676380522137,0
51,21,2015-10-13 03:30:00,,0,logistic_regression,val,6.233509611214719e-07,0.03604676380522137,0
51,21,2015-10-13 04:30:00,,0,logistic_regression,val,1.3752349033150891e-06,0.03604676380522137,0
51,21,2015-10-13 05:30:00,,0,logistic_regression,val,9.937364122475452e-07,0.03604676380522137,0
51,21,2015-10-13 06:30:00,,0,logistic_regression,val,3.0688199767144095e-07,0.03604676380522137,0
51,21,2015-10-13 07:30:00,,0,logistic_regression,val,7.56474405544498e-07,0.03604676380522137,0
51,21,2015-10-13 08:30:00,,0,logistic_regression,val,6.1328616258120075e-06,0.03604676380522137,0
51,21,2015-10-13 09:30:00,,0,logistic_regression,val,3.0419286832275682e-05,0.03604676380522137,0
51,21,2015-10-13 10:30:00,,0,logistic_regression,val,2.6725863858231224e-05,0.03604676380522137,0
51,21,2015-10-13 11:30:00,,0,logistic_regression,val,0.0001098943862118629,0.03604676380522137,0
51,21,2015-10-13 12:30:00,,0,logistic_regression,val,0.000504458141757845,0.03604676380522137,0
51,21,2015-10-13 13:30:00,,0,logistic_regression,val,0.0006302171936486184,0.03604676380522137,0
51,21,2015-10-13 14:30:00,,0,logistic_regression,val,0.00196782416414007,0.03604676380522137,0
51,21,2015-10-13 15:30:00,,0,logistic_regression,val,0.025527007302644213,0.03604676380522137,0
51,21,2015-10-13 16:30:00,,0,logistic_regression,val,0.006158038641026779,0.03604676380522137,0
51,21,2015-10-13 17:30:00,,0,logistic_regression,val,0.0009578056338809256,0.03604676380522137,0
51,21,2015-10-13 18:30:00,,0,logistic_regression,val,0.00310834710841265,0.03604676380522137,0
51,21,2015-10-13 19:30:00,,0,logistic_regression,val,0.0009111292984622399,0.03604676380522137,0
51,21,2015-10-13 20:30:00,,0,logistic_regression,val,0.00023107266327683542,0.03604676380522137,0
51,21,2015-10-13 21:30:00,,0,logistic_regression,val,8.16843034718133e-05,0.03604676380522137,0
51,21,2015-10-13 22:30:00,,0,logistic_regression,val,0.00010247364600770221,0.03604676380522137,0
51,21,2015-10-13 23:30:00,,0,logistic_regression,val,0.00011650593389431393,0.03604676380522137,0
51,21,2015-10-14 00:30:00,,0,logistic_regression,val,0.00017228960814624506,0.03604676380522137,0
51,21,2015-10-14 01:30:00,,0,logistic_regression,val,0.00010134195550437684,0.03604676380522137,0
51,21,2015-10-14 02:30:00,,0,logistic_regression,val,0.00011515730848766679,0.03604676380522137,0
51,21,2015-10-14 03:30:00,,0,logistic_regression,val,6.93052008623449e-05,0.03604676380522137,0
51,21,2015-10-14 04:30:00,,0,logistic_regression,val,0.0001245877492040658,0.03604676380522137,0
51,21,2015-10-14 05:30:00,,0,logistic_regression,val,0.00011122761251920499,0.03604676380522137,0
51,21,2015-10-14 06:30:00,,0,logistic_regression,val,0.00024101084648868505,0.03604676380522137,0
51,21,2015-10-14 07:30:00,,0,logistic_regression,val,4.224063996877048e-05,0.03604676380522137,0
51,21,2015-10-14 08:30:00,,0,logistic_regression,val,0.00011768630268485689,0.03604676380522137,0
51,21,2015-10-14 09:30:00,,0,logistic_regression,val,0.00015536691738229038,0.03604676380522137,0
51,21,2015-10-14 10:30:00,,0,logistic_regression,val,2.073890467520487e-05,0.03604676380522137,0
51,21,2015-10-14 11:30:00,,0,logistic_regression,val,4.7058623379848984e-05,0.03604676380522137,0
51,21,2015-10-14 12:30:00,,0,logistic_regression,val,0.00026395752337759365,0.03604676380522137,0
51,21,2015-10-14 13:30:00,,0,logistic_regression,val,8.529547754284025e-05,0.03604676380522137,0
51,21,2015-10-14 14:30:00,,0,logistic_regression,val,0.00042471047017618614,0.03604676380522137,0
51,21,2015-10-14 15:30:00,,0,logistic_regression,val,0.014855104457387285,0.03604676380522137,0
51,21,2015-10-14 16:30:00,,0,logistic_regression,val,0.01047085749890364,0.03604676380522137,0
51,21,2015-10-14 17:30:00,,0,logistic_regression,val,0.015994652643995,0.03604676380522137,0
51,21,2015-10-14 18:30:00,,0,logistic_regression,val,0.014800648767756563,0.03604676380522137,0
51,21,2015-10-14 19:30:00,,0,logistic_regression,val,0.11084649212996732,0.03604676380522137,1
51,21,2015-10-14 20:30:00,,0,logistic_regression,val,0.00019461361676800744,0.03604676380522137,0
51,21,2015-10-14 21:30:00,,0,logistic_regression,val,0.0002692051697498574,0.03604676380522137,0
51,21,2015-10-14 22:30:00,,0,logistic_regression,val,0.00046175603304049245,0.03604676380522137,0
51,21,2015-10-14 23:30:00,,0,logistic_regression,val,0.0008368016855845679,0.03604676380522137,0
51,21,2015-10-15 00:30:00,,0,logistic_regression,val,0.0015494383875944322,0.03604676380522137,0
51,21,2015-10-15 01:30:00,,0,logistic_regression,val,0.0008101428008251994,0.03604676380522137,0
51,21,2015-10-15 02:30:00,,0,logistic_regression,val,0.0002383361416998266,0.03604676380522137,0
51,21,2015-10-15 03:30:00,,0,logistic_regression,val,0.0001950947216265581,0.03604676380522137,0
51,21,2015-10-15 04:30:00,,0,logistic_regression,val,0.0016965979065385094,0.03604676380522137,0
51,21,2015-10-15 05:30:00,,0,logistic_regression,val,0.0019470161375918927,0.03604676380522137,0
51,21,2015-10-15 06:30:00,,0,logistic_regression,val,0.0027755822397026128,0.03604676380522137,0
51,21,2015-10-15 07:30:00,,0,logistic_regression,val,0.0021721014596904945,0.03604676380522137,0
51,21,2015-10-15 08:30:00,,0,logistic_regression,val,0.004100922496650462,0.03604676380522137,0
51,21,2015-10-15 09:30:00,,0,logistic_regression,val,0.003254947143248188,0.03604676380522137,0
51,21,2015-10-15 10:30:00,,0,logistic_regression,val,0.001976717836519265,0.03604676380522137,0
51,21,2015-10-15 11:30:00,,0,logistic_regression,val,0.0007419781698927148,0.03604676380522137,0
51,21,2015-10-15 12:30:00,,0,logistic_regression,val,0.0029120085209743646,0.03604676380522137,0
51,21,2015-10-15 13:30:00,,0,logistic_regression,val,0.002597865411933568,0.03604676380522137,0
51,21,2015-10-15 14:30:00,,0,logistic_regression,val,0.003769168156198348,0.03604676380522137,0
51,21,2015-10-15 15:30:00,,0,logistic_regression,val,0.006011739443105563,0.03604676380522137,0
51,21,2015-10-15 16:30:00,,0,logistic_regression,val,0.02184120227172295,0.03604676380522137,0
51,21,2015-10-15 17:30:00,,0,logistic_regression,val,0.028534891589693318,0.03604676380522137,0
51,21,2015-10-15 18:30:00,,0,logistic_regression,val,4.801535977300564e-05,0.03604676380522137,0
51,21,2015-10-15 19:30:00,,0,logistic_regression,val,1.0126209448977675e-06,0.03604676380522137,0
51,21,2015-10-15 20:30:00,,0,logistic_regression,val,1.1696732297164139e-05,0.03604676380522137,0
51,21,2015-10-15 21:30:00,,0,logistic_regression,val,2.6629022249868992e-06,0.03604676380522137,0
51,21,2015-10-15 22:30:00,,0,logistic_regression,val,2.472865084147925e-06,0.03604676380522137,0
51,21,2015-10-15 23:30:00,,0,logistic_regression,val,3.4288808415641076e-06,0.03604676380522137,0
51,21,2015-10-16 00:30:00,,0,logistic_regression,val,2.4783563388691906e-06,0.03604676380522137,0
51,21,2015-10-16 01:30:00,,0,logistic_regression,val,2.955081653883342e-06,0.03604676380522137,0
51,21,2015-10-16 02:30:00,,0,logistic_regression,val,3.062966614469177e-06,0.03604676380522137,0
51,21,2015-10-16 03:30:00,,0,logistic_regression,val,3.1452848064056207e-06,0.03604676380522137,0
51,21,2015-10-16 04:30:00,,0,logistic_regression,val,2.3561885199822682e-07,0.03604676380522137,0
51,21,2015-10-16 05:30:00,,0,logistic_regression,val,5.472376200505667e-07,0.03604676380522137,0
51,21,2015-10-16 06:30:00,,0,logistic_regression,val,1.9769521222447803e-06,0.03604676380522137,0
51,21,2015-10-16 07:30:00,,0,logistic_regression,val,5.041015069800353e-07,0.03604676380522137,0
51,21,2015-10-16 08:30:00,,0,logistic_regression,val,1.2948213245134476e-07,0.03604676380522137,0
51,21,2015-10-16 09:30:00,,0,logistic_regression,val,1.2616137911447937e-07,0.03604676380522137,0
51,21,2015-10-16 10:30:00,,0,logistic_regression,val,4.394368733908241e-08,0.03604676380522137,0
51,21,2015-10-16 11:30:00,,0,logistic_regression,val,3.4347474776572855e-05,0.03604676380522137,0
51,21,2015-10-16 12:30:00,,0,logistic_regression,val,0.0016692250323017423,0.03604676380522137,0
51,21,2015-10-16 13:30:00,,0,logistic_regression,val,0.002269348448459166,0.03604676380522137,0
51,21,2015-10-16 14:30:00,,0,logistic_regression,val,0.0008181324971157909,0.03604676380522137,0
51,21,2015-10-16 15:30:00,,0,logistic_regression,val,0.00012651177608196602,0.03604676380522137,0
51,21,2015-10-16 16:30:00,,0,logistic_regression,val,0.0025037706808074918,0.03604676380522137,0
51,21,2015-10-16 17:30:00,,0,logistic_regression,val,0.001263498407567474,0.03604676380522137,0
51,21,2015-10-16 18:30:00,,0,logistic_regression,val,0.014688126712983732,0.03604676380522137,0
51,21,2015-10-16 19:30:00,,0,logistic_regression,val,0.06523497885798517,0.03604676380522137,1
51,21,2015-10-16 20:30:00,,0,logistic_regression,val,0.003145536747432526,0.03604676380522137,0
51,21,2015-10-16 21:30:00,,0,logistic_regression,val,0.005806527978179334,0.03604676380522137,0
51,21,2015-10-16 22:30:00,,0,logistic_regression,val,0.0448587195373946,0.03604676380522137,1
51,21,2015-10-16 23:30:00,,0,logistic_regression,val,0.015061710371281867,0.03604676380522137,0
51,21,2015-10-17 00:30:00,,0,logistic_regression,val,0.0010955065216119502,0.03604676380522137,0
51,21,2015-10-17 01:30:00,,0,logistic_regression,val,0.0006085577678732366,0.03604676380522137,0
51,21,2015-10-17 02:30:00,,0,logistic_regression,val,0.0008943794644965977,0.03604676380522137,0
51,21,2015-10-17 03:30:00,,0,logistic_regression,val,0.004276886805842265,0.03604676380522137,0
51,21,2015-10-17 04:30:00,,0,logistic_regression,val,0.002045956353334282,0.03604676380522137,0
51,21,2015-10-17 05:30:00,,0,logistic_regression,val,0.0011293356417460395,0.03604676380522137,0
51,21,2015-10-17 06:30:00,,0,logistic_regression,val,0.0016649183918027168,0.03604676380522137,0
51,21,2015-10-17 07:30:00,,0,logistic_regression,val,0.0009536344748849578,0.03604676380522137,0
51,21,2015-10-17 08:30:00,,0,logistic_regression,val,0.00018844869857205537,0.03604676380522137,0
51,21,2015-10-17 09:30:00,,0,logistic_regression,val,0.0009179994051356029,0.03604676380522137,0
51,21,2015-10-17 10:30:00,,0,logistic_regression,val,0.002438649385029913,0.03604676380522137,0
51,21,2015-10-17 11:30:00,,0,logistic_regression,val,2.7868950642945266e-07,0.03604676380522137,0
51,21,2015-10-17 12:30:00,,0,logistic_regression,val,1.4736219856234823e-06,0.03604676380522137,0
51,21,2015-10-17 13:30:00,,0,logistic_regression,val,9.191224144788949e-07,0.03604676380522137,0
51,21,2015-10-17 14:30:00,,0,logistic_regression,val,1.203308828018837e-06,0.03604676380522137,0
51,21,2015-10-17 15:30:00,,0,logistic_regression,val,7.682964494678753e-07,0.03604676380522137,0
51,21,2015-10-17 16:30:00,,0,logistic_regression,val,1.317892778308469e-06,0.03604676380522137,0
51,21,2015-10-17 17:30:00,,0,logistic_regression,val,7.96588214425941e-07,0.03604676380522137,0
51,21,2015-10-17 18:30:00,,0,logistic_regression,val,1.4219554702945982e-08,0.03604676380522137,0
51,21,2015-10-17 19:30:00,,0,logistic_regression,val,6.307351845336195e-09,0.03604676380522137,0
51,21,2015-10-17 20:30:00,,0,logistic_regression,val,3.1938431292311235e-07,0.03604676380522137,0
51,21,2015-10-17 21:30:00,,0,logistic_regression,val,7.228347179852203e-08,0.03604676380522137,0
51,21,2015-10-17 22:30:00,,0,logistic_regression,val,5.644140137151401e-08,0.03604676380522137,0
51,21,2015-10-17 23:30:00,,0,logistic_regression,val,9.490579405815481e-05,0.03604676380522137,0
51,21,2015-10-18 00:30:00,,0,logistic_regression,val,0.0008900185983201099,0.03604676380522137,0
51,21,2015-10-18 01:30:00,,0,logistic_regression,val,0.027861681040514803,0.03604676380522137,0
51,21,2015-10-18 02:30:00,,0,logistic_regression,val,0.002143176475769154,0.03604676380522137,0
51,21,2015-10-18 03:30:00,,0,logistic_regression,val,0.005000495955782828,0.03604676380522137,0
51,21,2015-10-18 04:30:00,,0,logistic_regression,val,0.020665344317101434,0.03604676380522137,0
51,21,2015-10-18 05:30:00,,0,logistic_regression,val,0.0030527914377027907,0.03604676380522137,0
51,21,2015-10-18 06:30:00,,0,logistic_regression,val,0.01603074031833096,0.03604676380522137,0
51,21,2015-10-18 07:30:00,,0,logistic_regression,val,0.008817256025194684,0.03604676380522137,0
51,21,2015-10-18 08:30:00,,0,logistic_regression,val,0.032353434181775345,0.03604676380522137,0
51,21,2015-10-18 09:30:00,,0,logistic_regression,val,0.9941710377684917,0.03604676380522137,1
51,21,2015-10-18 10:30:00,,0,logistic_regression,val,0.9956204724910956,0.03604676380522137,1
51,21,2015-10-18 11:30:00,,0,logistic_regression,val,0.9990547756597551,0.03604676380522137,1
51,21,2015-10-18 12:30:00,,0,logistic_regression,val,0.999476642737877,0.03604676380522137,1
51,21,2015-10-18 13:30:00,,0,logistic_regression,val,0.9964428103677038,0.03604676380522137,1
51,21,2015-10-18 14:30:00,,0,logistic_regression,val,0.9969951312534656,0.03604676380522137,1
51,21,2015-10-18 15:30:00,,0,logistic_regression,val,0.9994515710372791,0.03604676380522137,1
72,21,2021-10-09 08:40:00,168.0,0,logistic_regression,val,0.01730897157841485,0.03604676380522137,0
72,21,2021-10-09 09:40:00,167.0,0,logistic_regression,val,0.000254680769383004,0.03604676380522137,0
72,21,2021-10-09 10:40:00,166.0,0,logistic_regression,val,0.01506359518260494,0.03604676380522137,0
72,21,2021-10-09 11:40:00,165.0,0,logistic_regression,val,0.005183248545710242,0.03604676380522137,0
72,21,2021-10-09 12:40:00,164.0,0,logistic_regression,val,0.0010816130254611448,0.03604676380522137,0
72,21,2021-10-09 13:40:00,163.0,0,logistic_regression,val,0.005633429325249451,0.03604676380522137,0
72,21,2021-10-09 14:40:00,162.0,0,logistic_regression,val,0.004968221586892944,0.03604676380522137,0
72,21,2021-10-09 15:40:00,161.0,0,logistic_regression,val,1.1957079136186102e-05,0.03604676380522137,0
72,21,2021-10-09 16:40:00,160.0,0,logistic_regression,val,7.217454544904594e-06,0.03604676380522137,0
72,21,2021-10-09 17:40:00,159.0,0,logistic_regression,val,1.4458223084986881e-06,0.03604676380522137,0
72,21,2021-10-09 18:40:00,158.0,0,logistic_regression,val,6.553434415428963e-07,0.03604676380522137,0
72,21,2021-10-09 19:40:00,157.0,0,logistic_regression,val,2.939402310997221e-07,0.03604676380522137,0
72,21,2021-10-09 20:40:00,156.0,0,logistic_regression,val,8.249105381448727e-08,0.03604676380522137,0
72,21,2021-10-09 21:40:00,155.0,0,logistic_regression,val,8.961166409450625e-08,0.03604676380522137,0
72,21,2021-10-09 22:40:00,154.0,0,logistic_regression,val,8.048444132126065e-07,0.03604676380522137,0
72,21,2021-10-09 23:40:00,153.0,0,logistic_regression,val,1.7357934430368465e-09,0.03604676380522137,0
72,21,2021-10-10 00:40:00,152.0,0,logistic_regression,val,1.0128646321922439e-07,0.03604676380522137,0
72,21,2021-10-10 01:40:00,151.0,0,logistic_regression,val,2.0620871259818462e-07,0.03604676380522137,0
72,21,2021-10-10 02:40:00,150.0,0,logistic_regression,val,2.8788949819428267e-08,0.03604676380522137,0
72,21,2021-10-10 03:40:00,149.0,0,logistic_regression,val,5.532495307649369e-08,0.03604676380522137,0
72,21,2021-10-10 04:40:00,148.0,0,logistic_regression,val,1.982897399240564e-08,0.03604676380522137,0
72,21,2021-10-10 05:40:00,147.0,0,logistic_regression,val,6.727116990463858e-08,0.03604676380522137,0
72,21,2021-10-10 06:40:00,146.0,0,logistic_regression,val,1.9683756394496164e-07,0.03604676380522137,0
72,21,2021-10-10 07:40:00,145.0,0,logistic_regression,val,4.8930543590975304e-08,0.03604676380522137,0
72,21,2021-10-10 08:40:00,144.0,0,logistic_regression,val,4.5297796272798655e-08,0.03604676380522137,0
72,21,2021-10-10 09:40:00,143.0,0,logistic_regression,val,4.751870043677914e-08,0.03604676380522137,0
72,21,2021-10-10 10:40:00,142.0,0,logistic_regression,val,3.031449731893584e-08,0.03604676380522137,0
72,21,2021-10-10 11:40:00,141.0,0,logistic_regression,val,4.562384823944347e-08,0.03604676380522137,0
72,21,2021-10-10 12:40:00,140.0,0,logistic_regression,val,1.125541906732924e-07,0.03604676380522137,0
72,21,2021-10-10 13:40:00,139.0,0,logistic_regression,val,6.367074229782086e-07,0.03604676380522137,0
72,21,2021-10-10 14:40:00,138.0,0,logistic_regression,val,2.3673890420574804e-07,0.03604676380522137,0
72,21,2021-10-10 15:40:00,137.0,0,logistic_regression,val,8.091359726599675e-08,0.03604676380522137,0
72,21,2021-10-10 16:40:00,136.0,0,logistic_regression,val,1.7251263427948117e-07,0.03604676380522137,0
72,21,2021-10-10 17:40:00,135.0,0,logistic_regression,val,1.3618065944157797e-07,0.03604676380522137,0
72,21,2021-10-10 18:40:00,134.0,0,logistic_regression,val,4.3362323883750603e-07,0.03604676380522137,0
72,21,2021-10-10 19:40:00,133.0,0,logistic_regression,val,6.91851476869638e-07,0.03604676380522137,0
72,21,2021-10-10 20:40:00,132.0,0,logistic_regression,val,2.8474053872210076e-07,0.03604676380522137,0
72,21,2021-10-10 21:40:00,131.0,0,logistic_regression,val,8.334087639159195e-06,0.03604676380522137,0
72,21,2021-10-10 22:40:00,130.0,0,logistic_regression,val,8.091967549247835e-06,0.03604676380522137,0
72,21,2021-10-10 23:40:00,129.0,0,logistic_regression,val,1.1869166685534796e-05,0.03604676380522137,0
72,21,2021-10-11 00:40:00,128.0,0,logistic_regression,val,6.511682164533542e-06,0.03604676380522137,0
72,21,2021-10-11 01:40:00,127.0,0,logistic_regression,val,1.2101757726622171e-05,0.03604676380522137,0
72,21,2021-10-11 02:40:00,126.0,0,logistic_regression,val,0.00011637718012066674,0.03604676380522137,0
72,21,2021-10-11 03:40:00,125.0,0,logistic_regression,val,4.528611349858804e-07,0.03604676380522137,0
72,21,2021-10-11 04:40:00,124.0,0,logistic_regression,val,1.3397445640844616e-06,0.03604676380522137,0
72,21,2021-10-11 05:40:00,123.0,0,logistic_regression,val,9.455520771524884e-07,0.03604676380522137,0
72,21,2021-10-11 06:40:00,122.0,0,logistic_regression,val,7.392600961813648e-07,0.03604676380522137,0
72,21,2021-10-11 07:40:00,121.0,0,logistic_regression,val,1.2981241319389365e-06,0.03604676380522137,0
72,21,2021-10-11 08:40:00,120.0,0,logistic_regression,val,8.963484155347109e-06,0.03604676380522137,0
72,21,2021-10-11 09:40:00,119.0,0,logistic_regression,val,4.380267189984529e-05,0.03604676380522137,0
72,21,2021-10-11 10:40:00,118.0,0,logistic_regression,val,5.342543800415904e-05,0.03604676380522137,0
72,21,2021-10-11 11:40:00,117.0,0,logistic_regression,val,0.00016055514712902386,0.03604676380522137,0
72,21,2021-10-11 12:40:00,116.0,0,logistic_regression,val,0.00060419987640958,0.03604676380522137,0
72,21,2021-10-11 13:40:00,115.0,0,logistic_regression,val,0.0005610259966818017,0.03604676380522137,0
72,21,2021-10-11 14:40:00,114.0,0,logistic_regression,val,0.002532172525657156,0.03604676380522137,0
72,21,2021-10-11 15:40:00,113.0,0,logistic_regression,val,0.00713487642593654,0.03604676380522137,0
72,21,2021-10-11 16:40:00,112.0,0,logistic_regression,val,0.002865967588639425,0.03604676380522137,0
72,21,2021-10-11 17:40:00,111.0,0,logistic_regression,val,0.0009638234607957492,0.03604676380522137,0
72,21,2021-10-11 18:40:00,110.0,0,logistic_regression,val,0.0057491919392056905,0.03604676380522137,0
72,21,2021-10-11 19:40:00,109.0,0,logistic_regression,val,0.0008135954201339383,0.03604676380522137,0
72,21,2021-10-11 20:40:00,108.0,0,logistic_regression,val,0.00023663267337944475,0.03604676380522137,0
72,21,2021-10-11 21:40:00,107.0,0,logistic_regression,val,0.00017189679794484745,0.03604676380522137,0
72,21,2021-10-11 22:40:00,106.0,0,logistic_regression,val,8.64919741028182e-05,0.03604676380522137,0
72,21,2021-10-11 23:40:00,105.0,0,logistic_regression,val,0.00011841955392531095,0.03604676380522137,0
72,21,2021-10-12 00:40:00,104.0,0,logistic_regression,val,0.00010261961158768033,0.03604676380522137,0
72,21,2021-10-12 01:40:00,103.0,0,logistic_regression,val,0.00012717139987183454,0.03604676380522137,0
72,21,2021-10-12 02:40:00,102.0,0,logistic_regression,val,0.0001608619852138361,0.03604676380522137,0
72,21,2021-10-12 03:40:00,101.0,0,logistic_regression,val,0.00018182706823921242,0.03604676380522137,0
72,21,2021-10-12 04:40:00,100.0,0,logistic_regression,val,0.00010649078781553861,0.03604676380522137,0
72,21,2021-10-12 05:40:00,99.0,0,logistic_regression,val,0.00014601275203377637,0.03604676380522137,0
72,21,2021-10-12 06:40:00,98.0,0,logistic_regression,val,9.904129635842554e-05,0.03604676380522137,0
72,21,2021-10-12 07:40:00,97.0,0,logistic_regression,val,5.3629838960193415e-05,0.03604676380522137,0
72,21,2021-10-12 08:40:00,96.0,0,logistic_regression,val,0.00010182001399378323,0.03604676380522137,0
72,21,2021-10-12 09:40:00,95.0,0,logistic_regression,val,8.836801095464625e-05,0.03604676380522137,0
72,21,2021-10-12 10:40:00,94.0,0,logistic_regression,val,0.00012132046663056838,0.03604676380522137,0
72,21,2021-10-12 11:40:00,93.0,0,logistic_regression,val,6.070085153505935e-05,0.03604676380522137,0
72,21,2021-10-12 12:40:00,92.0,0,logistic_regression,val,0.0002824073278647263,0.03604676380522137,0
72,21,2021-10-12 13:40:00,91.0,0,logistic_regression,val,0.00023246336750238538,0.03604676380522137,0
72,21,2021-10-12 14:40:00,90.0,0,logistic_regression,val,0.000621236623994986,0.03604676380522137,0
72,21,2021-10-12 15:40:00,89.0,0,logistic_regression,val,0.02780564147785907,0.03604676380522137,0
72,21,2021-10-12 16:40:00,88.0,0,logistic_regression,val,0.00799606465480515,0.03604676380522137,0
72,21,2021-10-12 17:40:00,87.0,0,logistic_regression,val,0.01425141526040827,0.03604676380522137,0
72,21,2021-10-12 18:40:00,86.0,0,logistic_regression,val,0.015980498746344662,0.03604676380522137,0
72,21,2021-10-12 19:40:00,85.0,0,logistic_regression,val,0.06166081729481617,0.03604676380522137,1
72,21,2021-10-12 20:40:00,84.0,0,logistic_regression,val,0.00015993451271211208,0.03604676380522137,0
72,21,2021-10-12 21:40:00,83.0,0,logistic_regression,val,0.0002357829303290745,0.03604676380522137,0
72,21,2021-10-12 22:40:00,82.0,0,logistic_regression,val,0.0006992658686802898,0.03604676380522137,0
72,21,2021-10-12 23:40:00,81.0,0,logistic_regression,val,0.0009463290338985982,0.03604676380522137,0
72,21,2021-10-13 00:40:00,80.0,0,logistic_regression,val,0.001332686115874119,0.03604676380522137,0
72,21,2021-10-13 01:40:00,79.0,0,logistic_regression,val,0.0006270144366415245,0.03604676380522137,0
72,21,2021-10-13 02:40:00,78.0,0,logistic_regression,val,0.00019200016106000762,0.03604676380522137,0
72,21,2021-10-13 03:40:00,77.0,0,logistic_regression,val,0.0001605962255142658,0.03604676380522137,0
72,21,2021-10-13 04:40:00,76.0,0,logistic_regression,val,0.002175105693509813,0.03604676380522137,0
72,21,2021-10-13 05:40:00,75.0,0,logistic_regression,val,0.0010089657434866994,0.03604676380522137,0
72,21,2021-10-13 06:40:00,74.0,0,logistic_regression,val,0.003541819344107435,0.03604676380522137,0
72,21,2021-10-13 07:40:00,73.0,0,logistic_regression,val,0.001529216956392583,0.03604676380522137,0
72,21,2021-10-13 08:40:00,72.0,0,logistic_regression,val,0.0036807916750128747,0.03604676380522137,0
72,21,2021-10-13 09:40:00,71.0,0,logistic_regression,val,0.0038893064423221584,0.03604676380522137,0
72,21,2021-10-13 10:40:00,70.0,0,logistic_regression,val,0.004561952399703722,0.03604676380522137,0
72,21,2021-10-13 11:40:00,69.0,0,logistic_regression,val,0.0005454537153881117,0.03604676380522137,0
72,21,2021-10-13 12:40:00,68.0,0,logistic_regression,val,0.0014658332774080225,0.03604676380522137,0
72,21,2021-10-13 13:40:00,67.0,0,logistic_regression,val,0.0016431028409471954,0.03604676380522137,0
72,21,2021-10-13 14:40:00,66.0,0,logistic_regression,val,0.004176050191543007,0.03604676380522137,0
72,21,2021-10-13 15:40:00,65.0,0,logistic_regression,val,0.01484074146840677,0.03604676380522137,0
72,21,2021-10-13 16:40:00,64.0,0,logistic_regression,val,0.014346728149225099,0.03604676380522137,0
72,21,2021-10-13 17:40:00,63.0,0,logistic_regression,val,0.019016690658413184,0.03604676380522137,0
72,21,2021-10-13 18:40:00,62.0,0,logistic_regression,val,0.00012155327581014217,0.03604676380522137,0
72,21,2021-10-13 19:40:00,61.0,0,logistic_regression,val,1.9078794452105964e-06,0.03604676380522137,0
72,21,2021-10-13 20:40:00,60.0,0,logistic_regression,val,1.2413568836806607e-05,0.03604676380522137,0
72,21,2021-10-13 21:40:00,59.0,0,logistic_regression,val,9.874438816263016e-06,0.03604676380522137,0
72,21,2021-10-13 22:40:00,58.0,0,logistic_regression,val,6.013392530666909e-06,0.03604676380522137,0
72,21,2021-10-13 23:40:00,57.0,0,logistic_regression,val,4.487871753070943e-06,0.03604676380522137,0
72,21,2021-10-14 00:40:00,56.0,0,logistic_regression,val,1.4295811598280488e-06,0.03604676380522137,0
72,21,2021-10-14 01:40:00,55.0,0,logistic_regression,val,3.043986377635766e-06,0.03604676380522137,0
72,21,2021-10-14 02:40:00,54.0,0,logistic_regression,val,5.622871697818449e-06,0.03604676380522137,0
72,21,2021-10-14 03:40:00,53.0,0,logistic_regression,val,1.4122695778341346e-06,0.03604676380522137,0
72,21,2021-10-14 04:40:00,52.0,0,logistic_regression,val,1.7865996945084552e-07,0.03604676380522137,0
72,21,2021-10-14 05:40:00,51.0,0,logistic_regression,val,5.731321229063947e-07,0.03604676380522137,0
72,21,2021-10-14 06:40:00,50.0,0,logistic_regression,val,2.212395984316797e-06,0.03604676380522137,0
72,21,2021-10-14 07:40:00,49.0,0,logistic_regression,val,2.4368166948216333e-07,0.03604676380522137,0
72,21,2021-10-14 08:40:00,48.0,1,logistic_regression,val,7.781486056440311e-08,0.03604676380522137,0
72,21,2021-10-14 09:40:00,47.0,1,logistic_regression,val,1.2471004425858763e-07,0.03604676380522137,0
72,21,2021-10-14 10:40:00,46.0,1,logistic_regression,val,1.3467462422345198e-08,0.03604676380522137,0
72,21,2021-10-14 11:40:00,45.0,1,logistic_regression,val,4.342920231081888e-05,0.03604676380522137,0
72,21,2021-10-14 12:40:00,44.0,1,logistic_regression,val,0.0014873994617076354,0.03604676380522137,0
72,21,2021-10-14 13:40:00,43.0,1,logistic_regression,val,0.0021340911445981766,0.03604676380522137,0
72,21,2021-10-14 14:40:00,42.0,1,logistic_regression,val,0.000773055392575562,0.03604676380522137,0
72,21,2021-10-14 15:40:00,41.0,1,logistic_regression,val,0.0001703259670696909,0.03604676380522137,0
72,21,2021-10-14 16:40:00,40.0,1,logistic_regression,val,0.002199941529798036,0.03604676380522137,0
72,21,2021-10-14 17:40:00,39.0,1,logistic_regression,val,0.0017440006084118705,0.03604676380522137,0
72,21,2021-10-14 18:40:00,38.0,1,logistic_regression,val,0.016079907530283773,0.03604676380522137,0
72,21,2021-10-14 19:40:00,37.0,1,logistic_regression,val,0.03604676380522137,0.03604676380522137,1
72,21,2021-10-14 20:40:00,36.0,1,logistic_regression,val,0.003472921032033923,0.03604676380522137,0
72,21,2021-10-14 21:40:00,35.0,1,logistic_regression,val,0.023031575065863567,0.03604676380522137,0
72,21,2021-10-14 22:40:00,34.0,1,logistic_regression,val,0.04348046096567961,0.03604676380522137,1
72,21,2021-10-14 23:40:00,33.0,1,logistic_regression,val,0.013409381929602822,0.03604676380522137,0
72,21,2021-10-15 00:40:00,32.0,1,logistic_regression,val,0.0010176973313193976,0.03604676380522137,0
72,21,2021-10-15 01:40:00,31.0,1,logistic_regression,val,0.00047714567830240486,0.03604676380522137,0
72,21,2021-10-15 02:40:00,30.0,1,logistic_regression,val,0.0018261195952124045,0.03604676380522137,0
72,21,2021-10-15 03:40:00,29.0,1,logistic_regression,val,0.0027537500722314093,0.03604676380522137,0
72,21,2021-10-15 04:40:00,28.0,1,logistic_regression,val,0.000944932610821523,0.03604676380522137,0
72,21,2021-10-15 05:40:00,27.0,1,logistic_regression,val,0.002369573808518574,0.03604676380522137,0
72,21,2021-10-15 06:40:00,26.0,1,logistic_regression,val,0.0008987962836412724,0.03604676380522137,0
72,21,2021-10-15 07:40:00,25.0,1,logistic_regression,val,0.002758593214872927,0.03604676380522137,0
72,21,2021-10-15 08:40:00,24.0,1,logistic_regression,val,0.0004134134820502665,0.03604676380522137,0
72,21,2021-10-15 09:40:00,23.0,1,logistic_regression,val,0.0010016725083520947,0.03604676380522137,0
72,21,2021-10-15 10:40:00,22.0,1,logistic_regression,val,0.00010991409553085474,0.03604676380522137,0
72,21,2021-10-15 11:40:00,21.0,1,logistic_regression,val,5.089314166115189e-07,0.03604676380522137,0
72,21,2021-10-15 12:40:00,20.0,1,logistic_regression,val,1.0895559061029863e-06,0.03604676380522137,0
72,21,2021-10-15 13:40:00,19.0,1,logistic_regression,val,1.0621888656265697e-06,0.03604676380522137,0
72,21,2021-10-15 14:40:00,18.0,1,logistic_regression,val,1.1063237209293308e-06,0.03604676380522137,0
72,21,2021-10-15 15:40:00,17.0,1,logistic_regression,val,1.4698364883848898e-06,0.03604676380522137,0
72,21,2021-10-15 16:40:00,16.0,1,logistic_regression,val,7.426980385110865e-07,0.03604676380522137,0
72,21,2021-10-15 17:40:00,15.0,1,logistic_regression,val,9.987307033408934e-07,0.03604676380522137,0
72,21,2021-10-15 18:40:00,14.0,1,logistic_regression,val,3.026270287991212e-08,0.03604676380522137,0
72,21,2021-10-15 19:40:00,13.0,1,logistic_regression,val,7.716092658090386e-09,0.03604676380522137,0
72,21,2021-10-15 20:40:00,12.0,1,logistic_regression,val,8.272583968528148e-07,0.03604676380522137,0
72,21,2021-10-15 21:40:00,11.0,1,logistic_regression,val,1.980655372347819e-07,0.03604676380522137,0
72,21,2021-10-15 22:40:00,10.0,1,logistic_regression,val,1.247072759155169e-07,0.03604676380522137,0
72,21,2021-10-15 23:40:00,9.0,1,logistic_regression,val,0.00011349742840501985,0.03604676380522137,0
72,21,2021-10-16 00:40:00,8.0,1,logistic_regression,val,0.0005352136542378003,0.03604676380522137,0
72,21,2021-10-16 01:40:00,7.0,1,logistic_regression,val,0.031044033643215528,0.03604676380522137,0
72,21,2021-10-16 02:40:00,6.0,1,logistic_regression,val,0.0025133902522332533,0.03604676380522137,0
72,21,2021-10-16 03:40:00,5.0,1,logistic_regression,val,0.003679365081885454,0.03604676380522137,0
72,21,2021-10-16 04:40:00,4.0,1,logistic_regression,val,0.008662852835105806,0.03604676380522137,0
72,21,2021-10-16 05:40:00,3.0,1,logistic_regression,val,0.002509176633962334,0.03604676380522137,0
72,21,2021-10-16 06:40:00,2.0,1,logistic_regression,val,0.02013461794894732,0.03604676380522137,0
72,21,2021-10-16 07:40:00,1.0,1,logistic_regression,val,0.010472882169095034,0.03604676380522137,0
14,13,2022-03-04 14:00:00,,0,logistic_regression,test,0.0002720942855431708,0.03604676380522137,0
14,13,2022-03-04 15:00:00,,0,logistic_regression,test,0.00024690011531456615,0.03604676380522137,0
14,13,2022-03-04 16:00:00,,0,logistic_regression,test,0.0016273337440687612,0.03604676380522137,0
14,13,2022-03-04 17:00:00,,0,logistic_regression,test,0.01095929672716544,0.03604676380522137,0
14,13,2022-03-04 18:00:00,,0,logistic_regression,test,0.03657902988908877,0.03604676380522137,1
14,13,2022-03-04 19:00:00,,0,logistic_regression,test,0.007742341126298409,0.03604676380522137,0
14,13,2022-03-04 20:00:00,,0,logistic_regression,test,0.002180665445670397,0.03604676380522137,0
14,13,2022-03-04 21:00:00,,0,logistic_regression,test,0.0022364415810790447,0.03604676380522137,0
14,13,2022-03-04 22:00:00,,0,logistic_regression,test,0.0001698005923064879,0.03604676380522137,0
14,13,2022-03-04 23:00:00,,0,logistic_regression,test,0.00010965854394433516,0.03604676380522137,0
14,13,2022-03-05 00:00:00,,0,logistic_regression,test,8.541260329641645e-05,0.03604676380522137,0
14,13,2022-03-05 01:00:00,,0,logistic_regression,test,1.4157278426007642e-05,0.03604676380522137,0
14,13,2022-03-05 02:00:00,,0,logistic_regression,test,5.6734226684447515e-05,0.03604676380522137,0
14,13,2022-03-05 03:00:00,,0,logistic_regression,test,4.0135620628769616e-05,0.03604676380522137,0
14,13,2022-03-05 04:00:00,,0,logistic_regression,test,7.934173013203473e-05,0.03604676380522137,0
14,13,2022-03-05 05:00:00,,0,logistic_regression,test,4.695146622519742e-05,0.03604676380522137,0
14,13,2022-03-05 06:00:00,,0,logistic_regression,test,3.556556046467009e-05,0.03604676380522137,0
14,13,2022-03-05 07:00:00,,0,logistic_regression,test,5.192658047795713e-06,0.03604676380522137,0
14,13,2022-03-05 08:00:00,,0,logistic_regression,test,1.0841543781331946e-05,0.03604676380522137,0
14,13,2022-03-05 09:00:00,,0,logistic_regression,test,9.569810352871993e-06,0.03604676380522137,0
14,13,2022-03-05 10:00:00,,0,logistic_regression,test,1.588823689495618e-05,0.03604676380522137,0
14,13,2022-03-05 11:00:00,,0,logistic_regression,test,6.186305191858521e-05,0.03604676380522137,0
14,13,2022-03-05 12:00:00,,0,logistic_regression,test,1.2128084342993655e-05,0.03604676380522137,0
14,13,2022-03-05 13:00:00,,0,logistic_regression,test,8.146796715867472e-06,0.03604676380522137,0
14,13,2022-03-05 14:00:00,,0,logistic_regression,test,4.10863537139739e-06,0.03604676380522137,0
14,13,2022-03-05 15:00:00,,0,logistic_regression,test,1.1812159602358846e-06,0.03604676380522137,0
14,13,2022-03-05 16:00:00,,0,logistic_regression,test,5.831532701517221e-07,0.03604676380522137,0
14,13,2022-03-05 17:00:00,,0,logistic_regression,test,7.915084724426304e-07,0.03604676380522137,0
14,13,2022-03-05 18:00:00,,0,logistic_regression,test,4.0957538885118647e-07,0.03604676380522137,0
14,13,2022-03-05 19:00:00,,0,logistic_regression,test,9.30425337101923e-07,0.03604676380522137,0
14,13,2022-03-05 20:00:00,,0,logistic_regression,test,4.7565628786080596e-07,0.03604676380522137,0
14,13,2022-03-05 21:00:00,,0,logistic_regression,test,1.1962336175802692e-06,0.03604676380522137,0
14,13,2022-03-05 22:00:00,,0,logistic_regression,test,4.376402451115131e-07,0.03604676380522137,0
14,13,2022-03-05 23:00:00,,0,logistic_regression,test,2.7410430523154434e-07,0.03604676380522137,0
14,13,2022-03-06 00:00:00,,0,logistic_regression,test,2.0772288576117596e-07,0.03604676380522137,0
14,13,2022-03-06 01:00:00,,0,logistic_regression,test,2.7147348270697156e-07,0.03604676380522137,0
14,13,2022-03-06 02:00:00,,0,logistic_regression,test,1.3238536497275336e-07,0.03604676380522137,0
14,13,2022-03-06 03:00:00,,0,logistic_regression,test,2.6644719469786694e-07,0.03604676380522137,0
14,13,2022-03-06 04:00:00,,0,logistic_regression,test,7.512472851140871e-08,0.03604676380522137,0
14,13,2022-03-06 05:00:00,,0,logistic_regression,test,8.07891951612568e-08,0.03604676380522137,0
14,13,2022-03-06 06:00:00,,0,logistic_regression,test,5.117566119750191e-08,0.03604676380522137,0
14,13,2022-03-06 07:00:00,,0,logistic_regression,test,2.8613943556331927e-07,0.03604676380522137,0
14,13,2022-03-06 08:00:00,,0,logistic_regression,test,1.1761403609913094e-08,0.03604676380522137,0
14,13,2022-03-06 09:00:00,,0,logistic_regression,test,5.617055326625284e-09,0.03604676380522137,0
14,13,2022-03-06 10:00:00,,0,logistic_regression,test,1.0841204030233044e-08,0.03604676380522137,0
14,13,2022-03-06 11:00:00,,0,logistic_regression,test,3.818694497574464e-08,0.03604676380522137,0
14,13,2022-03-06 12:00:00,,0,logistic_regression,test,5.51624003465903e-09,0.03604676380522137,0
14,13,2022-03-06 13:00:00,,0,logistic_regression,test,8.748560891052908e-08,0.03604676380522137,0
14,13,2022-03-06 14:00:00,,0,logistic_regression,test,1.0942905353665571e-07,0.03604676380522137,0
14,13,2022-03-06 15:00:00,,0,logistic_regression,test,5.307748912736652e-07,0.03604676380522137,0
14,13,2022-03-06 16:00:00,,0,logistic_regression,test,1.870913758973767e-07,0.03604676380522137,0
14,13,2022-03-06 17:00:00,,0,logistic_regression,test,1.5549192992361813e-07,0.03604676380522137,0
14,13,2022-03-06 18:00:00,,0,logistic_regression,test,1.68669015344337e-07,0.03604676380522137,0
14,13,2022-03-06 19:00:00,,0,logistic_regression,test,7.722496437824564e-08,0.03604676380522137,0
14,13,2022-03-06 20:00:00,,0,logistic_regression,test,4.658161898170832e-07,0.03604676380522137,0
14,13,2022-03-06 21:00:00,,0,logistic_regression,test,9.541612878310687e-07,0.03604676380522137,0
14,13,2022-03-06 22:00:00,,0,logistic_regression,test,2.3194081103822968e-08,0.03604676380522137,0
14,13,2022-03-06 23:00:00,,0,logistic_regression,test,7.437423464585797e-09,0.03604676380522137,0
14,13,2022-03-07 00:00:00,,0,logistic_regression,test,7.102813847799032e-07,0.03604676380522137,0
14,13,2022-03-07 01:00:00,,0,logistic_regression,test,1.0123155867749644e-06,0.03604676380522137,0
14,13,2022-03-07 02:00:00,,0,logistic_regression,test,2.7015295942416356e-07,0.03604676380522137,0
14,13,2022-03-07 03:00:00,,0,logistic_regression,test,3.109328530161258e-08,0.03604676380522137,0
14,13,2022-03-07 04:00:00,,0,logistic_regression,test,4.370618439303769e-08,0.03604676380522137,0
14,13,2022-03-07 05:00:00,,0,logistic_regression,test,3.911539033092533e-08,0.03604676380522137,0
14,13,2022-03-07 06:00:00,,0,logistic_regression,test,2.359032548841456e-08,0.03604676380522137,0
14,13,2022-03-07 07:00:00,,0,logistic_regression,test,5.71633421795037e-09,0.03604676380522137,0
14,13,2022-03-07 08:00:00,,0,logistic_regression,test,1.6872871957080785e-08,0.03604676380522137,0
14,13,2022-03-07 09:00:00,,0,logistic_regression,test,7.951255892451918e-08,0.03604676380522137,0
14,13,2022-03-07 10:00:00,,0,logistic_regression,test,5.570189975674648e-07,0.03604676380522137,0
14,13,2022-03-07 11:00:00,,0,logistic_regression,test,1.7386301123038548e-06,0.03604676380522137,0
14,13,2022-03-07 12:00:00,,0,logistic_regression,test,8.936273700462765e-06,0.03604676380522137,0
14,13,2022-03-07 13:00:00,,0,logistic_regression,test,3.2534308425525436e-06,0.03604676380522137,0
14,13,2022-03-07 14:00:00,,0,logistic_regression,test,4.6204877920789975e-06,0.03604676380522137,0
14,13,2022-03-07 15:00:00,,0,logistic_regression,test,1.6367758816943093e-06,0.03604676380522137,0
14,13,2022-03-07 16:00:00,,0,logistic_regression,test,1.2676802818917812e-05,0.03604676380522137,0
14,13,2022-03-07 17:00:00,,0,logistic_regression,test,4.237249165204965e-06,0.03604676380522137,0
14,13,2022-03-07 18:00:00,,0,logistic_regression,test,3.437590747835616e-06,0.03604676380522137,0
14,13,2022-03-07 19:00:00,,0,logistic_regression,test,1.958117215075114e-05,0.03604676380522137,0
14,13,2022-03-07 20:00:00,,0,logistic_regression,test,0.00022444290436997216,0.03604676380522137,0
14,13,2022-03-07 21:00:00,,0,logistic_regression,test,0.0005414090407058586,0.03604676380522137,0
14,13,2022-03-07 22:00:00,,0,logistic_regression,test,0.0007944962687499574,0.03604676380522137,0
14,13,2022-03-07 23:00:00,,0,logistic_regression,test,0.0011538373728640253,0.03604676380522137,0
14,13,2022-03-08 00:00:00,,0,logistic_regression,test,0.00017970570287609744,0.03604676380522137,0
14,13,2022-03-08 01:00:00,,0,logistic_regression,test,5.744011724165035e-05,0.03604676380522137,0
14,13,2022-03-08 02:00:00,,0,logistic_regression,test,3.829592321524544e-08,0.03604676380522137,0
14,13,2022-03-08 03:00:00,,0,logistic_regression,test,1.0087689774615698e-06,0.03604676380522137,0
14,13,2022-03-08 04:00:00,,0,logistic_regression,test,4.785073995917741e-06,0.03604676380522137,0
14,13,2022-03-08 05:00:00,,0,logistic_regression,test,2.8588889437865083e-06,0.03604676380522137,0
14,13,2022-03-08 06:00:00,,0,logistic_regression,test,6.142425579356005e-07,0.03604676380522137,0
14,13,2022-03-08 07:00:00,,0,logistic_regression,test,5.767901232935879e-07,0.03604676380522137,0
14,13,2022-03-08 08:00:00,,0,logistic_regression,test,4.598914129713774e-07,0.03604676380522137,0
14,13,2022-03-08 09:00:00,,0,logistic_regression,test,2.1389504865845608e-07,0.03604676380522137,0
14,13,2022-03-08 10:00:00,,0,logistic_regression,test,7.093162212636305e-07,0.03604676380522137,0
14,13,2022-03-08 11:00:00,,0,logistic_regression,test,8.952088288654728e-07,0.03604676380522137,0
14,13,2022-03-08 12:00:00,,0,logistic_regression,test,4.7486074200819724e-06,0.03604676380522137,0
14,13,2022-03-08 13:00:00,,0,logistic_regression,test,5.021028212551502e-06,0.03604676380522137,0
14,13,2022-03-08 14:00:00,,0,logistic_regression,test,2.868200999992993e-05,0.03604676380522137,0
14,13,2022-03-08 15:00:00,,0,logistic_regression,test,1.2291857667616879e-05,0.03604676380522137,0
14,13,2022-03-08 16:00:00,,0,logistic_regression,test,1.0950036617600098e-05,0.03604676380522137,0
14,13,2022-03-08 17:00:00,,0,logistic_regression,test,5.738820359201607e-06,0.03604676380522137,0
14,13,2022-03-08 18:00:00,,0,logistic_regression,test,1.9308428284389877e-06,0.03604676380522137,0
14,13,2022-03-08 19:00:00,,0,logistic_regression,test,9.516923680804649e-07,0.03604676380522137,0
14,13,2022-03-08 20:00:00,,0,logistic_regression,test,4.914194748240493e-07,0.03604676380522137,0
14,13,2022-03-08 21:00:00,,0,logistic_regression,test,5.285468621260899e-06,0.03604676380522137,0
14,13,2022-03-08 22:00:00,,0,logistic_regression,test,4.780922065318086e-06,0.03604676380522137,0
14,13,2022-03-08 23:00:00,,0,logistic_regression,test,3.0185454301673803e-06,0.03604676380522137,0
14,13,2022-03-09 00:00:00,,0,logistic_regression,test,6.921926941755724e-06,0.03604676380522137,0
14,13,2022-03-09 01:00:00,,0,logistic_regression,test,4.843630237517143e-07,0.03604676380522137,0
14,13,2022-03-09 02:00:00,,0,logistic_regression,test,5.444711659888747e-06,0.03604676380522137,0
14,13,2022-03-09 03:00:00,,0,logistic_regression,test,9.81769912029925e-06,0.03604676380522137,0
14,13,2022-03-09 04:00:00,,0,logistic_regression,test,6.048508989404165e-06,0.03604676380522137,0
14,13,2022-03-09 05:00:00,,0,logistic_regression,test,3.3368642125143336e-06,0.03604676380522137,0
14,13,2022-03-09 06:00:00,,0,logistic_regression,test,6.0346810048675965e-06,0.03604676380522137,0
14,13,2022-03-09 07:00:00,,0,logistic_regression,test,4.0451725561755414e-06,0.03604676380522137,0
14,13,2022-03-09 08:00:00,,0,logistic_regression,test,7.852976452704004e-07,0.03604676380522137,0
14,13,2022-03-09 09:00:00,,0,logistic_regression,test,5.274078308170535e-07,0.03604676380522137,0
14,13,2022-03-09 10:00:00,,0,logistic_regression,test,5.930036106355178e-07,0.03604676380522137,0
14,13,2022-03-09 11:00:00,,0,logistic_regression,test,1.6635702287450266e-07,0.03604676380522137,0
14,13,2022-03-09 12:00:00,,0,logistic_regression,test,1.6356862951701346e-08,0.03604676380522137,0
14,13,2022-03-09 13:00:00,,0,logistic_regression,test,5.774644610594376e-08,0.03604676380522137,0
14,13,2022-03-09 14:00:00,,0,logistic_regression,test,8.962789603456317e-08,0.03604676380522137,0
14,13,2022-03-09 15:00:00,,0,logistic_regression,test,8.362153682892046e-08,0.03604676380522137,0
14,13,2022-03-09 16:00:00,,0,logistic_regression,test,2.0905725231524335e-07,0.03604676380522137,0
14,13,2022-03-09 17:00:00,,0,logistic_regression,test,3.145978715838763e-08,0.03604676380522137,0
14,13,2022-03-09 18:00:00,,0,logistic_regression,test,6.980553049395266e-08,0.03604676380522137,0
14,13,2022-03-09 19:00:00,,0,logistic_regression,test,6.79122840488137e-08,0.03604676380522137,0
14,13,2022-03-09 20:00:00,,0,logistic_regression,test,8.198236442942544e-07,0.03604676380522137,0
14,13,2022-03-09 21:00:00,,0,logistic_regression,test,4.647305550987409e-08,0.03604676380522137,0
14,13,2022-03-09 22:00:00,,0,logistic_regression,test,1.5978660548649774e-08,0.03604676380522137,0
14,13,2022-03-09 23:00:00,,0,logistic_regression,test,6.94231369986416e-09,0.03604676380522137,0
14,13,2022-03-10 00:00:00,,0,logistic_regression,test,3.0107073413436507e-09,0.03604676380522137,0
14,13,2022-03-10 01:00:00,,0,logistic_regression,test,3.899628795215293e-09,0.03604676380522137,0
14,13,2022-03-10 02:00:00,,0,logistic_regression,test,8.930399538929946e-09,0.03604676380522137,0
14,13,2022-03-10 03:00:00,,0,logistic_regression,test,4.277168031232921e-08,0.03604676380522137,0
14,13,2022-03-10 04:00:00,,0,logistic_regression,test,4.525801194804719e-08,0.03604676380522137,0
14,13,2022-03-10 05:00:00,,0,logistic_regression,test,1.884692241542358e-06,0.03604676380522137,0
14,13,2022-03-10 06:00:00,,0,logistic_regression,test,9.075480717176742e-06,0.03604676380522137,0
14,13,2022-03-10 07:00:00,,0,logistic_regression,test,2.218415507768155e-06,0.03604676380522137,0
14,13,2022-03-10 08:00:00,,0,logistic_regression,test,1.0303846567495858e-06,0.03604676380522137,0
14,13,2022-03-10 09:00:00,,0,logistic_regression,test,1.5643342122648822e-07,0.03604676380522137,0
14,13,2022-03-10 10:00:00,,0,logistic_regression,test,6.317674775798206e-08,0.03604676380522137,0
14,13,2022-03-10 11:00:00,,0,logistic_regression,test,1.8658634527439668e-08,0.03604676380522137,0
14,13,2022-03-10 12:00:00,,0,logistic_regression,test,2.561792107198003e-08,0.03604676380522137,0
14,13,2022-03-10 13:00:00,,0,logistic_regression,test,2.0957942412045834e-08,0.03604676380522137,0
14,13,2022-03-10 14:00:00,,0,logistic_regression,test,1.6986381409795346e-07,0.03604676380522137,0
14,13,2022-03-10 15:00:00,,0,logistic_regression,test,7.96399221759419e-07,0.03604676380522137,0
14,13,2022-03-10 16:00:00,,0,logistic_regression,test,2.566111894423724e-06,0.03604676380522137,0
14,13,2022-03-10 17:00:00,,0,logistic_regression,test,0.0007140260406270943,0.03604676380522137,0
14,13,2022-03-10 18:00:00,,0,logistic_regression,test,0.0003996708070895237,0.03604676380522137,0
14,13,2022-03-10 19:00:00,,0,logistic_regression,test,1.9671341909146407e-05,0.03604676380522137,0
14,13,2022-03-10 20:00:00,,0,logistic_regression,test,1.539455836818573e-05,0.03604676380522137,0
14,13,2022-03-10 21:00:00,,0,logistic_regression,test,0.0002449966778558125,0.03604676380522137,0
14,13,2022-03-10 22:00:00,,0,logistic_regression,test,2.1085035457020247e-05,0.03604676380522137,0
14,13,2022-03-10 23:00:00,,0,logistic_regression,test,1.8287412661047358e-05,0.03604676380522137,0
14,13,2022-03-11 00:00:00,,0,logistic_regression,test,6.115161229776445e-05,0.03604676380522137,0
14,13,2022-03-11 01:00:00,,0,logistic_regression,test,7.772413553890057e-05,0.03604676380522137,0
14,13,2022-03-11 02:00:00,,0,logistic_regression,test,8.945970677722233e-05,0.03604676380522137,0
14,13,2022-03-11 03:00:00,,0,logistic_regression,test,5.308144855625295e-06,0.03604676380522137,0
14,13,2022-03-11 04:00:00,,0,logistic_regression,test,1.8703475226171464e-05,0.03604676380522137,0
14,13,2022-03-11 05:00:00,,0,logistic_regression,test,9.899309801784137e-06,0.03604676380522137,0
14,13,2022-03-11 06:00:00,,0,logistic_regression,test,9.749771874198581e-06,0.03604676380522137,0
14,13,2022-03-11 07:00:00,,0,logistic_regression,test,1.1230231073582392e-06,0.03604676380522137,0
14,13,2022-03-11 08:00:00,,0,logistic_regression,test,4.3599369857079094e-07,0.03604676380522137,0
14,13,2022-03-11 09:00:00,,0,logistic_regression,test,4.811493350858947e-08,0.03604676380522137,0
14,13,2022-03-11 10:00:00,,0,logistic_regression,test,7.940309773218391e-09,0.03604676380522137,0
14,13,2022-03-11 11:00:00,,0,logistic_regression,test,2.9170882193707008e-08,0.03604676380522137,0
14,13,2022-03-11 12:00:00,,0,logistic_regression,test,2.102186771726679e-08,0.03604676380522137,0
14,13,2022-03-11 13:00:00,,0,logistic_regression,test,5.3021236360999226e-08,0.03604676380522137,0
14,13,2022-03-11 14:00:00,,0,logistic_regression,test,8.36096135249461e-08,0.03604676380522137,0
14,13,2022-03-11 15:00:00,,0,logistic_regression,test,4.829914167877791e-08,0.03604676380522137,0
14,13,2022-03-11 16:00:00,,0,logistic_regression,test,8.586627369718344e-08,0.03604676380522137,0
14,13,2022-03-11 17:00:00,,0,logistic_regression,test,7.694408867091208e-08,0.03604676380522137,0
14,13,2022-03-11 18:00:00,,0,logistic_regression,test,6.628900095446766e-09,0.03604676380522137,0
38,13,2021-06-30 15:40:00,,0,logistic_regression,test,2.1160567431617586e-06,0.03604676380522137,0
38,13,2021-06-30 16:40:00,,0,logistic_regression,test,8.277356969648822e-07,0.03604676380522137,0
38,13,2021-06-30 17:40:00,,0,logistic_regression,test,2.3116475518893065e-07,0.03604676380522137,0
38,13,2021-06-30 18:40:00,,0,logistic_regression,test,1.156207192467146e-07,0.03604676380522137,0
38,13,2021-06-30 19:40:00,,0,logistic_regression,test,1.0019758168864401e-08,0.03604676380522137,0
38,13,2021-06-30 20:40:00,,0,logistic_regression,test,5.596249981478107e-09,0.03604676380522137,0
38,13,2021-06-30 21:40:00,,0,logistic_regression,test,3.733274779875005e-09,0.03604676380522137,0
38,13,2021-06-30 22:40:00,,0,logistic_regression,test,4.724830555608694e-09,0.03604676380522137,0
38,13,2021-06-30 23:40:00,,0,logistic_regression,test,1.5158339879524884e-08,0.03604676380522137,0
38,13,2021-07-01 00:40:00,,0,logistic_regression,test,2.1446035970395564e-08,0.03604676380522137,0
38,13,2021-07-01 01:40:00,,0,logistic_regression,test,1.7289295004893935e-09,0.03604676380522137,0
38,13,2021-07-01 02:40:00,,0,logistic_regression,test,2.4719971885984213e-09,0.03604676380522137,0
38,13,2021-07-01 03:40:00,,0,logistic_regression,test,9.54012299272182e-11,0.03604676380522137,0
38,13,2021-07-01 04:40:00,,0,logistic_regression,test,1.6776841215740096e-09,0.03604676380522137,0
38,13,2021-07-01 05:40:00,,0,logistic_regression,test,3.382799288505375e-09,0.03604676380522137,0
38,13,2021-07-01 06:40:00,,0,logistic_regression,test,1.740124442185513e-07,0.03604676380522137,0
38,13,2021-07-01 07:40:00,,0,logistic_regression,test,5.260142494179369e-08,0.03604676380522137,0
38,13,2021-07-01 08:40:00,,0,logistic_regression,test,1.7399859384922486e-07,0.03604676380522137,0
38,13,2021-07-01 09:40:00,,0,logistic_regression,test,1.4139586667095112e-07,0.03604676380522137,0
38,13,2021-07-01 10:40:00,,0,logistic_regression,test,7.169414401124587e-07,0.03604676380522137,0
38,13,2021-07-01 11:40:00,,0,logistic_regression,test,3.362921274696248e-06,0.03604676380522137,0
38,13,2021-07-01 12:40:00,,0,logistic_regression,test,2.3321667774705455e-05,0.03604676380522137,0
38,13,2021-07-01 13:40:00,,0,logistic_regression,test,1.9028656711422045e-06,0.03604676380522137,0
38,13,2021-07-01 14:40:00,,0,logistic_regression,test,5.431985528062523e-06,0.03604676380522137,0
38,13,2021-07-01 15:40:00,,0,logistic_regression,test,7.758207408467895e-06,0.03604676380522137,0
38,13,2021-07-01 16:40:00,,0,logistic_regression,test,2.396609078839772e-06,0.03604676380522137,0
38,13,2021-07-01 17:40:00,,0,logistic_regression,test,6.943223248800969e-07,0.03604676380522137,0
38,13,2021-07-01 18:40:00,,0,logistic_regression,test,9.414987263927617e-07,0.03604676380522137,0
38,13,2021-07-01 19:40:00,,0,logistic_regression,test,1.0831215198167455e-06,0.03604676380522137,0
38,13,2021-07-01 20:40:00,,0,logistic_regression,test,3.3550138258107973e-07,0.03604676380522137,0
38,13,2021-07-01 21:40:00,,0,logistic_regression,test,7.791706191901172e-07,0.03604676380522137,0
38,13,2021-07-01 22:40:00,,0,logistic_regression,test,1.265178269745879e-07,0.03604676380522137,0
38,13,2021-07-01 23:40:00,,0,logistic_regression,test,5.394465566394744e-09,0.03604676380522137,0
38,13,2021-07-02 00:40:00,,0,logistic_regression,test,4.2548792745410366e-05,0.03604676380522137,0
38,13,2021-07-02 01:40:00,,0,logistic_regression,test,3.3570725266400815e-05,0.03604676380522137,0
38,13,2021-07-02 02:40:00,,0,logistic_regression,test,1.2272378647633868e-05,0.03604676380522137,0
38,13,2021-07-02 03:40:00,,0,logistic_regression,test,2.6652315227153148e-06,0.03604676380522137,0
38,13,2021-07-02 04:40:00,,0,logistic_regression,test,1.3398373048292148e-07,0.03604676380522137,0
38,13,2021-07-02 05:40:00,,0,logistic_regression,test,3.4264236700788737e-07,0.03604676380522137,0
38,13,2021-07-02 06:40:00,,0,logistic_regression,test,1.8946111811248171e-06,0.03604676380522137,0
38,13,2021-07-02 07:40:00,,0,logistic_regression,test,1.0219387597146608e-05,0.03604676380522137,0
38,13,2021-07-02 08:40:00,,0,logistic_regression,test,1.634791833149293e-06,0.03604676380522137,0
38,13,2021-07-02 09:40:00,,0,logistic_regression,test,3.950600124169558e-06,0.03604676380522137,0
38,13,2021-07-02 10:40:00,,0,logistic_regression,test,1.8687212809311144e-05,0.03604676380522137,0
38,13,2021-07-02 11:40:00,,0,logistic_regression,test,0.0004626653295137547,0.03604676380522137,0
38,13,2021-07-02 12:40:00,,0,logistic_regression,test,0.0003122845154544919,0.03604676380522137,0
38,13,2021-07-02 13:40:00,,0,logistic_regression,test,0.00033320808984590143,0.03604676380522137,0
38,13,2021-07-02 14:40:00,,0,logistic_regression,test,0.0007641418464420149,0.03604676380522137,0
38,13,2021-07-02 15:40:00,,0,logistic_regression,test,0.0016052126411278825,0.03604676380522137,0
38,13,2021-07-02 16:40:00,,0,logistic_regression,test,0.0024219459151928685,0.03604676380522137,0
38,13,2021-07-02 17:40:00,,0,logistic_regression,test,0.0006693337375177419,0.03604676380522137,0
38,13,2021-07-02 18:40:00,,0,logistic_regression,test,0.0007176817747932077,0.03604676380522137,0
38,13,2021-07-02 19:40:00,,0,logistic_regression,test,0.0008098216716740657,0.03604676380522137,0
38,13,2021-07-02 20:40:00,,0,logistic_regression,test,0.000398773795014829,0.03604676380522137,0
38,13,2021-07-02 21:40:00,,0,logistic_regression,test,0.0001933942172270695,0.03604676380522137,0
38,13,2021-07-02 22:40:00,,0,logistic_regression,test,0.00033755239412321765,0.03604676380522137,0
38,13,2021-07-02 23:40:00,,0,logistic_regression,test,0.00011751851524763728,0.03604676380522137,0
38,13,2021-07-03 00:40:00,,0,logistic_regression,test,0.00023261916318607827,0.03604676380522137,0
38,13,2021-07-03 01:40:00,,0,logistic_regression,test,0.0011488294536918374,0.03604676380522137,0
38,13,2021-07-03 02:40:00,,0,logistic_regression,test,0.0019864649260689575,0.03604676380522137,0
38,13,2021-07-03 03:40:00,,0,logistic_regression,test,0.00039432975640506804,0.03604676380522137,0
38,13,2021-07-03 04:40:00,,0,logistic_regression,test,0.00011738649773367172,0.03604676380522137,0
38,13,2021-07-03 05:40:00,,0,logistic_regression,test,1.6052825168305746e-05,0.03604676380522137,0
38,13,2021-07-03 06:40:00,,0,logistic_regression,test,7.692228986186313e-05,0.03604676380522137,0
38,13,2021-07-03 07:40:00,,0,logistic_regression,test,9.519577125187973e-06,0.03604676380522137,0
38,13,2021-07-03 08:40:00,,0,logistic_regression,test,1.1347379059519198e-05,0.03604676380522137,0
38,13,2021-07-03 09:40:00,,0,logistic_regression,test,4.004442600072522e-06,0.03604676380522137,0
38,13,2021-07-03 10:40:00,,0,logistic_regression,test,2.1407735769820172e-05,0.03604676380522137,0
38,13,2021-07-03 11:40:00,,0,logistic_regression,test,3.0465459383341253e-05,0.03604676380522137,0
38,13,2021-07-03 12:40:00,,0,logistic_regression,test,9.077864098051402e-05,0.03604676380522137,0
38,13,2021-07-03 13:40:00,,0,logistic_regression,test,0.0001797844910456052,0.03604676380522137,0
38,13,2021-07-03 14:40:00,,0,logistic_regression,test,0.0005018816938650953,0.03604676380522137,0
38,13,2021-07-03 15:40:00,,0,logistic_regression,test,0.00014369952655097414,0.03604676380522137,0
38,13,2021-07-03 16:40:00,,0,logistic_regression,test,0.0002456535115259569,0.03604676380522137,0
38,13,2021-07-03 17:40:00,,0,logistic_regression,test,0.00038016746120257027,0.03604676380522137,0
38,13,2021-07-03 18:40:00,,0,logistic_regression,test,0.00013807169012775778,0.03604676380522137,0
38,13,2021-07-03 19:40:00,,0,logistic_regression,test,0.0006075154357169289,0.03604676380522137,0
38,13,2021-07-03 20:40:00,,0,logistic_regression,test,0.00024214094219353989,0.03604676380522137,0
38,13,2021-07-03 21:40:00,,0,logistic_regression,test,0.000591848413961367,0.03604676380522137,0
38,13,2021-07-03 22:40:00,,0,logistic_regression,test,0.0010734189161525746,0.03604676380522137,0
38,13,2021-07-03 23:40:00,,0,logistic_regression,test,0.004042003482914988,0.03604676380522137,0
38,13,2021-07-04 00:40:00,,0,logistic_regression,test,5.4196504295800954e-05,0.03604676380522137,0
38,13,2021-07-04 01:40:00,,0,logistic_regression,test,1.3066622521762714e-05,0.03604676380522137,0
38,13,2021-07-04 02:40:00,,0,logistic_regression,test,0.00017143190765819737,0.03604676380522137,0
38,13,2021-07-04 03:40:00,,0,logistic_regression,test,0.0004966707630517301,0.03604676380522137,0
38,13,2021-07-04 04:40:00,,0,logistic_regression,test,0.01776334392202375,0.03604676380522137,0
38,13,2021-07-04 05:40:00,,0,logistic_regression,test,0.008928441084041405,0.03604676380522137,0
38,13,2021-07-04 06:40:00,,0,logistic_regression,test,0.00018280866959226883,0.03604676380522137,0
38,13,2021-07-04 07:40:00,,0,logistic_regression,test,3.738713176522489e-05,0.03604676380522137,0
38,13,2021-07-06 19:40:00,,0,logistic_regression,test,0.011164304252294071,0.03604676380522137,0
38,13,2021-07-06 20:40:00,,0,logistic_regression,test,0.020231989667700373,0.03604676380522137,0
38,13,2021-07-06 21:40:00,,0,logistic_regression,test,0.01027133168662637,0.03604676380522137,0
38,13,2021-07-06 22:40:00,,0,logistic_regression,test,0.006660919408241682,0.03604676380522137,0
38,13,2021-07-06 23:40:00,,0,logistic_regression,test,0.0004492763310519271,0.03604676380522137,0
38,13,2021-07-07 00:40:00,,0,logistic_regression,test,0.0007911449636631632,0.03604676380522137,0
38,13,2021-07-07 01:40:00,,0,logistic_regression,test,0.00028884983341677725,0.03604676380522137,0
38,13,2021-07-07 02:40:00,,0,logistic_regression,test,0.0002508474201103361,0.03604676380522137,0
38,13,2021-07-07 03:40:00,,0,logistic_regression,test,0.00017222507911906611,0.03604676380522137,0
38,13,2021-07-07 04:40:00,,0,logistic_regression,test,0.0004187569502726308,0.03604676380522137,0
38,13,2021-07-07 05:40:00,,0,logistic_regression,test,0.0005032220393105137,0.03604676380522137,0
38,13,2021-07-07 06:40:00,,0,logistic_regression,test,0.00018610487603540273,0.03604676380522137,0
38,13,2021-07-07 07:40:00,,0,logistic_regression,test,2.4502393349792857e-06,0.03604676380522137,0
38,13,2021-07-07 08:40:00,,0,logistic_regression,test,3.2786275825829223e-06,0.03604676380522137,0
38,13,2021-07-07 09:40:00,,0,logistic_regression,test,1.157688837733527e-06,0.03604676380522137,0
38,13,2021-07-07 10:40:00,,0,logistic_regression,test,1.775322743440325e-06,0.03604676380522137,0
38,13,2021-07-07 11:40:00,,0,logistic_regression,test,2.0449989327248366e-05,0.03604676380522137,0
38,13,2021-07-07 12:40:00,,0,logistic_regression,test,2.8849236417162053e-05,0.03604676380522137,0
38,13,2021-07-07 13:40:00,,0,logistic_regression,test,2.6474369694945732e-05,0.03604676380522137,0
38,13,2021-07-07 14:40:00,,0,logistic_regression,test,7.13868894642814e-05,0.03604676380522137,0
38,13,2021-07-07 15:40:00,,0,logistic_regression,test,4.4980689134123735e-05,0.03604676380522137,0
38,13,2021-07-07 16:40:00,,0,logistic_regression,test,2.2639653939477684e-05,0.03604676380522137,0
38,13,2021-07-07 17:40:00,,0,logistic_regression,test,5.4283569371567806e-05,0.03604676380522137,0
38,13,2021-07-07 18:40:00,,0,logistic_regression,test,0.00013916404623921065,0.03604676380522137,0
38,13,2021-07-07 19:40:00,,0,logistic_regression,test,0.0001984621906830199,0.03604676380522137,0
38,13,2021-07-07 20:40:00,,0,logistic_regression,test,0.0001538123048295911,0.03604676380522137,0
38,13,2021-07-07 21:40:00,,0,logistic_regression,test,3.4710112348515146e-05,0.03604676380522137,0
38,13,2021-07-07 22:40:00,,0,logistic_regression,test,0.0014359164168280963,0.03604676380522137,0
38,13,2021-07-07 23:40:00,,0,logistic_regression,test,0.006074431163057438,0.03604676380522137,0
38,13,2021-07-08 00:40:00,,0,logistic_regression,test,0.0008678991864799056,0.03604676380522137,0
38,13,2021-07-08 01:40:00,,0,logistic_regression,test,0.0010513404963228472,0.03604676380522137,0
38,13,2021-07-08 02:40:00,,0,logistic_regression,test,0.0044242512084378535,0.03604676380522137,0
38,13,2021-07-08 03:40:00,,0,logistic_regression,test,0.006088198160130153,0.03604676380522137,0
38,13,2021-07-08 04:40:00,,0,logistic_regression,test,0.010386162066969922,0.03604676380522137,0
38,13,2021-07-08 05:40:00,,0,logistic_regression,test,0.012303889486724303,0.03604676380522137,0
38,13,2021-07-08 06:40:00,,0,logistic_regression,test,0.01774622070687044,0.03604676380522137,0
38,13,2021-07-08 07:40:00,,0,logistic_regression,test,0.053750507066452693,0.03604676380522137,1
38,13,2021-07-08 08:40:00,,0,logistic_regression,test,0.0449560338101389,0.03604676380522137,1
38,13,2021-07-08 09:40:00,,0,logistic_regression,test,0.049798615131208805,0.03604676380522137,1
38,13,2021-07-08 10:40:00,,0,logistic_regression,test,0.02642610601376719,0.03604676380522137,0
38,13,2021-07-08 11:40:00,,0,logistic_regression,test,0.12390339564916104,0.03604676380522137,1
38,13,2021-07-08 12:40:00,,0,logistic_regression,test,0.08936943002744639,0.03604676380522137,1
38,13,2021-07-08 13:40:00,,0,logistic_regression,test,0.16653169571274812,0.03604676380522137,1
38,13,2021-07-08 14:40:00,,0,logistic_regression,test,0.1308995190424283,0.03604676380522137,1
38,13,2021-07-08 15:40:00,,0,logistic_regression,test,0.16416254480754258,0.03604676380522137,1
38,13,2021-07-08 16:40:00,,0,logistic_regression,test,0.08587955951567916,0.03604676380522137,1
38,13,2021-07-08 17:40:00,,0,logistic_regression,test,0.01905080092841913,0.03604676380522137,0
38,13,2021-07-08 18:40:00,,0,logistic_regression,test,0.0002754821337344938,0.03604676380522137,0
38,13,2021-07-08 19:40:00,,0,logistic_regression,test,0.0001803207836295709,0.03604676380522137,0
38,13,2021-07-08 20:40:00,,0,logistic_regression,test,0.0006460108191193414,0.03604676380522137,0
38,13,2021-07-08 21:40:00,,0,logistic_regression,test,0.00034565105670468884,0.03604676380522137,0
38,13,2021-07-08 22:40:00,,0,logistic_regression,test,7.475529427743047e-05,0.03604676380522137,0
38,13,2021-07-08 23:40:00,,0,logistic_regression,test,1.9610774114760693e-05,0.03604676380522137,0
38,13,2021-07-09 00:40:00,,0,logistic_regression,test,0.0037396982614264903,0.03604676380522137,0
38,13,2021-07-09 01:40:00,,0,logistic_regression,test,0.00232016884395068,0.03604676380522137,0
38,13,2021-07-09 02:40:00,,0,logistic_regression,test,0.001346435898818669,0.03604676380522137,0
38,13,2021-07-09 03:40:00,,0,logistic_regression,test,0.0004731226545077685,0.03604676380522137,0
38,13,2021-07-09 04:40:00,,0,logistic_regression,test,0.005932564741003073,0.03604676380522137,0
38,13,2021-07-09 05:40:00,,0,logistic_regression,test,0.001320845512822124,0.03604676380522137,0
38,13,2021-07-09 06:40:00,,0,logistic_regression,test,0.0008590466211975591,0.03604676380522137,0
38,13,2021-07-09 07:40:00,,0,logistic_regression,test,0.002536050526898971,0.03604676380522137,0
38,13,2021-07-09 08:40:00,,0,logistic_regression,test,0.002326930948779462,0.03604676380522137,0
38,13,2021-07-09 09:40:00,,0,logistic_regression,test,0.016873007146867024,0.03604676380522137,0
38,13,2021-07-09 10:40:00,,0,logistic_regression,test,0.04332979366989285,0.03604676380522137,1
38,13,2021-07-09 11:40:00,,0,logistic_regression,test,0.10989722368477402,0.03604676380522137,1
38,13,2021-07-09 12:40:00,,0,logistic_regression,test,0.03429569956555357,0.03604676380522137,0
38,13,2021-07-09 13:40:00,,0,logistic_regression,test,0.42094257154827097,0.03604676380522137,1
38,13,2021-07-09 14:40:00,,0,logistic_regression,test,0.1979891487827786,0.03604676380522137,1
38,13,2021-07-09 15:40:00,,0,logistic_regression,test,0.0590712311610391,0.03604676380522137,1
38,13,2021-07-09 16:40:00,,0,logistic_regression,test,0.04930670903352208,0.03604676380522137,1
38,13,2021-07-09 17:40:00,,0,logistic_regression,test,0.507816193876301,0.03604676380522137,1
38,13,2021-07-09 18:40:00,,0,logistic_regression,test,0.38456468674698707,0.03604676380522137,1
38,13,2021-07-09 19:40:00,,0,logistic_regression,test,0.15715505891680606,0.03604676380522137,1
38,13,2021-07-09 20:40:00,,0,logistic_regression,test,0.008715823486860988,0.03604676380522137,0
38,13,2021-07-09 21:40:00,,0,logistic_regression,test,0.0382382149800057,0.03604676380522137,1
38,13,2021-07-09 22:40:00,,0,logistic_regression,test,0.05227511333276075,0.03604676380522137,1
38,13,2021-07-09 23:40:00,,0,logistic_regression,test,0.07683376128552774,0.03604676380522137,1
38,13,2021-07-10 00:40:00,,0,logistic_regression,test,0.11552887392904213,0.03604676380522137,1
38,13,2021-07-10 01:40:00,,0,logistic_regression,test,0.021116161717049362,0.03604676380522137,0
38,13,2021-07-10 02:40:00,,0,logistic_regression,test,0.005538243416997317,0.03604676380522137,0
38,13,2021-07-10 03:40:00,,0,logistic_regression,test,0.0010738741074458606,0.03604676380522137,0
38,13,2021-07-10 04:40:00,,0,logistic_regression,test,0.007250816245407125,0.03604676380522137,0
38,13,2021-07-10 05:40:00,,0,logistic_regression,test,0.026593770545813675,0.03604676380522137,0
38,13,2021-07-10 06:40:00,,0,logistic_regression,test,0.01577262044693053,0.03604676380522137,0
38,13,2021-07-10 07:40:00,,0,logistic_regression,test,0.005581054693248595,0.03604676380522137,0
38,13,2021-07-10 08:40:00,,0,logistic_regression,test,0.013342066320130422,0.03604676380522137,0
38,13,2021-07-10 09:40:00,,0,logistic_regression,test,0.022099843081402313,0.03604676380522137,0
38,13,2021-07-10 10:40:00,,0,logistic_regression,test,0.012732767313908476,0.03604676380522137,0
38,13,2021-07-10 11:40:00,,0,logistic_regression,test,0.02978039578891701,0.03604676380522137,0
38,13,2021-07-10 12:40:00,,0,logistic_regression,test,0.02160924931251344,0.03604676380522137,0
38,13,2021-07-10 13:40:00,,0,logistic_regression,test,0.025043995792299045,0.03604676380522137,0
38,13,2021-07-10 14:40:00,,0,logistic_regression,test,0.004171108813372207,0.03604676380522137,0
38,13,2021-07-10 15:40:00,,0,logistic_regression,test,0.0013087076903782128,0.03604676380522137,0
38,13,2021-07-10 16:40:00,,0,logistic_regression,test,0.0006981474458975069,0.03604676380522137,0
38,13,2021-07-10 17:40:00,,0,logistic_regression,test,0.000546726477589277,0.03604676380522137,0
38,13,2021-07-10 18:40:00,,0,logistic_regression,test,0.00018122558683694902,0.03604676380522137,0
38,13,2021-07-10 19:40:00,,0,logistic_regression,test,3.6508649387844507e-05,0.03604676380522137,0
38,13,2021-07-10 20:40:00,,0,logistic_regression,test,1.2234645357154725e-05,0.03604676380522137,0
38,13,2021-07-10 21:40:00,,0,logistic_regression,test,4.0799731700144756e-06,0.03604676380522137,0
38,13,2021-07-10 22:40:00,,0,logistic_regression,test,3.723400987346922e-06,0.03604676380522137,0
38,13,2021-07-10 23:40:00,,0,logistic_regression,test,1.8791860178317616e-05,0.03604676380522137,0
38,13,2021-07-11 00:40:00,,0,logistic_regression,test,8.909635519081837e-06,0.03604676380522137,0
38,13,2021-07-11 01:40:00,,0,logistic_regression,test,3.634610529595394e-07,0.03604676380522137,0
38,13,2021-07-11 02:40:00,,0,logistic_regression,test,8.206931619006059e-08,0.03604676380522137,0
38,13,2021-07-11 03:40:00,,0,logistic_regression,test,1.9798625245090475e-07,0.03604676380522137,0
38,13,2021-07-11 04:40:00,,0,logistic_regression,test,1.3169197625362962e-07,0.03604676380522137,0
38,13,2021-07-11 05:40:00,,0,logistic_regression,test,1.3499088224005257e-07,0.03604676380522137,0
38,13,2021-07-11 06:40:00,,0,logistic_regression,test,9.810711835508628e-08,0.03604676380522137,0
38,13,2021-07-11 07:40:00,,0,logistic_regression,test,5.544048348248159e-07,0.03604676380522137,0
38,13,2021-07-11 08:40:00,,0,logistic_regression,test,3.9723210855601846e-07,0.03604676380522137,0
38,13,2021-07-11 09:40:00,,0,logistic_regression,test,4.237639197124384e-06,0.03604676380522137,0
38,13,2021-07-11 10:40:00,,0,logistic_regression,test,6.088994464742549e-05,0.03604676380522137,0
38,13,2021-07-11 11:40:00,,0,logistic_regression,test,0.0026843610801180104,0.03604676380522137,0
38,13,2021-07-11 12:40:00,,0,logistic_regression,test,0.006324195843467541,0.03604676380522137,0
38,13,2021-07-11 13:40:00,,0,logistic_regression,test,0.033370728803573446,0.03604676380522137,0
38,13,2021-07-11 14:40:00,,0,logistic_regression,test,0.020875499219038782,0.03604676380522137,0
38,13,2021-07-11 15:40:00,,0,logistic_regression,test,0.10407283302558151,0.03604676380522137,1
38,13,2021-07-11 16:40:00,,0,logistic_regression,test,0.09129337756435713,0.03604676380522137,1
38,13,2021-07-11 17:40:00,,0,logistic_regression,test,0.08384818686813646,0.03604676380522137,1
38,13,2021-07-11 18:40:00,,0,logistic_regression,test,0.34339418394210225,0.03604676380522137,1
38,13,2021-07-11 19:40:00,,0,logistic_regression,test,0.1759753383887443,0.03604676380522137,1
38,13,2021-07-11 20:40:00,,0,logistic_regression,test,0.1566413598626453,0.03604676380522137,1
38,13,2021-07-11 21:40:00,,0,logistic_regression,test,0.6265469845829119,0.03604676380522137,1
38,13,2021-07-11 22:40:00,,0,logistic_regression,test,0.3073377518719555,0.03604676380522137,1
38,13,2021-07-11 23:40:00,,0,logistic_regression,test,0.619116956659126,0.03604676380522137,1
38,13,2021-07-12 00:40:00,,0,logistic_regression,test,0.5858178827956692,0.03604676380522137,1
38,13,2021-07-12 01:40:00,,0,logistic_regression,test,0.23063161182326175,0.03604676380522137,1
38,13,2021-07-12 02:40:00,,0,logistic_regression,test,0.08046714571687195,0.03604676380522137,1
38,13,2021-07-12 03:40:00,,0,logistic_regression,test,0.010438747736136103,0.03604676380522137,0
38,13,2021-07-12 04:40:00,,0,logistic_regression,test,0.004362798310107844,0.03604676380522137,0
38,13,2021-07-12 05:40:00,,0,logistic_regression,test,0.004614933609478895,0.03604676380522137,0
38,13,2021-07-12 06:40:00,,0,logistic_regression,test,0.0014589468464871053,0.03604676380522137,0
38,13,2021-07-12 07:40:00,,0,logistic_regression,test,0.16229820068966222,0.03604676380522137,1
38,13,2021-07-12 08:40:00,,0,logistic_regression,test,0.6233235573660738,0.03604676380522137,1
38,13,2021-07-12 09:40:00,,0,logistic_regression,test,0.43312408538821967,0.03604676380522137,1
38,13,2021-07-12 10:40:00,,0,logistic_regression,test,0.2872385842304238,0.03604676380522137,1
38,13,2021-07-12 11:40:00,,0,logistic_regression,test,0.9748979520019768,0.03604676380522137,1
38,13,2021-07-12 12:40:00,,0,logistic_regression,test,0.7473105895607687,0.03604676380522137,1
38,13,2021-07-12 13:40:00,,0,logistic_regression,test,0.5208871196949354,0.03604676380522137,1
38,13,2021-07-12 14:40:00,,0,logistic_regression,test,0.15476914638155803,0.03604676380522137,1
38,13,2021-07-12 15:40:00,,0,logistic_regression,test,0.37475213469578295,0.03604676380522137,1
38,13,2021-07-12 16:40:00,,0,logistic_regression,test,0.38784978319473856,0.03604676380522137,1
38,13,2021-07-12 17:40:00,,0,logistic_regression,test,0.3477194082062912,0.03604676380522137,1
38,13,2021-07-12 18:40:00,,0,logistic_regression,test,0.19068176236795217,0.03604676380522137,1
38,13,2021-07-12 19:40:00,,0,logistic_regression,test,0.12316139290233497,0.03604676380522137,1
38,13,2021-07-12 20:40:00,,0,logistic_regression,test,0.006054396244206921,0.03604676380522137,0
38,13,2021-07-12 21:40:00,,0,logistic_regression,test,0.0004771608880093367,0.03604676380522137,0
38,13,2021-07-12 22:40:00,,0,logistic_regression,test,0.0008919291509102992,0.03604676380522137,0
38,13,2021-07-12 23:40:00,,0,logistic_regression,test,0.0013353632368693499,0.03604676380522137,0
38,13,2021-07-13 00:40:00,,0,logistic_regression,test,6.285762942625211e-05,0.03604676380522137,0
38,13,2021-07-13 01:40:00,,0,logistic_regression,test,5.8450201731786594e-05,0.03604676380522137,0
38,13,2021-07-13 02:40:00,,0,logistic_regression,test,8.586821150973766e-05,0.03604676380522137,0
38,13,2021-07-13 03:40:00,,0,logistic_regression,test,0.00025650773709990043,0.03604676380522137,0
38,13,2021-07-13 04:40:00,,0,logistic_regression,test,0.00018742824448775318,0.03604676380522137,0
38,13,2021-07-13 05:40:00,,0,logistic_regression,test,0.0005086599957801861,0.03604676380522137,0
38,13,2021-07-13 06:40:00,,0,logistic_regression,test,0.00026094144925403355,0.03604676380522137,0
38,13,2021-07-13 07:40:00,,0,logistic_regression,test,1.8114327176221753e-07,0.03604676380522137,0
38,13,2021-07-13 08:40:00,,0,logistic_regression,test,4.882180065717034e-08,0.03604676380522137,0
38,13,2021-07-13 09:40:00,,0,logistic_regression,test,5.48936371807359e-09,0.03604676380522137,0
38,13,2021-07-13 10:40:00,,0,logistic_regression,test,1.49263669979446e-08,0.03604676380522137,0
38,13,2021-07-13 11:40:00,,0,logistic_regression,test,8.936814978618073e-12,0.03604676380522137,0
38,13,2021-07-13 12:40:00,,0,logistic_regression,test,5.122559740320903e-10,0.03604676380522137,0
38,13,2021-07-13 13:40:00,,0,logistic_regression,test,6.048215380757426e-10,0.03604676380522137,0
38,13,2021-07-13 14:40:00,,0,logistic_regression,test,2.5609919630147424e-09,0.03604676380522137,0
38,13,2021-07-13 15:40:00,,0,logistic_regression,test,3.510084190995779e-09,0.03604676380522137,0
38,13,2021-07-13 16:40:00,,0,logistic_regression,test,3.0148590790070136e-09,0.03604676380522137,0
38,13,2021-07-13 17:40:00,,0,logistic_regression,test,2.9671291107617575e-09,0.03604676380522137,0
38,13,2021-07-13 18:40:00,,0,logistic_regression,test,7.979108870947374e-09,0.03604676380522137,0
38,13,2021-07-13 19:40:00,,0,logistic_regression,test,3.8820620605559026e-08,0.03604676380522137,0
38,13,2021-07-13 20:40:00,,0,logistic_regression,test,1.4189231616382426e-07,0.03604676380522137,0
38,13,2021-07-13 21:40:00,,0,logistic_regression,test,1.1326704753965008e-07,0.03604676380522137,0
38,13,2021-07-13 22:40:00,,0,logistic_regression,test,2.1231651496021592e-07,0.03604676380522137,0
38,13,2021-07-13 23:40:00,,0,logistic_regression,test,8.138813190254346e-08,0.03604676380522137,0
38,13,2021-07-14 00:40:00,,0,logistic_regression,test,2.8142623361102613e-06,0.03604676380522137,0
38,13,2021-07-14 01:40:00,,0,logistic_regression,test,4.3944776802938744e-05,0.03604676380522137,0
38,13,2021-07-14 02:40:00,,0,logistic_regression,test,1.4993573198228472e-05,0.03604676380522137,0
38,13,2021-07-14 03:40:00,,0,logistic_regression,test,0.00010824412278119201,0.03604676380522137,0
38,13,2021-07-14 04:40:00,,0,logistic_regression,test,3.21987975768833e-05,0.03604676380522137,0
38,13,2021-07-14 05:40:00,,0,logistic_regression,test,1.2979069563340267e-05,0.03604676380522137,0
38,13,2021-07-14 06:40:00,,0,logistic_regression,test,6.407145755421878e-06,0.03604676380522137,0
45,13,2020-04-18 18:10:00,168.0,0,logistic_regression,test,0.003193042661262882,0.03604676380522137,0
45,13,2020-04-18 19:10:00,167.0,0,logistic_regression,test,0.003355978217378168,0.03604676380522137,0
45,13,2020-04-18 20:10:00,166.0,0,logistic_regression,test,0.0280134563531323,0.03604676380522137,0
45,13,2020-04-18 21:10:00,165.0,0,logistic_regression,test,0.004809091534509011,0.03604676380522137,0
45,13,2020-04-18 22:10:00,164.0,0,logistic_regression,test,0.02144880363552559,0.03604676380522137,0
45,13,2020-04-18 23:10:00,163.0,0,logistic_regression,test,0.016385680202649397,0.03604676380522137,0
45,13,2020-04-19 00:10:00,162.0,0,logistic_regression,test,0.005035689693091928,0.03604676380522137,0
45,13,2020-04-19 01:10:00,161.0,0,logistic_regression,test,0.0005760965474603763,0.03604676380522137,0
45,13,2020-04-19 02:10:00,160.0,0,logistic_regression,test,1.6176185547428466e-07,0.03604676380522137,0
45,13,2020-04-19 03:10:00,159.0,0,logistic_regression,test,5.947905754168148e-08,0.03604676380522137,0
45,13,2020-04-19 04:10:00,158.0,0,logistic_regression,test,3.164748493635646e-10,0.03604676380522137,0
45,13,2020-04-19 05:10:00,157.0,0,logistic_regression,test,3.4274526391761933e-12,0.03604676380522137,0
45,13,2020-04-19 06:10:00,156.0,0,logistic_regression,test,1.7837809767619153e-14,0.03604676380522137,0
45,13,2020-04-19 07:10:00,155.0,0,logistic_regression,test,1.7496491156096732e-13,0.03604676380522137,0
45,13,2020-04-19 08:10:00,154.0,0,logistic_regression,test,2.88147799456613e-13,0.03604676380522137,0
45,13,2020-04-19 09:10:00,153.0,0,logistic_regression,test,6.249928322441114e-14,0.03604676380522137,0
45,13,2020-04-19 10:10:00,152.0,0,logistic_regression,test,3.9617816654861545e-13,0.03604676380522137,0
45,13,2020-04-19 11:10:00,151.0,0,logistic_regression,test,1.1954859091675138e-13,0.03604676380522137,0
45,13,2020-04-19 12:10:00,150.0,0,logistic_regression,test,4.490821781992999e-13,0.03604676380522137,0
45,13,2020-04-19 13:10:00,149.0,0,logistic_regression,test,6.087978929610092e-13,0.03604676380522137,0
45,13,2020-04-19 14:10:00,148.0,0,logistic_regression,test,1.831333607987163e-12,0.03604676380522137,0
45,13,2020-04-19 15:10:00,147.0,0,logistic_regression,test,1.0006417646562831e-11,0.03604676380522137,0
45,13,2020-04-19 16:10:00,146.0,0,logistic_regression,test,0.92527004752415,0.03604676380522137,1
45,13,2020-04-19 17:10:00,145.0,0,logistic_regression,test,0.9682819190133211,0.03604676380522137,1
45,13,2020-04-19 18:10:00,144.0,0,logistic_regression,test,0.9361939092236198,0.03604676380522137,1
45,13,2020-04-19 19:10:00,143.0,0,logistic_regression,test,0.987300133830709,0.03604676380522137,1
45,13,2020-04-19 20:10:00,142.0,0,logistic_regression,test,0.9977723874706006,0.03604676380522137,1
45,13,2020-04-19 21:10:00,141.0,0,logistic_regression,test,0.9995650447104151,0.03604676380522137,1
45,13,2020-04-19 22:10:00,140.0,0,logistic_regression,test,0.9996010036566202,0.03604676380522137,1
45,13,2020-04-19 23:10:00,139.0,0,logistic_regression,test,0.9983257171155334,0.03604676380522137,1
45,13,2020-04-20 00:10:00,138.0,0,logistic_regression,test,0.9363147223456936,0.03604676380522137,1
45,13,2020-04-20 01:10:00,137.0,0,logistic_regression,test,0.9921629652491732,0.03604676380522137,1
45,13,2020-04-20 02:10:00,136.0,0,logistic_regression,test,0.9885630673117515,0.03604676380522137,1
45,13,2020-04-20 03:10:00,135.0,0,logistic_regression,test,0.9710309980054392,0.03604676380522137,1
45,13,2020-04-20 04:10:00,134.0,0,logistic_regression,test,0.9598573285105362,0.03604676380522137,1
45,13,2020-04-20 05:10:00,133.0,0,logistic_regression,test,0.98739675721237,0.03604676380522137,1
45,13,2020-04-20 06:10:00,132.0,0,logistic_regression,test,0.3841908524397179,0.03604676380522137,1
45,13,2020-04-20 07:10:00,131.0,0,logistic_regression,test,0.008562165059718735,0.03604676380522137,0
45,13,2020-04-20 08:10:00,130.0,0,logistic_regression,test,0.02378674989314935,0.03604676380522137,0
45,13,2020-04-20 09:10:00,129.0,0,logistic_regression,test,0.007842647526321337,0.03604676380522137,0
45,13,2020-04-20 10:10:00,128.0,0,logistic_regression,test,0.010549741762219953,0.03604676380522137,0
45,13,2020-04-20 11:10:00,127.0,0,logistic_regression,test,0.002010184032978212,0.03604676380522137,0
45,13,2020-04-20 12:10:00,126.0,0,logistic_regression,test,0.005533839235652116,0.03604676380522137,0
45,13,2020-04-20 13:10:00,125.0,0,logistic_regression,test,0.0016377009872104629,0.03604676380522137,0
45,13,2020-04-20 14:10:00,124.0,0,logistic_regression,test,3.90142010143748e-05,0.03604676380522137,0
45,13,2020-04-20 15:10:00,123.0,0,logistic_regression,test,2.5572202669174746e-06,0.03604676380522137,0
45,13,2020-04-20 16:10:00,122.0,0,logistic_regression,test,1.7824260906626135e-15,0.03604676380522137,0
45,13,2020-04-20 17:10:00,121.0,0,logistic_regression,test,1.357981622218643e-15,0.03604676380522137,0
45,13,2020-04-20 18:10:00,120.0,0,logistic_regression,test,1.8376536826619568e-13,0.03604676380522137,0
45,13,2020-04-20 19:10:00,119.0,0,logistic_regression,test,1.0368550601943185e-12,0.03604676380522137,0
45,13,2020-04-20 20:10:00,118.0,0,logistic_regression,test,7.429340417141521e-13,0.03604676380522137,0
45,13,2020-04-20 21:10:00,117.0,0,logistic_regression,test,1.3155052907369228e-11,0.03604676380522137,0
45,13,2020-04-20 22:10:00,116.0,0,logistic_regression,test,3.319135232364889e-12,0.03604676380522137,0
45,13,2020-04-20 23:10:00,115.0,0,logistic_regression,test,2.5162851571553403e-11,0.03604676380522137,0
45,13,2020-04-21 00:10:00,114.0,0,logistic_regression,test,2.475881147974766e-10,0.03604676380522137,0
45,13,2020-04-21 01:10:00,113.0,0,logistic_regression,test,1.1097780888428618e-09,0.03604676380522137,0
45,13,2020-04-21 02:10:00,112.0,0,logistic_regression,test,7.937028402437129e-11,0.03604676380522137,0
45,13,2020-04-21 03:10:00,111.0,0,logistic_regression,test,1.0683264530035403e-10,0.03604676380522137,0
45,13,2020-04-21 04:10:00,110.0,0,logistic_regression,test,1.8488803791202466e-11,0.03604676380522137,0
45,13,2020-04-21 05:10:00,109.0,0,logistic_regression,test,4.062204901163988e-09,0.03604676380522137,0
45,13,2020-04-21 06:10:00,108.0,0,logistic_regression,test,9.711255754033748e-10,0.03604676380522137,0
45,13,2020-04-21 07:10:00,107.0,0,logistic_regression,test,2.725858208580785e-09,0.03604676380522137,0
45,13,2020-04-21 08:10:00,106.0,0,logistic_regression,test,1.2609056859367875e-09,0.03604676380522137,0
45,13,2020-04-21 09:10:00,105.0,0,logistic_regression,test,1.6141557100021884e-09,0.03604676380522137,0
45,13,2020-04-21 10:10:00,104.0,0,logistic_regression,test,1.7182136364236868e-09,0.03604676380522137,0
45,13,2020-04-21 11:10:00,103.0,0,logistic_regression,test,5.137368665492793e-09,0.03604676380522137,0
45,13,2020-04-21 12:10:00,102.0,0,logistic_regression,test,4.06455089943222e-09,0.03604676380522137,0
45,13,2020-04-21 13:10:00,101.0,0,logistic_regression,test,5.766372105408986e-09,0.03604676380522137,0
45,13,2020-04-21 14:10:00,100.0,0,logistic_regression,test,3.82824918656039e-09,0.03604676380522137,0
45,13,2020-04-21 15:10:00,99.0,0,logistic_regression,test,1.1790380766547125e-09,0.03604676380522137,0
45,13,2020-04-21 16:10:00,98.0,0,logistic_regression,test,9.511102113655713e-10,0.03604676380522137,0
45,13,2020-04-21 17:10:00,97.0,0,logistic_regression,test,8.221089438386168e-10,0.03604676380522137,0
45,13,2020-04-21 18:10:00,96.0,0,logistic_regression,test,3.4803332118715823e-10,0.03604676380522137,0
45,13,2020-04-21 19:10:00,95.0,0,logistic_regression,test,1.4973963267618534e-09,0.03604676380522137,0
45,13,2020-04-21 20:10:00,94.0,0,logistic_regression,test,2.8633719402407494e-09,0.03604676380522137,0
45,13,2020-04-21 21:10:00,93.0,0,logistic_regression,test,1.0685750367987712e-10,0.03604676380522137,0
45,13,2020-04-21 22:10:00,92.0,0,logistic_regression,test,5.921062950215257e-12,0.03604676380522137,0
45,13,2020-04-21 23:10:00,91.0,0,logistic_regression,test,4.482477148357332e-12,0.03604676380522137,0
45,13,2020-04-22 00:10:00,90.0,0,logistic_regression,test,1.0341465996395395e-10,0.03604676380522137,0
45,13,2020-04-22 01:10:00,89.0,0,logistic_regression,test,1.8263487513590005e-09,0.03604676380522137,0
45,13,2020-04-22 02:10:00,88.0,0,logistic_regression,test,5.144712974536834e-09,0.03604676380522137,0
45,13,2020-04-22 03:10:00,87.0,0,logistic_regression,test,1.9251288418251696e-09,0.03604676380522137,0
45,13,2020-04-22 04:10:00,86.0,0,logistic_regression,test,2.5710385883928253e-09,0.03604676380522137,0
45,13,2020-04-22 05:10:00,85.0,0,logistic_regression,test,2.905765090708732e-05,0.03604676380522137,0
45,13,2020-04-22 06:10:00,84.0,0,logistic_regression,test,2.9785635607679503e-05,0.03604676380522137,0
45,13,2020-04-22 07:10:00,83.0,0,logistic_regression,test,9.331258518255391e-06,0.03604676380522137,0
45,13,2020-04-22 08:10:00,82.0,0,logistic_regression,test,7.48114062051749e-06,0.03604676380522137,0
45,13,2020-04-22 09:10:00,81.0,0,logistic_regression,test,2.4052895838784495e-06,0.03604676380522137,0
45,13,2020-04-22 10:10:00,80.0,0,logistic_regression,test,5.453309272097658e-07,0.03604676380522137,0
45,13,2020-04-22 11:10:00,79.0,0,logistic_regression,test,4.402491877142481e-06,0.03604676380522137,0
45,13,2020-04-22 12:10:00,78.0,0,logistic_regression,test,2.47785606881106e-06,0.03604676380522137,0
45,13,2020-04-22 13:10:00,77.0,0,logistic_regression,test,1.0517278172379195e-06,0.03604676380522137,0
45,13,2020-04-22 14:10:00,76.0,0,logistic_regression,test,1.4561665531897742e-06,0.03604676380522137,0
45,13,2020-04-22 15:10:00,75.0,0,logistic_regression,test,7.041781005682634e-07,0.03604676380522137,0
45,13,2020-04-22 16:10:00,74.0,0,logistic_regression,test,6.483039913694478e-07,0.03604676380522137,0
45,13,2020-04-22 17:10:00,73.0,0,logistic_regression,test,1.8072114715219186e-07,0.03604676380522137,0
45,13,2020-04-22 18:10:00,72.0,0,logistic_regression,test,5.515368105705946e-08,0.03604676380522137,0
45,13,2020-04-22 19:10:00,71.0,0,logistic_regression,test,1.4016455587627185e-07,0.03604676380522137,0
45,13,2020-04-22 20:10:00,70.0,0,logistic_regression,test,1.5664656207719476e-07,0.03604676380522137,0
45,13,2020-04-22 21:10:00,69.0,0,logistic_regression,test,8.043405198418776e-08,0.03604676380522137,0
45,13,2020-04-22 22:10:00,68.0,0,logistic_regression,test,1.7712689652956194e-08,0.03604676380522137,0
45,13,2020-04-22 23:10:00,67.0,0,logistic_regression,test,3.353974273478552e-09,0.03604676380522137,0
45,13,2020-04-23 00:10:00,66.0,0,logistic_regression,test,1.2320398985601294e-08,0.03604676380522137,0
45,13,2020-04-23 01:10:00,65.0,0,logistic_regression,test,3.3844142753799795e-09,0.03604676380522137,0
45,13,2020-04-23 02:10:00,64.0,0,logistic_regression,test,1.5828862961950372e-09,0.03604676380522137,0
45,13,2020-04-23 03:10:00,63.0,0,logistic_regression,test,5.238528190058512e-09,0.03604676380522137,0
45,13,2020-04-23 04:10:00,62.0,0,logistic_regression,test,5.698726932731204e-09,0.03604676380522137,0
45,13,2020-04-23 05:10:00,61.0,0,logistic_regression,test,5.378904944078109e-09,0.03604676380522137,0
45,13,2020-04-23 06:10:00,60.0,0,logistic_regression,test,5.013382264349349e-09,0.03604676380522137,0
45,13,2020-04-23 07:10:00,59.0,0,logistic_regression,test,3.755413503290112e-09,0.03604676380522137,0
45,13,2020-04-23 08:10:00,58.0,0,logistic_regression,test,1.0310264727160235e-08,0.03604676380522137,0
45,13,2020-04-23 09:10:00,57.0,0,logistic_regression,test,1.0659031832618605e-09,0.03604676380522137,0
45,13,2020-04-23 10:10:00,56.0,0,logistic_regression,test,2.2198588088937283e-09,0.03604676380522137,0
45,13,2020-04-23 11:10:00,55.0,0,logistic_regression,test,2.398955906049627e-08,0.03604676380522137,0
45,13,2020-04-23 12:10:00,54.0,0,logistic_regression,test,5.981966218997592e-08,0.03604676380522137,0
45,13,2020-04-23 13:10:00,53.0,0,logistic_regression,test,1.552369145554106e-07,0.03604676380522137,0
45,13,2020-04-23 14:10:00,52.0,0,logistic_regression,test,4.820144432461312e-07,0.03604676380522137,0
45,13,2020-04-23 15:10:00,51.0,0,logistic_regression,test,1.8302442145651585e-06,0.03604676380522137,0
45,13,2020-04-23 16:10:00,50.0,0,logistic_regression,test,5.995759263989819e-06,0.03604676380522137,0
45,13,2020-04-23 17:10:00,49.0,0,logistic_regression,test,6.365070678935059e-05,0.03604676380522137,0
45,13,2020-04-23 18:10:00,48.0,1,logistic_regression,test,6.202835703510744e-06,0.03604676380522137,0
45,13,2020-04-23 19:10:00,47.0,1,logistic_regression,test,1.453711997270429e-06,0.03604676380522137,0
45,13,2020-04-23 20:10:00,46.0,1,logistic_regression,test,4.514436969132922e-07,0.03604676380522137,0
45,13,2020-04-23 21:10:00,45.0,1,logistic_regression,test,1.918987463725427e-07,0.03604676380522137,0
45,13,2020-04-23 22:10:00,44.0,1,logistic_regression,test,8.965232824654577e-08,0.03604676380522137,0
45,13,2020-04-23 23:10:00,43.0,1,logistic_regression,test,1.0184601692873235e-07,0.03604676380522137,0
45,13,2020-04-24 00:10:00,42.0,1,logistic_regression,test,6.230542163518965e-10,0.03604676380522137,0
45,13,2020-04-24 01:10:00,41.0,1,logistic_regression,test,2.8988185263548176e-10,0.03604676380522137,0
45,13,2020-04-24 02:10:00,40.0,1,logistic_regression,test,8.522232420342998e-09,0.03604676380522137,0
45,13,2020-04-24 03:10:00,39.0,1,logistic_regression,test,4.655223354119922e-09,0.03604676380522137,0
45,13,2020-04-24 04:10:00,38.0,1,logistic_regression,test,3.4330746624964614e-09,0.03604676380522137,0
45,13,2020-04-24 05:10:00,37.0,1,logistic_regression,test,1.0202165420313386e-08,0.03604676380522137,0
45,13,2020-04-24 06:10:00,36.0,1,logistic_regression,test,1.2656605117105543e-08,0.03604676380522137,0
45,13,2020-04-24 07:10:00,35.0,1,logistic_regression,test,3.674632864551697e-09,0.03604676380522137,0
45,13,2020-04-24 08:10:00,34.0,1,logistic_regression,test,2.9116308127470886e-09,0.03604676380522137,0
45,13,2020-04-24 09:10:00,33.0,1,logistic_regression,test,1.180139913113298e-09,0.03604676380522137,0
45,13,2020-04-24 10:10:00,32.0,1,logistic_regression,test,1.5478217850755885e-09,0.03604676380522137,0
45,13,2020-04-24 11:10:00,31.0,1,logistic_regression,test,2.63593464673193e-09,0.03604676380522137,0
45,13,2020-04-24 12:10:00,30.0,1,logistic_regression,test,1.2939463210275995e-09,0.03604676380522137,0
45,13,2020-04-24 13:10:00,29.0,1,logistic_regression,test,2.918800652779155e-09,0.03604676380522137,0
45,13,2020-04-24 14:10:00,28.0,1,logistic_regression,test,7.377131804529033e-09,0.03604676380522137,0
45,13,2020-04-24 15:10:00,27.0,1,logistic_regression,test,6.963363891486582e-09,0.03604676380522137,0
45,13,2020-04-24 16:10:00,26.0,1,logistic_regression,test,5.972535556343955e-09,0.03604676380522137,0
45,13,2020-04-24 17:10:00,25.0,1,logistic_regression,test,1.506162317499192e-08,0.03604676380522137,0
45,13,2020-04-24 18:10:00,24.0,1,logistic_regression,test,3.607781511076844e-08,0.03604676380522137,0
45,13,2020-04-24 19:10:00,23.0,1,logistic_regression,test,1.7014684112785692e-06,0.03604676380522137,0
45,13,2020-04-24 20:10:00,22.0,1,logistic_regression,test,5.440839044322263e-06,0.03604676380522137,0
45,13,2020-04-24 21:10:00,21.0,1,logistic_regression,test,1.116728656352916e-05,0.03604676380522137,0
45,13,2020-04-24 22:10:00,20.0,1,logistic_regression,test,2.4315509600665675e-05,0.03604676380522137,0
45,13,2020-04-24 23:10:00,19.0,1,logistic_regression,test,1.667471262424068e-05,0.03604676380522137,0
45,13,2020-04-25 00:10:00,18.0,1,logistic_regression,test,1.9801556035830944e-05,0.03604676380522137,0
45,13,2020-04-25 01:10:00,17.0,1,logistic_regression,test,6.620228969438549e-05,0.03604676380522137,0
45,13,2020-04-25 02:10:00,16.0,1,logistic_regression,test,6.441596230406408e-05,0.03604676380522137,0
45,13,2020-04-25 03:10:00,15.0,1,logistic_regression,test,0.0002601204607857787,0.03604676380522137,0
45,13,2020-04-25 04:10:00,14.0,1,logistic_regression,test,0.0001774957273341846,0.03604676380522137,0
45,13,2020-04-25 05:10:00,13.0,1,logistic_regression,test,2.1326254667250587e-05,0.03604676380522137,0
45,13,2020-04-25 06:10:00,12.0,1,logistic_regression,test,8.280974359119838e-05,0.03604676380522137,0
45,13,2020-04-25 07:10:00,11.0,1,logistic_regression,test,0.0002733327659918224,0.03604676380522137,0
45,13,2020-04-25 08:10:00,10.0,1,logistic_regression,test,3.6301383282525364e-05,0.03604676380522137,0
45,13,2020-04-25 09:10:00,9.0,1,logistic_regression,test,0.003358838294181029,0.03604676380522137,0
45,13,2020-04-25 10:10:00,8.0,1,logistic_regression,test,0.04324091110416444,0.03604676380522137,1
45,13,2020-04-25 11:10:00,7.0,1,logistic_regression,test,0.10875406498798496,0.03604676380522137,1
45,13,2020-04-25 12:10:00,6.0,1,logistic_regression,test,0.09500274464780945,0.03604676380522137,1
45,13,2020-04-25 13:10:00,5.0,1,logistic_regression,test,0.028869493367246087,0.03604676380522137,0
45,13,2020-04-25 14:10:00,4.0,1,logistic_regression,test,0.02775938283109634,0.03604676380522137,0
45,13,2020-04-25 15:10:00,3.0,1,logistic_regression,test,0.0202184551970492,0.03604676380522137,0
45,13,2020-04-25 16:10:00,2.0,1,logistic_regression,test,0.023861933387755375,0.03604676380522137,0
45,13,2020-04-25 17:10:00,1.0,1,logistic_regression,test,0.0032018706927551556,0.03604676380522137,0
84,13,2022-09-04 15:30:00,168.0,0,logistic_regression,test,0.00011415805180815648,0.03604676380522137,0
84,13,2022-09-04 16:30:00,167.0,0,logistic_regression,test,2.6076721732721126e-05,0.03604676380522137,0
84,13,2022-09-04 17:30:00,166.0,0,logistic_regression,test,8.66802854610436e-06,0.03604676380522137,0
84,13,2022-09-04 18:30:00,165.0,0,logistic_regression,test,1.3735020029656725e-05,0.03604676380522137,0
84,13,2022-09-04 19:30:00,164.0,0,logistic_regression,test,2.4179658292547128e-05,0.03604676380522137,0
84,13,2022-09-04 20:30:00,163.0,0,logistic_regression,test,2.079498904035137e-05,0.03604676380522137,0
84,13,2022-09-04 21:30:00,162.0,0,logistic_regression,test,1.3831549817139412e-05,0.03604676380522137,0
84,13,2022-09-04 22:30:00,161.0,0,logistic_regression,test,8.233454481235646e-06,0.03604676380522137,0
84,13,2022-09-04 23:30:00,160.0,0,logistic_regression,test,1.0174681404090036e-05,0.03604676380522137,0
84,13,2022-09-05 00:30:00,159.0,0,logistic_regression,test,1.8294302148569017e-05,0.03604676380522137,0
84,13,2022-09-05 01:30:00,158.0,0,logistic_regression,test,1.5596207950543813e-05,0.03604676380522137,0
84,13,2022-09-05 02:30:00,157.0,0,logistic_regression,test,6.872114812396612e-06,0.03604676380522137,0
84,13,2022-09-05 03:30:00,156.0,0,logistic_regression,test,8.80866426136538e-06,0.03604676380522137,0
84,13,2022-09-05 04:30:00,155.0,0,logistic_regression,test,3.0765341168340553e-06,0.03604676380522137,0
84,13,2022-09-05 05:30:00,154.0,0,logistic_regression,test,2.3040476976455996e-06,0.03604676380522137,0
84,13,2022-09-05 06:30:00,153.0,0,logistic_regression,test,3.1101316854462086e-06,0.03604676380522137,0
84,13,2022-09-05 07:30:00,152.0,0,logistic_regression,test,1.0113750304163757e-05,0.03604676380522137,0
84,13,2022-09-05 08:30:00,151.0,0,logistic_regression,test,5.77735775058784e-06,0.03604676380522137,0
84,13,2022-09-05 09:30:00,150.0,0,logistic_regression,test,2.310449624271263e-06,0.03604676380522137,0
84,13,2022-09-05 10:30:00,149.0,0,logistic_regression,test,3.3995859695367405e-06,0.03604676380522137,0
84,13,2022-09-05 11:30:00,148.0,0,logistic_regression,test,2.2090237347080457e-06,0.03604676380522137,0
84,13,2022-09-05 12:30:00,147.0,0,logistic_regression,test,3.758373949490671e-05,0.03604676380522137,0
84,13,2022-09-05 13:30:00,146.0,0,logistic_regression,test,4.4230276979988595e-05,0.03604676380522137,0
84,13,2022-09-05 14:30:00,145.0,0,logistic_regression,test,4.149518541603249e-05,0.03604676380522137,0
84,13,2022-09-05 15:30:00,144.0,0,logistic_regression,test,8.561558753405602e-05,0.03604676380522137,0
84,13,2022-09-05 16:30:00,143.0,0,logistic_regression,test,3.816558756178314e-05,0.03604676380522137,0
84,13,2022-09-05 17:30:00,142.0,0,logistic_regression,test,2.1472149619566957e-05,0.03604676380522137,0
84,13,2022-09-05 18:30:00,141.0,0,logistic_regression,test,9.3934071830244e-06,0.03604676380522137,0
84,13,2022-09-05 19:30:00,140.0,0,logistic_regression,test,2.068563578395363e-06,0.03604676380522137,0
84,13,2022-09-05 20:30:00,139.0,0,logistic_regression,test,1.4634217694618406e-05,0.03604676380522137,0
84,13,2022-09-05 21:30:00,138.0,0,logistic_regression,test,4.883728698927112e-06,0.03604676380522137,0
84,13,2022-09-05 22:30:00,137.0,0,logistic_regression,test,8.677987556434119e-08,0.03604676380522137,0
84,13,2022-09-05 23:30:00,136.0,0,logistic_regression,test,6.892485262251754e-07,0.03604676380522137,0
84,13,2022-09-06 00:30:00,135.0,0,logistic_regression,test,9.389777707468902e-07,0.03604676380522137,0
84,13,2022-09-06 01:30:00,134.0,0,logistic_regression,test,1.4944499677524532e-06,0.03604676380522137,0
84,13,2022-09-06 02:30:00,133.0,0,logistic_regression,test,7.793011798319454e-06,0.03604676380522137,0
84,13,2022-09-06 03:30:00,132.0,0,logistic_regression,test,1.7128102429105778e-05,0.03604676380522137,0
84,13,2022-09-06 04:30:00,131.0,0,logistic_regression,test,4.273251079945102e-06,0.03604676380522137,0
84,13,2022-09-06 05:30:00,130.0,0,logistic_regression,test,2.514048366657703e-06,0.03604676380522137,0
84,13,2022-09-06 06:30:00,129.0,0,logistic_regression,test,9.21458880026156e-06,0.03604676380522137,0
84,13,2022-09-06 07:30:00,128.0,0,logistic_regression,test,4.459637186447202e-06,0.03604676380522137,0
84,13,2022-09-06 08:30:00,127.0,0,logistic_regression,test,2.259087295616268e-06,0.03604676380522137,0
84,13,2022-09-06 09:30:00,126.0,0,logistic_regression,test,6.183293484342655e-07,0.03604676380522137,0
84,13,2022-09-06 10:30:00,125.0,0,logistic_regression,test,2.1172458206379907e-07,0.03604676380522137,0
84,13,2022-09-06 11:30:00,124.0,0,logistic_regression,test,1.491562338426254e-07,0.03604676380522137,0
84,13,2022-09-06 12:30:00,123.0,0,logistic_regression,test,2.607441513859528e-07,0.03604676380522137,0
84,13,2022-09-06 13:30:00,122.0,0,logistic_regression,test,3.2631361104027497e-07,0.03604676380522137,0
84,13,2022-09-06 14:30:00,121.0,0,logistic_regression,test,4.917095237293725e-07,0.03604676380522137,0
84,13,2022-09-06 15:30:00,120.0,0,logistic_regression,test,1.6568036183209295e-06,0.03604676380522137,0
84,13,2022-09-06 16:30:00,119.0,0,logistic_regression,test,1.9075678092461547e-06,0.03604676380522137,0
84,13,2022-09-06 17:30:00,118.0,0,logistic_regression,test,1.8647463703697964e-06,0.03604676380522137,0
84,13,2022-09-06 18:30:00,117.0,0,logistic_regression,test,2.3289842987292366e-06,0.03604676380522137,0
84,13,2022-09-06 19:30:00,116.0,0,logistic_regression,test,2.1369421146480542e-06,0.03604676380522137,0
84,13,2022-09-06 20:30:00,115.0,0,logistic_regression,test,7.04597449980775e-07,0.03604676380522137,0
84,13,2022-09-06 21:30:00,114.0,0,logistic_regression,test,3.0197491172767717e-05,0.03604676380522137,0
84,13,2022-09-06 22:30:00,113.0,0,logistic_regression,test,1.4609337033034136e-06,0.03604676380522137,0
84,13,2022-09-06 23:30:00,112.0,0,logistic_regression,test,1.557749635733486e-06,0.03604676380522137,0
84,13,2022-09-07 00:30:00,111.0,0,logistic_regression,test,4.214855124013444e-05,0.03604676380522137,0
84,13,2022-09-07 01:30:00,110.0,0,logistic_regression,test,1.3159372392826237e-05,0.03604676380522137,0
84,13,2022-09-07 02:30:00,109.0,0,logistic_regression,test,3.5424233866598455e-05,0.03604676380522137,0
84,13,2022-09-07 03:30:00,108.0,0,logistic_regression,test,1.7301201481007404e-05,0.03604676380522137,0
84,13,2022-09-07 04:30:00,107.0,0,logistic_regression,test,1.0788902581853482e-05,0.03604676380522137,0
84,13,2022-09-07 05:30:00,106.0,0,logistic_regression,test,1.9726365592499773e-06,0.03604676380522137,0
84,13,2022-09-07 06:30:00,105.0,0,logistic_regression,test,2.242397354218463e-06,0.03604676380522137,0
84,13,2022-09-07 07:30:00,104.0,0,logistic_regression,test,2.4088199603264703e-06,0.03604676380522137,0
84,13,2022-09-07 08:30:00,103.0,0,logistic_regression,test,1.805912896380844e-06,0.03604676380522137,0
84,13,2022-09-07 09:30:00,102.0,0,logistic_regression,test,1.5126812198872216e-06,0.03604676380522137,0
84,13,2022-09-07 10:30:00,101.0,0,logistic_regression,test,3.7946019114204567e-07,0.03604676380522137,0
84,13,2022-09-07 11:30:00,100.0,0,logistic_regression,test,9.001421869191866e-07,0.03604676380522137,0
84,13,2022-09-07 12:30:00,99.0,0,logistic_regression,test,5.179964910019352e-07,0.03604676380522137,0
84,13,2022-09-07 13:30:00,98.0,0,logistic_regression,test,5.433046687032415e-07,0.03604676380522137,0
84,13,2022-09-07 14:30:00,97.0,0,logistic_regression,test,3.384144748145282e-05,0.03604676380522137,0
84,13,2022-09-07 15:30:00,96.0,0,logistic_regression,test,3.0357015112810283e-05,0.03604676380522137,0
84,13,2022-09-07 16:30:00,95.0,0,logistic_regression,test,0.0025317596903815247,0.03604676380522137,0
84,13,2022-09-07 17:30:00,94.0,0,logistic_regression,test,0.005554529586348944,0.03604676380522137,0
84,13,2022-09-07 18:30:00,93.0,0,logistic_regression,test,0.012810716622071507,0.03604676380522137,0
84,13,2022-09-07 19:30:00,92.0,0,logistic_regression,test,0.015990602037036644,0.03604676380522137,0
84,13,2022-09-07 20:30:00,91.0,0,logistic_regression,test,0.012872243609377974,0.03604676380522137,0
84,13,2022-09-07 21:30:00,90.0,0,logistic_regression,test,0.017230375128988517,0.03604676380522137,0
84,13,2022-09-07 22:30:00,89.0,0,logistic_regression,test,0.012864128668914628,0.03604676380522137,0
84,13,2022-09-07 23:30:00,88.0,0,logistic_regression,test,0.008846256680603822,0.03604676380522137,0
84,13,2022-09-08 00:30:00,87.0,0,logistic_regression,test,0.011455303859225274,0.03604676380522137,0
84,13,2022-09-08 01:30:00,86.0,0,logistic_regression,test,0.01387516596481625,0.03604676380522137,0
84,13,2022-09-08 02:30:00,85.0,0,logistic_regression,test,0.0009846961214546655,0.03604676380522137,0
84,13,2022-09-08 03:30:00,84.0,0,logistic_regression,test,0.009221538717618364,0.03604676380522137,0
84,13,2022-09-08 04:30:00,83.0,0,logistic_regression,test,0.006979294394426461,0.03604676380522137,0
84,13,2022-09-08 05:30:00,82.0,0,logistic_regression,test,0.00013775033458821086,0.03604676380522137,0
84,13,2022-09-08 06:30:00,81.0,0,logistic_regression,test,0.00017333617807687942,0.03604676380522137,0
84,13,2022-09-08 07:30:00,80.0,0,logistic_regression,test,0.0009629552732751883,0.03604676380522137,0
84,13,2022-09-08 08:30:00,79.0,0,logistic_regression,test,0.00021403398902868323,0.03604676380522137,0
84,13,2022-09-08 09:30:00,78.0,0,logistic_regression,test,7.555510095173881e-05,0.03604676380522137,0
84,13,2022-09-08 10:30:00,77.0,0,logistic_regression,test,5.087257319750378e-05,0.03604676380522137,0
84,13,2022-09-08 11:30:00,76.0,0,logistic_regression,test,0.00012485000328941025,0.03604676380522137,0
84,13,2022-09-08 12:30:00,75.0,0,logistic_regression,test,0.00042688011860061694,0.03604676380522137,0
84,13,2022-09-08 13:30:00,74.0,0,logistic_regression,test,0.001279452778144388,0.03604676380522137,0
84,13,2022-09-08 14:30:00,73.0,0,logistic_regression,test,0.02486865551576758,0.03604676380522137,0
84,13,2022-09-08 15:30:00,72.0,0,logistic_regression,test,0.06323390147064484,0.03604676380522137,1
84,13,2022-09-08 16:30:00,71.0,0,logistic_regression,test,0.012555084636273677,0.03604676380522137,0
84,13,2022-09-08 17:30:00,70.0,0,logistic_regression,test,0.0029874968812133858,0.03604676380522137,0
84,13,2022-09-08 18:30:00,69.0,0,logistic_regression,test,0.0008503791385155126,0.03604676380522137,0
84,13,2022-09-08 19:30:00,68.0,0,logistic_regression,test,0.0010177564713648452,0.03604676380522137,0
84,13,2022-09-08 20:30:00,67.0,0,logistic_regression,test,0.000368903565715287,0.03604676380522137,0
84,13,2022-09-08 21:30:00,66.0,0,logistic_regression,test,2.8476835278202314e-05,0.03604676380522137,0
84,13,2022-09-08 22:30:00,65.0,0,logistic_regression,test,2.152793139645524e-06,0.03604676380522137,0
84,13,2022-09-08 23:30:00,64.0,0,logistic_regression,test,9.50181890265793e-06,0.03604676380522137,0
84,13,2022-09-09 00:30:00,63.0,0,logistic_regression,test,3.278676217331054e-06,0.03604676380522137,0
84,13,2022-09-09 01:30:00,62.0,0,logistic_regression,test,5.093723429320905e-07,0.03604676380522137,0
84,13,2022-09-09 02:30:00,61.0,0,logistic_regression,test,2.8553642044649317e-06,0.03604676380522137,0
84,13,2022-09-09 03:30:00,60.0,0,logistic_regression,test,1.8001393965465166e-06,0.03604676380522137,0
84,13,2022-09-09 04:30:00,59.0,0,logistic_regression,test,1.2934562744092264e-06,0.03604676380522137,0
84,13,2022-09-09 05:30:00,58.0,0,logistic_regression,test,9.612028293198735e-07,0.03604676380522137,0
84,13,2022-09-09 06:30:00,57.0,0,logistic_regression,test,1.1335917885063722e-07,0.03604676380522137,0
84,13,2022-09-09 07:30:00,56.0,0,logistic_regression,test,3.217331393269082e-07,0.03604676380522137,0
84,13,2022-09-09 08:30:00,55.0,0,logistic_regression,test,2.317784843870342e-07,0.03604676380522137,0
84,13,2022-09-09 09:30:00,54.0,0,logistic_regression,test,1.2568600147456883e-07,0.03604676380522137,0
84,13,2022-09-09 10:30:00,53.0,0,logistic_regression,test,2.2318714857428326e-06,0.03604676380522137,0
84,13,2022-09-09 11:30:00,52.0,0,logistic_regression,test,2.5204332241840305e-06,0.03604676380522137,0
84,13,2022-09-09 12:30:00,51.0,0,logistic_regression,test,1.98924211387483e-05,0.03604676380522137,0
84,13,2022-09-09 13:30:00,50.0,0,logistic_regression,test,1.1227647060237203e-05,0.03604676380522137,0
84,13,2022-09-09 14:30:00,49.0,0,logistic_regression,test,3.093061656697785e-05,0.03604676380522137,0
84,13,2022-09-09 15:30:00,48.0,1,logistic_regression,test,2.5082671094579177e-05,0.03604676380522137,0
84,13,2022-09-09 16:30:00,47.0,1,logistic_regression,test,0.0001546552547323288,0.03604676380522137,0
84,13,2022-09-09 17:30:00,46.0,1,logistic_regression,test,0.00010451980853451827,0.03604676380522137,0
84,13,2022-09-09 18:30:00,45.0,1,logistic_regression,test,2.671350288728738e-05,0.03604676380522137,0
84,13,2022-09-09 19:30:00,44.0,1,logistic_regression,test,0.00032325618754574945,0.03604676380522137,0
84,13,2022-09-09 20:30:00,43.0,1,logistic_regression,test,0.0007498086041641291,0.03604676380522137,0
84,13,2022-09-09 21:30:00,42.0,1,logistic_regression,test,0.0025746566853659114,0.03604676380522137,0
84,13,2022-09-09 22:30:00,41.0,1,logistic_regression,test,0.008685563069314495,0.03604676380522137,0
84,13,2022-09-09 23:30:00,40.0,1,logistic_regression,test,0.01599496646201537,0.03604676380522137,0
84,13,2022-09-10 00:30:00,39.0,1,logistic_regression,test,0.4081223193937807,0.03604676380522137,1
84,13,2022-09-10 01:30:00,38.0,1,logistic_regression,test,0.4115379708425524,0.03604676380522137,1
84,13,2022-09-10 02:30:00,37.0,1,logistic_regression,test,0.36280458098659885,0.03604676380522137,1
84,13,2022-09-10 03:30:00,36.0,1,logistic_regression,test,0.15257617983324714,0.03604676380522137,1
84,13,2022-09-10 04:30:00,35.0,1,logistic_regression,test,0.0032903381851371546,0.03604676380522137,0
84,13,2022-09-10 05:30:00,34.0,1,logistic_regression,test,0.0035798242084624206,0.03604676380522137,0
84,13,2022-09-10 06:30:00,33.0,1,logistic_regression,test,0.0022827714086706944,0.03604676380522137,0
84,13,2022-09-10 07:30:00,32.0,1,logistic_regression,test,0.012516971066198502,0.03604676380522137,0
84,13,2022-09-10 08:30:00,31.0,1,logistic_regression,test,0.5065824431996154,0.03604676380522137,1
84,13,2022-09-10 09:30:00,30.0,1,logistic_regression,test,0.26299371777165087,0.03604676380522137,1
84,13,2022-09-10 10:30:00,29.0,1,logistic_regression,test,0.2240022526305444,0.03604676380522137,1
84,13,2022-09-10 11:30:00,28.0,1,logistic_regression,test,0.5764050843959712,0.03604676380522137,1
84,13,2022-09-10 12:30:00,27.0,1,logistic_regression,test,0.6887640064920076,0.03604676380522137,1
84,13,2022-09-10 13:30:00,26.0,1,logistic_regression,test,0.88239517009607,0.03604676380522137,1
84,13,2022-09-10 14:30:00,25.0,1,logistic_regression,test,0.9812510436571896,0.03604676380522137,1
84,13,2022-09-10 15:30:00,24.0,1,logistic_regression,test,0.9985555986894438,0.03604676380522137,1
84,13,2022-09-10 16:30:00,23.0,1,logistic_regression,test,0.9712868061932328,0.03604676380522137,1
84,13,2022-09-10 17:30:00,22.0,1,logistic_regression,test,0.796490590839231,0.03604676380522137,1
84,13,2022-09-10 18:30:00,21.0,1,logistic_regression,test,0.5154399001439416,0.03604676380522137,1
84,13,2022-09-10 19:30:00,20.0,1,logistic_regression,test,0.0934897678843225,0.03604676380522137,1
84,13,2022-09-10 20:30:00,19.0,1,logistic_regression,test,0.03852253077335573,0.03604676380522137,1
84,13,2022-09-10 21:30:00,18.0,1,logistic_regression,test,0.04720906953940823,0.03604676380522137,1
84,13,2022-09-10 22:30:00,17.0,1,logistic_regression,test,0.27366054016586727,0.03604676380522137,1
84,13,2022-09-10 23:30:00,16.0,1,logistic_regression,test,0.6543453919602132,0.03604676380522137,1
84,13,2022-09-11 00:30:00,15.0,1,logistic_regression,test,0.5629814451366881,0.03604676380522137,1
84,13,2022-09-11 01:30:00,14.0,1,logistic_regression,test,0.5762571955456957,0.03604676380522137,1
84,13,2022-09-11 02:30:00,13.0,1,logistic_regression,test,0.25556728014732194,0.03604676380522137,1
84,13,2022-09-11 03:30:00,12.0,1,logistic_regression,test,0.5250499638616851,0.03604676380522137,1
84,13,2022-09-11 04:30:00,11.0,1,logistic_regression,test,0.39253220547795464,0.03604676380522137,1
84,13,2022-09-11 05:30:00,10.0,1,logistic_regression,test,0.8701715533993837,0.03604676380522137,1
84,13,2022-09-11 06:30:00,9.0,1,logistic_regression,test,0.923913870187925,0.03604676380522137,1
84,13,2022-09-11 07:30:00,8.0,1,logistic_regression,test,0.7561381263590718,0.03604676380522137,1
84,13,2022-09-11 08:30:00,7.0,1,logistic_regression,test,0.9562636570241105,0.03604676380522137,1
84,13,2022-09-11 09:30:00,6.0,1,logistic_regression,test,0.9993461567969286,0.03604676380522137,1
84,13,2022-09-11 10:30:00,5.0,1,logistic_regression,test,0.9997163367917964,0.03604676380522137,1
84,13,2022-09-11 11:30:00,4.0,1,logistic_regression,test,0.9983159441263156,0.03604676380522137,1
84,13,2022-09-11 12:30:00,3.0,1,logistic_regression,test,0.9998756604273564,0.03604676380522137,1
84,13,2022-09-11 13:30:00,2.0,1,logistic_regression,test,0.9990473118699872,0.03604676380522137,1
84,13,2022-09-11 14:30:00,1.0,1,logistic_regression,test,0.9718869213574994,0.03604676380522137,1
13,21,2023-05-02 13:20:00,,0,hist_gradient_boosting,val,0.00022300466668033405,0.022334675449539546,0
13,21,2023-05-02 14:20:00,,0,hist_gradient_boosting,val,0.00019269226862562316,0.022334675449539546,0
13,21,2023-05-02 15:20:00,,0,hist_gradient_boosting,val,0.0004136193292097776,0.022334675449539546,0
13,21,2023-05-02 16:20:00,,0,hist_gradient_boosting,val,0.00026614982333244376,0.022334675449539546,0
13,21,2023-05-02 17:20:00,,0,hist_gradient_boosting,val,0.00026614982333244376,0.022334675449539546,0
13,21,2023-05-02 18:20:00,,0,hist_gradient_boosting,val,0.00023701063701991946,0.022334675449539546,0
13,21,2023-05-02 19:20:00,,0,hist_gradient_boosting,val,0.00016648240968297198,0.022334675449539546,0
13,21,2023-05-02 20:20:00,,0,hist_gradient_boosting,val,0.00011377550644104123,0.022334675449539546,0
13,21,2023-05-02 21:20:00,,0,hist_gradient_boosting,val,0.00011147833394325709,0.022334675449539546,0
13,21,2023-05-02 22:20:00,,0,hist_gradient_boosting,val,0.00011147833394325709,0.022334675449539546,0
13,21,2023-05-02 23:20:00,,0,hist_gradient_boosting,val,0.00011949138470290153,0.022334675449539546,0
13,21,2023-05-03 00:20:00,,0,hist_gradient_boosting,val,0.0001185651478075303,0.022334675449539546,0
13,21,2023-05-03 01:20:00,,0,hist_gradient_boosting,val,0.0001204523325774109,0.022334675449539546,0
13,21,2023-05-03 02:20:00,,0,hist_gradient_boosting,val,0.0001423758974367619,0.022334675449539546,0
13,21,2023-05-03 03:20:00,,0,hist_gradient_boosting,val,0.0003058984728770858,0.022334675449539546,0
13,21,2023-05-03 04:20:00,,0,hist_gradient_boosting,val,0.0001283294400633923,0.022334675449539546,0
13,21,2023-05-03 05:20:00,,0,hist_gradient_boosting,val,0.00013415401186527343,0.022334675449539546,0
13,21,2023-05-03 06:20:00,,0,hist_gradient_boosting,val,0.00013772700431812404,0.022334675449539546,0
13,21,2023-05-03 07:20:00,,0,hist_gradient_boosting,val,0.0001469670736801322,0.022334675449539546,0
13,21,2023-05-03 08:20:00,,0,hist_gradient_boosting,val,0.0001708834645479663,0.022334675449539546,0
13,21,2023-05-03 09:20:00,,0,hist_gradient_boosting,val,0.00029274880702474197,0.022334675449539546,0
13,21,2023-05-03 10:20:00,,0,hist_gradient_boosting,val,0.00023245962859057783,0.022334675449539546,0
13,21,2023-05-03 11:20:00,,0,hist_gradient_boosting,val,0.00024631983662773394,0.022334675449539546,0
13,21,2023-05-03 12:20:00,,0,hist_gradient_boosting,val,0.0002660157938033304,0.022334675449539546,0
13,21,2023-05-03 13:20:00,,0,hist_gradient_boosting,val,0.0002882239852949046,0.022334675449539546,0
13,21,2023-05-03 14:20:00,,0,hist_gradient_boosting,val,0.00029652658266510526,0.022334675449539546,0
13,21,2023-05-03 15:20:00,,0,hist_gradient_boosting,val,0.0003452857763440695,0.022334675449539546,0
13,21,2023-05-03 16:20:00,,0,hist_gradient_boosting,val,0.00034951259377607384,0.022334675449539546,0
13,21,2023-05-03 17:20:00,,0,hist_gradient_boosting,val,0.0002808995709361485,0.022334675449539546,0
13,21,2023-05-03 18:20:00,,0,hist_gradient_boosting,val,9.671568523074398e-05,0.022334675449539546,0
13,21,2023-05-03 19:20:00,,0,hist_gradient_boosting,val,0.000258573500288054,0.022334675449539546,0
13,21,2023-05-03 20:20:00,,0,hist_gradient_boosting,val,0.0011000414811612597,0.022334675449539546,0
13,21,2023-05-03 21:20:00,,0,hist_gradient_boosting,val,0.0007846040767008887,0.022334675449539546,0
13,21,2023-05-03 22:20:00,,0,hist_gradient_boosting,val,0.0005420301202500995,0.022334675449539546,0
13,21,2023-05-03 23:20:00,,0,hist_gradient_boosting,val,0.00020472365407276413,0.022334675449539546,0
13,21,2023-05-04 00:20:00,,0,hist_gradient_boosting,val,0.00037247108686234504,0.022334675449539546,0
13,21,2023-05-04 01:20:00,,0,hist_gradient_boosting,val,0.0002294426130492766,0.022334675449539546,0
13,21,2023-05-04 02:20:00,,0,hist_gradient_boosting,val,0.00012365780674951577,0.022334675449539546,0
13,21,2023-05-04 03:20:00,,0,hist_gradient_boosting,val,0.00021999623636474418,0.022334675449539546,0
13,21,2023-05-04 04:20:00,,0,hist_gradient_boosting,val,0.00017768052550023438,0.022334675449539546,0
13,21,2023-05-04 05:20:00,,0,hist_gradient_boosting,val,0.0002628961366628291,0.022334675449539546,0
13,21,2023-05-04 06:20:00,,0,hist_gradient_boosting,val,0.0001211304855315735,0.022334675449539546,0
13,21,2023-05-04 07:20:00,,0,hist_gradient_boosting,val,0.00028204196528160396,0.022334675449539546,0
13,21,2023-05-04 08:20:00,,0,hist_gradient_boosting,val,0.0003695287813430963,0.022334675449539546,0
13,21,2023-05-04 09:20:00,,0,hist_gradient_boosting,val,0.00040821813829930675,0.022334675449539546,0
13,21,2023-05-04 10:20:00,,0,hist_gradient_boosting,val,0.0007485507561402012,0.022334675449539546,0
13,21,2023-05-04 11:20:00,,0,hist_gradient_boosting,val,0.0012637908923648123,0.022334675449539546,0
13,21,2023-05-04 12:20:00,,0,hist_gradient_boosting,val,0.000548744145743796,0.022334675449539546,0
13,21,2023-05-04 13:20:00,,0,hist_gradient_boosting,val,0.0005195517852293419,0.022334675449539546,0
13,21,2023-05-04 14:20:00,,0,hist_gradient_boosting,val,0.0006843773934446331,0.022334675449539546,0
13,21,2023-05-04 15:20:00,,0,hist_gradient_boosting,val,0.0003866998789174114,0.022334675449539546,0
13,21,2023-05-04 16:20:00,,0,hist_gradient_boosting,val,0.0008159613057977118,0.022334675449539546,0
13,21,2023-05-04 17:20:00,,0,hist_gradient_boosting,val,0.0008159613057977118,0.022334675449539546,0
13,21,2023-05-04 18:20:00,,0,hist_gradient_boosting,val,0.00043645026974572344,0.022334675449539546,0
13,21,2023-05-04 19:20:00,,0,hist_gradient_boosting,val,0.0006252446123127427,0.022334675449539546,0
13,21,2023-05-04 20:20:00,,0,hist_gradient_boosting,val,0.0010879386785921318,0.022334675449539546,0
13,21,2023-05-04 21:20:00,,0,hist_gradient_boosting,val,0.001300585036646224,0.022334675449539546,0
13,21,2023-05-04 22:20:00,,0,hist_gradient_boosting,val,0.0006413216330191123,0.022334675449539546,0
13,21,2023-05-04 23:20:00,,0,hist_gradient_boosting,val,0.0006620580295068787,0.022334675449539546,0
13,21,2023-05-05 00:20:00,,0,hist_gradient_boosting,val,0.0006824234186604241,0.022334675449539546,0
13,21,2023-05-05 01:20:00,,0,hist_gradient_boosting,val,0.000783256017697809,0.022334675449539546,0
13,21,2023-05-05 02:20:00,,0,hist_gradient_boosting,val,0.00043179295083645164,0.022334675449539546,0
13,21,2023-05-05 03:20:00,,0,hist_gradient_boosting,val,0.0003761889762973093,0.022334675449539546,0
13,21,2023-05-05 04:20:00,,0,hist_gradient_boosting,val,0.00031223346927379076,0.022334675449539546,0
13,21,2023-05-05 05:20:00,,0,hist_gradient_boosting,val,0.0003504984282313409,0.022334675449539546,0
13,21,2023-05-05 06:20:00,,0,hist_gradient_boosting,val,0.00033039589620703066,0.022334675449539546,0
13,21,2023-05-05 07:20:00,,0,hist_gradient_boosting,val,0.00036193094567825727,0.022334675449539546,0
13,21,2023-05-05 08:20:00,,0,hist_gradient_boosting,val,0.00018742318687567114,0.022334675449539546,0
13,21,2023-05-05 09:20:00,,0,hist_gradient_boosting,val,0.00016682536245270002,0.022334675449539546,0
13,21,2023-05-05 10:20:00,,0,hist_gradient_boosting,val,0.00015760280694040863,0.022334675449539546,0
13,21,2023-05-05 11:20:00,,0,hist_gradient_boosting,val,0.0001641202025990016,0.022334675449539546,0
13,21,2023-05-05 12:20:00,,0,hist_gradient_boosting,val,0.00029673310706897953,0.022334675449539546,0
13,21,2023-05-05 13:20:00,,0,hist_gradient_boosting,val,0.00029647364505568905,0.022334675449539546,0
13,21,2023-05-05 14:20:00,,0,hist_gradient_boosting,val,0.0002363226671253072,0.022334675449539546,0
13,21,2023-05-05 15:20:00,,0,hist_gradient_boosting,val,0.000229352808476636,0.022334675449539546,0
13,21,2023-05-05 16:20:00,,0,hist_gradient_boosting,val,0.00022883324374027033,0.022334675449539546,0
13,21,2023-05-05 17:20:00,,0,hist_gradient_boosting,val,0.00017064993591475668,0.022334675449539546,0
13,21,2023-05-05 18:20:00,,0,hist_gradient_boosting,val,0.0002480185629230001,0.022334675449539546,0
13,21,2023-05-05 19:20:00,,0,hist_gradient_boosting,val,0.0001441080780767264,0.022334675449539546,0
13,21,2023-05-05 20:20:00,,0,hist_gradient_boosting,val,0.0001441080780767264,0.022334675449539546,0
13,21,2023-05-05 21:20:00,,0,hist_gradient_boosting,val,0.00020060555515742423,0.022334675449539546,0
13,21,2023-05-05 22:20:00,,0,hist_gradient_boosting,val,0.00025490266173744874,0.022334675449539546,0
13,21,2023-05-05 23:20:00,,0,hist_gradient_boosting,val,0.00016507342812541488,0.022334675449539546,0
13,21,2023-05-06 00:20:00,,0,hist_gradient_boosting,val,0.00016507342812541488,0.022334675449539546,0
13,21,2023-05-06 01:20:00,,0,hist_gradient_boosting,val,0.00017418548403239464,0.022334675449539546,0
13,21,2023-05-06 02:20:00,,0,hist_gradient_boosting,val,0.00018394783248917268,0.022334675449539546,0
13,21,2023-05-06 03:20:00,,0,hist_gradient_boosting,val,0.00019611272013509904,0.022334675449539546,0
13,21,2023-05-06 04:20:00,,0,hist_gradient_boosting,val,0.00018460540438112043,0.022334675449539546,0
13,21,2023-05-06 05:20:00,,0,hist_gradient_boosting,val,0.00020544070654767856,0.022334675449539546,0
13,21,2023-05-06 06:20:00,,0,hist_gradient_boosting,val,0.0001257618947575381,0.022334675449539546,0
13,21,2023-05-06 07:20:00,,0,hist_gradient_boosting,val,0.0001295623163813781,0.022334675449539546,0
13,21,2023-05-06 08:20:00,,0,hist_gradient_boosting,val,0.0001043458802274783,0.022334675449539546,0
13,21,2023-05-06 09:20:00,,0,hist_gradient_boosting,val,0.00011873096593354875,0.022334675449539546,0
13,21,2023-05-06 10:20:00,,0,hist_gradient_boosting,val,0.00020623067966809045,0.022334675449539546,0
13,21,2023-05-06 11:20:00,,0,hist_gradient_boosting,val,0.0001944541218510532,0.022334675449539546,0
13,21,2023-05-06 12:20:00,,0,hist_gradient_boosting,val,0.00016547101491202603,0.022334675449539546,0
13,21,2023-05-06 13:20:00,,0,hist_gradient_boosting,val,7.697638890383175e-05,0.022334675449539546,0
13,21,2023-05-06 14:20:00,,0,hist_gradient_boosting,val,6.075340299464828e-05,0.022334675449539546,0
13,21,2023-05-06 15:20:00,,0,hist_gradient_boosting,val,0.00012098474281410694,0.022334675449539546,0
13,21,2023-05-06 16:20:00,,0,hist_gradient_boosting,val,0.00015385656016366915,0.022334675449539546,0
13,21,2023-05-06 17:20:00,,0,hist_gradient_boosting,val,0.0001626240336734463,0.022334675449539546,0
13,21,2023-05-06 18:20:00,,0,hist_gradient_boosting,val,0.00022109226347140503,0.022334675449539546,0
13,21,2023-05-06 19:20:00,,0,hist_gradient_boosting,val,0.0002335188220776709,0.022334675449539546,0
13,21,2023-05-06 20:20:00,,0,hist_gradient_boosting,val,0.00022109226347140503,0.022334675449539546,0
13,21,2023-05-06 21:20:00,,0,hist_gradient_boosting,val,0.00022109226347140503,0.022334675449539546,0
13,21,2023-05-06 22:20:00,,0,hist_gradient_boosting,val,0.00022921084762740995,0.022334675449539546,0
13,21,2023-05-06 23:20:00,,0,hist_gradient_boosting,val,0.0002997191974980121,0.022334675449539546,0
13,21,2023-05-07 00:20:00,,0,hist_gradient_boosting,val,0.00035034298524191026,0.022334675449539546,0
13,21,2023-05-07 01:20:00,,0,hist_gradient_boosting,val,0.0003656835768419357,0.022334675449539546,0
13,21,2023-05-07 02:20:00,,0,hist_gradient_boosting,val,0.0004856674905035551,0.022334675449539546,0
13,21,2023-05-07 03:20:00,,0,hist_gradient_boosting,val,0.0005754816612841899,0.022334675449539546,0
13,21,2023-05-07 04:20:00,,0,hist_gradient_boosting,val,0.00046346140327619415,0.022334675449539546,0
13,21,2023-05-07 05:20:00,,0,hist_gradient_boosting,val,0.00046346140327619415,0.022334675449539546,0
13,21,2023-05-07 06:20:00,,0,hist_gradient_boosting,val,0.00046346140327619415,0.022334675449539546,0
13,21,2023-05-07 07:20:00,,0,hist_gradient_boosting,val,0.0004830862331077658,0.022334675449539546,0
13,21,2023-05-07 08:20:00,,0,hist_gradient_boosting,val,0.0005998470351681746,0.022334675449539546,0
13,21,2023-05-07 09:20:00,,0,hist_gradient_boosting,val,0.0004663628838083494,0.022334675449539546,0
13,21,2023-05-07 10:20:00,,0,hist_gradient_boosting,val,0.0005860043437663827,0.022334675449539546,0
13,21,2023-05-07 11:20:00,,0,hist_gradient_boosting,val,0.0005567157798752372,0.022334675449539546,0
13,21,2023-05-07 12:20:00,,0,hist_gradient_boosting,val,0.0005695716901193309,0.022334675449539546,0
13,21,2023-05-07 13:20:00,,0,hist_gradient_boosting,val,0.00045563074072794296,0.022334675449539546,0
13,21,2023-05-07 14:20:00,,0,hist_gradient_boosting,val,0.000566864085223097,0.022334675449539546,0
13,21,2023-05-07 15:20:00,,0,hist_gradient_boosting,val,0.0005001288426102977,0.022334675449539546,0
13,21,2023-05-07 16:20:00,,0,hist_gradient_boosting,val,0.0004146324000479168,0.022334675449539546,0
13,21,2023-05-07 17:20:00,,0,hist_gradient_boosting,val,0.0004242086549483879,0.022334675449539546,0
13,21,2023-05-07 18:20:00,,0,hist_gradient_boosting,val,0.0004616998942497427,0.022334675449539546,0
13,21,2023-05-07 19:20:00,,0,hist_gradient_boosting,val,0.0004291752251787204,0.022334675449539546,0
13,21,2023-05-07 20:20:00,,0,hist_gradient_boosting,val,0.0005795574864513413,0.022334675449539546,0
13,21,2023-05-07 21:20:00,,0,hist_gradient_boosting,val,0.0003880207435913429,0.022334675449539546,0
13,21,2023-05-07 22:20:00,,0,hist_gradient_boosting,val,0.00023374353503106688,0.022334675449539546,0
13,21,2023-05-07 23:20:00,,0,hist_gradient_boosting,val,0.00026288549609776164,0.022334675449539546,0
13,21,2023-05-08 00:20:00,,0,hist_gradient_boosting,val,0.0002836351811150639,0.022334675449539546,0
13,21,2023-05-08 01:20:00,,0,hist_gradient_boosting,val,0.00027251319642690875,0.022334675449539546,0
13,21,2023-05-08 02:20:00,,0,hist_gradient_boosting,val,0.00027251319642690875,0.022334675449539546,0
13,21,2023-05-08 03:20:00,,0,hist_gradient_boosting,val,0.0002815490712114729,0.022334675449539546,0
13,21,2023-05-08 04:20:00,,0,hist_gradient_boosting,val,0.00041228048535073687,0.022334675449539546,0
13,21,2023-05-08 05:20:00,,0,hist_gradient_boosting,val,0.000501156016577466,0.022334675449539546,0
13,21,2023-05-08 06:20:00,,0,hist_gradient_boosting,val,0.0013724068953307697,0.022334675449539546,0
13,21,2023-05-08 07:20:00,,0,hist_gradient_boosting,val,0.004094092794851484,0.022334675449539546,0
13,21,2023-05-08 08:20:00,,0,hist_gradient_boosting,val,0.006011587670479859,0.022334675449539546,0
13,21,2023-05-08 09:20:00,,0,hist_gradient_boosting,val,0.0009166241012940413,0.022334675449539546,0
13,21,2023-05-08 10:20:00,,0,hist_gradient_boosting,val,0.0009878009129108208,0.022334675449539546,0
13,21,2023-05-08 11:20:00,,0,hist_gradient_boosting,val,0.00030826920718934246,0.022334675449539546,0
13,21,2023-05-08 12:20:00,,0,hist_gradient_boosting,val,0.00033232267858506045,0.022334675449539546,0
13,21,2023-05-08 13:20:00,,0,hist_gradient_boosting,val,0.00016863787920982156,0.022334675449539546,0
13,21,2023-05-08 14:20:00,,0,hist_gradient_boosting,val,0.00016922663634458003,0.022334675449539546,0
13,21,2023-05-08 15:20:00,,0,hist_gradient_boosting,val,0.00023702085023200817,0.022334675449539546,0
13,21,2023-05-08 16:20:00,,0,hist_gradient_boosting,val,0.0003810291701535723,0.022334675449539546,0
13,21,2023-05-08 17:20:00,,0,hist_gradient_boosting,val,0.000418837524460939,0.022334675449539546,0
13,21,2023-05-08 18:20:00,,0,hist_gradient_boosting,val,0.0007742398424882956,0.022334675449539546,0
13,21,2023-05-08 19:20:00,,0,hist_gradient_boosting,val,0.0008230058518564121,0.022334675449539546,0
13,21,2023-05-08 20:20:00,,0,hist_gradient_boosting,val,0.0008668436899742373,0.022334675449539546,0
13,21,2023-05-08 21:20:00,,0,hist_gradient_boosting,val,0.0011146274161294917,0.022334675449539546,0
13,21,2023-05-08 22:20:00,,0,hist_gradient_boosting,val,0.0010213054574670843,0.022334675449539546,0
13,21,2023-05-08 23:20:00,,0,hist_gradient_boosting,val,0.001874761065180723,0.022334675449539546,0
13,21,2023-05-09 00:20:00,,0,hist_gradient_boosting,val,0.002187182040924789,0.022334675449539546,0
13,21,2023-05-09 01:20:00,,0,hist_gradient_boosting,val,0.0016125640708391801,0.022334675449539546,0
13,21,2023-05-09 02:20:00,,0,hist_gradient_boosting,val,0.0007975529630453835,0.022334675449539546,0
13,21,2023-05-09 03:20:00,,0,hist_gradient_boosting,val,0.0009854807972828731,0.022334675449539546,0
13,21,2023-05-09 04:20:00,,0,hist_gradient_boosting,val,0.001542564497043029,0.022334675449539546,0
13,21,2023-05-09 05:20:00,,0,hist_gradient_boosting,val,0.001757302240396316,0.022334675449539546,0
13,21,2023-05-09 06:20:00,,0,hist_gradient_boosting,val,0.00095999967238749,0.022334675449539546,0
13,21,2023-05-09 07:20:00,,0,hist_gradient_boosting,val,0.00095999967238749,0.022334675449539546,0
13,21,2023-05-09 08:20:00,,0,hist_gradient_boosting,val,0.0007668714422040146,0.022334675449539546,0
13,21,2023-05-09 09:20:00,,0,hist_gradient_boosting,val,0.0013307295256690741,0.022334675449539546,0
13,21,2023-05-09 10:20:00,,0,hist_gradient_boosting,val,0.0013185399372691315,0.022334675449539546,0
13,21,2023-05-09 11:20:00,,0,hist_gradient_boosting,val,0.0009171532809170478,0.022334675449539546,0
13,21,2023-05-09 12:20:00,,0,hist_gradient_boosting,val,0.0011127571359816192,0.022334675449539546,0
13,21,2023-05-09 13:20:00,,0,hist_gradient_boosting,val,0.0012924637717318885,0.022334675449539546,0
13,21,2023-05-09 14:20:00,,0,hist_gradient_boosting,val,0.001383417082723274,0.022334675449539546,0
13,21,2023-05-09 15:20:00,,0,hist_gradient_boosting,val,0.0010330175379976213,0.022334675449539546,0
13,21,2023-05-09 16:20:00,,0,hist_gradient_boosting,val,0.001015389801432387,0.022334675449539546,0
13,21,2023-05-09 17:20:00,,0,hist_gradient_boosting,val,0.001295882006395638,0.022334675449539546,0
13,21,2023-05-09 18:20:00,,0,hist_gradient_boosting,val,0.0011717971661891896,0.022334675449539546,0
13,21,2023-05-09 19:20:00,,0,hist_gradient_boosting,val,0.0010886291062260358,0.022334675449539546,0
13,21,2023-05-09 20:20:00,,0,hist_gradient_boosting,val,0.0010886291062260358,0.022334675449539546,0
13,21,2023-05-09 21:20:00,,0,hist_gradient_boosting,val,0.0009106060595514533,0.022334675449539546,0
13,21,2023-05-09 22:20:00,,0,hist_gradient_boosting,val,0.0010424438606201985,0.022334675449539546,0
13,21,2023-05-09 23:20:00,,0,hist_gradient_boosting,val,0.0006183645088731211,0.022334675449539546,0
13,21,2023-05-10 00:20:00,,0,hist_gradient_boosting,val,0.0006489825701805167,0.022334675449539546,0
13,21,2023-05-10 01:20:00,,0,hist_gradient_boosting,val,0.0004590294579451949,0.022334675449539546,0
13,21,2023-05-10 02:20:00,,0,hist_gradient_boosting,val,0.0004537436478768835,0.022334675449539546,0
13,21,2023-05-10 03:20:00,,0,hist_gradient_boosting,val,0.0007497248696564648,0.022334675449539546,0
13,21,2023-05-10 04:20:00,,0,hist_gradient_boosting,val,0.0007541184888867966,0.022334675449539546,0
13,21,2023-05-10 05:20:00,,0,hist_gradient_boosting,val,0.0007156070562266953,0.022334675449539546,0
13,21,2023-05-10 06:20:00,,0,hist_gradient_boosting,val,0.0007156070562266953,0.022334675449539546,0
13,21,2023-05-10 07:20:00,,0,hist_gradient_boosting,val,0.0007626321127525363,0.022334675449539546,0
13,21,2023-05-10 08:20:00,,0,hist_gradient_boosting,val,0.000783846182484412,0.022334675449539546,0
13,21,2023-05-10 09:20:00,,0,hist_gradient_boosting,val,0.000783846182484412,0.022334675449539546,0
13,21,2023-05-10 10:20:00,,0,hist_gradient_boosting,val,0.0007626321127525363,0.022334675449539546,0
13,21,2023-05-10 11:20:00,,0,hist_gradient_boosting,val,0.0007562083290931222,0.022334675449539546,0
13,21,2023-05-10 12:20:00,,0,hist_gradient_boosting,val,0.0007993573040012335,0.022334675449539546,0
13,21,2023-05-10 13:20:00,,0,hist_gradient_boosting,val,0.0007993573040012335,0.022334675449539546,0
13,21,2023-05-10 14:20:00,,0,hist_gradient_boosting,val,0.0008526169259412069,0.022334675449539546,0
13,21,2023-05-10 15:20:00,,0,hist_gradient_boosting,val,0.0008526169259412069,0.022334675449539546,0
13,21,2023-05-10 16:20:00,,0,hist_gradient_boosting,val,0.0008526169259412069,0.022334675449539546,0
13,21,2023-05-10 17:20:00,,0,hist_gradient_boosting,val,0.0009086371962003677,0.022334675449539546,0
13,21,2023-05-10 18:20:00,,0,hist_gradient_boosting,val,0.000768428063818598,0.022334675449539546,0
13,21,2023-05-10 19:20:00,,0,hist_gradient_boosting,val,0.0008189213299741456,0.022334675449539546,0
13,21,2023-05-10 20:20:00,,0,hist_gradient_boosting,val,0.0010793922133883994,0.022334675449539546,0
13,21,2023-05-10 21:20:00,,0,hist_gradient_boosting,val,0.0010793922133883994,0.022334675449539546,0
13,21,2023-05-10 22:20:00,,0,hist_gradient_boosting,val,0.0010793922133883994,0.022334675449539546,0
13,21,2023-05-10 23:20:00,,0,hist_gradient_boosting,val,0.001260748466013725,0.022334675449539546,0
13,21,2023-05-11 00:20:00,,0,hist_gradient_boosting,val,0.001260748466013725,0.022334675449539546,0
13,21,2023-05-11 01:20:00,,0,hist_gradient_boosting,val,0.000761866876150201,0.022334675449539546,0
13,21,2023-05-11 02:20:00,,0,hist_gradient_boosting,val,0.0007024708909999768,0.022334675449539546,0
13,21,2023-05-11 03:20:00,,0,hist_gradient_boosting,val,0.000670053562092793,0.022334675449539546,0
13,21,2023-05-11 04:20:00,,0,hist_gradient_boosting,val,0.0006505666996339048,0.022334675449539546,0
13,21,2023-05-11 05:20:00,,0,hist_gradient_boosting,val,0.0006284681525997101,0.022334675449539546,0
13,21,2023-05-11 06:20:00,,0,hist_gradient_boosting,val,0.0006950584188900831,0.022334675449539546,0
13,21,2023-05-11 07:20:00,,0,hist_gradient_boosting,val,0.0006505666996339048,0.022334675449539546,0
13,21,2023-05-11 08:20:00,,0,hist_gradient_boosting,val,0.0006370390319426786,0.022334675449539546,0
13,21,2023-05-11 09:20:00,,0,hist_gradient_boosting,val,0.0006718094179561951,0.022334675449539546,0
13,21,2023-05-11 10:20:00,,0,hist_gradient_boosting,val,0.0007226945346066843,0.022334675449539546,0
13,21,2023-05-11 11:20:00,,0,hist_gradient_boosting,val,0.0006857256345202648,0.022334675449539546,0
13,21,2023-05-11 12:20:00,,0,hist_gradient_boosting,val,0.0007078967662463926,0.022334675449539546,0
13,21,2023-05-11 13:20:00,,0,hist_gradient_boosting,val,0.0007227928629489032,0.022334675449539546,0
13,21,2023-05-11 14:20:00,,0,hist_gradient_boosting,val,0.0010565867471245387,0.022334675449539546,0
13,21,2023-05-11 15:20:00,,0,hist_gradient_boosting,val,0.001170857166718263,0.022334675449539546,0
13,21,2023-05-11 16:20:00,,0,hist_gradient_boosting,val,0.0009401127263221892,0.022334675449539546,0
13,21,2023-05-11 17:20:00,,0,hist_gradient_boosting,val,0.0007461615709793036,0.022334675449539546,0
13,21,2023-05-11 18:20:00,,0,hist_gradient_boosting,val,0.0007001514015059465,0.022334675449539546,0
13,21,2023-05-11 19:20:00,,0,hist_gradient_boosting,val,0.0006857256345202648,0.022334675449539546,0
13,21,2023-05-11 20:20:00,,0,hist_gradient_boosting,val,0.0006857256345202648,0.022334675449539546,0
13,21,2023-05-11 21:20:00,,0,hist_gradient_boosting,val,0.0007461615709793036,0.022334675449539546,0
13,21,2023-05-11 22:20:00,,0,hist_gradient_boosting,val,0.0007461615709793036,0.022334675449539546,0
13,21,2023-05-11 23:20:00,,0,hist_gradient_boosting,val,0.000426993633116356,0.022334675449539546,0
13,21,2023-05-12 00:20:00,,0,hist_gradient_boosting,val,0.0005333090576264703,0.022334675449539546,0
13,21,2023-05-12 01:20:00,,0,hist_gradient_boosting,val,0.00046362867495621326,0.022334675449539546,0
13,21,2023-05-12 02:20:00,,0,hist_gradient_boosting,val,0.00048369922555156937,0.022334675449539546,0
13,21,2023-05-12 03:20:00,,0,hist_gradient_boosting,val,0.00033279015247004437,0.022334675449539546,0
13,21,2023-05-12 04:20:00,,0,hist_gradient_boosting,val,0.0003272924915474796,0.022334675449539546,0
13,21,2023-05-12 05:20:00,,0,hist_gradient_boosting,val,0.00031321185762432196,0.022334675449539546,0
13,21,2023-05-12 06:20:00,,0,hist_gradient_boosting,val,0.0003446473865428215,0.022334675449539546,0
13,21,2023-05-12 07:20:00,,0,hist_gradient_boosting,val,0.00028246793318450304,0.022334675449539546,0
13,21,2023-05-12 08:20:00,,0,hist_gradient_boosting,val,0.00019594456743691682,0.022334675449539546,0
13,21,2023-05-12 09:20:00,,0,hist_gradient_boosting,val,0.0002616009746027465,0.022334675449539546,0
13,21,2023-05-12 10:20:00,,0,hist_gradient_boosting,val,0.00038570555975308017,0.022334675449539546,0
13,21,2023-05-12 11:20:00,,0,hist_gradient_boosting,val,0.0004011937554760684,0.022334675449539546,0
13,21,2023-05-12 12:20:00,,0,hist_gradient_boosting,val,0.0004466336032935565,0.022334675449539546,0
13,21,2023-05-12 13:20:00,,0,hist_gradient_boosting,val,0.0002958074783405878,0.022334675449539546,0
13,21,2023-05-12 14:20:00,,0,hist_gradient_boosting,val,0.00028724028773791766,0.022334675449539546,0
13,21,2023-05-12 15:20:00,,0,hist_gradient_boosting,val,0.00028724028773791766,0.022334675449539546,0
13,21,2023-05-12 16:20:00,,0,hist_gradient_boosting,val,0.0003754643861520118,0.022334675449539546,0
13,21,2023-05-12 17:20:00,,0,hist_gradient_boosting,val,0.000443689190882002,0.022334675449539546,0
13,21,2023-05-12 18:20:00,,0,hist_gradient_boosting,val,0.0003841931642672325,0.022334675449539546,0
13,21,2023-05-12 19:20:00,,0,hist_gradient_boosting,val,0.0006771639493279657,0.022334675449539546,0
13,21,2023-05-12 20:20:00,,0,hist_gradient_boosting,val,0.0008415090329522435,0.022334675449539546,0
13,21,2023-05-12 21:20:00,,0,hist_gradient_boosting,val,0.0005155797327175074,0.022334675449539546,0
13,21,2023-05-12 22:20:00,,0,hist_gradient_boosting,val,0.0005056123944623259,0.022334675449539546,0
13,21,2023-05-12 23:20:00,,0,hist_gradient_boosting,val,0.0005258412796669213,0.022334675449539546,0
13,21,2023-05-13 00:20:00,,0,hist_gradient_boosting,val,0.0005039138408545244,0.022334675449539546,0
13,21,2023-05-13 01:20:00,,0,hist_gradient_boosting,val,0.0009007571122043215,0.022334675449539546,0
13,21,2023-05-13 02:20:00,,0,hist_gradient_boosting,val,0.0005574833752431934,0.022334675449539546,0
13,21,2023-05-13 03:20:00,,0,hist_gradient_boosting,val,0.00032735658795696827,0.022334675449539546,0
13,21,2023-05-13 04:20:00,,0,hist_gradient_boosting,val,0.00031984704877849524,0.022334675449539546,0
13,21,2023-05-13 05:20:00,,0,hist_gradient_boosting,val,0.0006425117370649662,0.022334675449539546,0
13,21,2023-05-13 06:20:00,,0,hist_gradient_boosting,val,0.0009549567124820727,0.022334675449539546,0
13,21,2023-05-13 07:20:00,,0,hist_gradient_boosting,val,0.0005822236286245555,0.022334675449539546,0
13,21,2023-05-13 08:20:00,,0,hist_gradient_boosting,val,0.000621111270283569,0.022334675449539546,0
13,21,2023-05-13 09:20:00,,0,hist_gradient_boosting,val,0.0013034260520808979,0.022334675449539546,0
13,21,2023-05-13 10:20:00,,0,hist_gradient_boosting,val,0.0007970228968743341,0.022334675449539546,0
13,21,2023-05-13 11:20:00,,0,hist_gradient_boosting,val,0.0007659610352065163,0.022334675449539546,0
13,21,2023-05-13 12:20:00,,0,hist_gradient_boosting,val,0.0005978018546111201,0.022334675449539546,0
13,21,2023-05-13 13:20:00,,0,hist_gradient_boosting,val,0.0008860937509795065,0.022334675449539546,0
13,21,2023-05-13 14:20:00,,0,hist_gradient_boosting,val,0.00037107766519544927,0.022334675449539546,0
13,21,2023-05-13 15:20:00,,0,hist_gradient_boosting,val,0.0003776152091948834,0.022334675449539546,0
13,21,2023-05-13 16:20:00,,0,hist_gradient_boosting,val,0.00037224203476875494,0.022334675449539546,0
13,21,2023-05-13 17:20:00,,0,hist_gradient_boosting,val,0.00040807536592685196,0.022334675449539546,0
13,21,2023-05-13 18:20:00,,0,hist_gradient_boosting,val,0.0003500564527610912,0.022334675449539546,0
13,21,2023-05-13 19:20:00,,0,hist_gradient_boosting,val,0.00020962955927453992,0.022334675449539546,0
13,21,2023-05-13 20:20:00,,0,hist_gradient_boosting,val,0.00014612063544498896,0.022334675449539546,0
13,21,2023-05-13 21:20:00,,0,hist_gradient_boosting,val,0.00016838533130740998,0.022334675449539546,0
13,21,2023-05-13 22:20:00,,0,hist_gradient_boosting,val,0.0001527362662673988,0.022334675449539546,0
13,21,2023-05-13 23:20:00,,0,hist_gradient_boosting,val,0.00018541084040089097,0.022334675449539546,0
13,21,2023-05-14 00:20:00,,0,hist_gradient_boosting,val,0.0006421820874161548,0.022334675449539546,0
13,21,2023-05-14 01:20:00,,0,hist_gradient_boosting,val,0.0005630245880361353,0.022334675449539546,0
13,21,2023-05-14 02:20:00,,0,hist_gradient_boosting,val,0.00039960950163468804,0.022334675449539546,0
13,21,2023-05-14 03:20:00,,0,hist_gradient_boosting,val,0.00039960950163468804,0.022334675449539546,0
13,21,2023-05-14 04:20:00,,0,hist_gradient_boosting,val,0.0007313451558615398,0.022334675449539546,0
13,21,2023-05-14 05:20:00,,0,hist_gradient_boosting,val,0.0009163694395993107,0.022334675449539546,0
13,21,2023-05-14 06:20:00,,0,hist_gradient_boosting,val,0.0011754203948376948,0.022334675449539546,0
13,21,2023-05-14 07:20:00,,0,hist_gradient_boosting,val,0.002650528940656527,0.022334675449539546,0
13,21,2023-05-14 08:20:00,,0,hist_gradient_boosting,val,0.003693574991553585,0.022334675449539546,0
13,21,2023-05-14 09:20:00,,0,hist_gradient_boosting,val,0.005345130849363383,0.022334675449539546,0
13,21,2023-05-14 10:20:00,,0,hist_gradient_boosting,val,0.0048545128169844125,0.022334675449539546,0
13,21,2023-05-14 11:20:00,,0,hist_gradient_boosting,val,0.0022335613423129664,0.022334675449539546,0
13,21,2023-05-14 12:20:00,,0,hist_gradient_boosting,val,0.003589382411413306,0.022334675449539546,0
13,21,2023-05-14 13:20:00,,0,hist_gradient_boosting,val,0.0018693629830919363,0.022334675449539546,0
13,21,2023-05-14 14:20:00,,0,hist_gradient_boosting,val,0.0033113606090736077,0.022334675449539546,0
13,21,2023-05-14 15:20:00,,0,hist_gradient_boosting,val,0.0031412886725881144,0.022334675449539546,0
13,21,2023-05-14 16:20:00,,0,hist_gradient_boosting,val,0.001639345186402821,0.022334675449539546,0
13,21,2023-05-14 17:20:00,,0,hist_gradient_boosting,val,0.0018117296032370105,0.022334675449539546,0
13,21,2023-05-14 18:20:00,,0,hist_gradient_boosting,val,0.0010321498256826334,0.022334675449539546,0
13,21,2023-05-14 19:20:00,,0,hist_gradient_boosting,val,0.0008565372016667552,0.022334675449539546,0
13,21,2023-05-14 20:20:00,,0,hist_gradient_boosting,val,0.0022018298352675016,0.022334675449539546,0
13,21,2023-05-14 21:20:00,,0,hist_gradient_boosting,val,0.002024457826710861,0.022334675449539546,0
13,21,2023-05-14 22:20:00,,0,hist_gradient_boosting,val,0.001063605269925126,0.022334675449539546,0
13,21,2023-05-14 23:20:00,,0,hist_gradient_boosting,val,0.0007559115595227741,0.022334675449539546,0
13,21,2023-05-15 00:20:00,,0,hist_gradient_boosting,val,0.00013276005693096834,0.022334675449539546,0
13,21,2023-05-15 01:20:00,,0,hist_gradient_boosting,val,0.0001603510190318937,0.022334675449539546,0
13,21,2023-05-15 02:20:00,,0,hist_gradient_boosting,val,0.00017082430727264662,0.022334675449539546,0
13,21,2023-05-15 03:20:00,,0,hist_gradient_boosting,val,0.00011087481559582385,0.022334675449539546,0
13,21,2023-05-15 04:20:00,,0,hist_gradient_boosting,val,0.00010404218291956116,0.022334675449539546,0
13,21,2023-05-15 05:20:00,,0,hist_gradient_boosting,val,0.00016807604783989355,0.022334675449539546,0
13,21,2023-05-15 06:20:00,,0,hist_gradient_boosting,val,0.00011285996438068392,0.022334675449539546,0
13,21,2023-05-15 07:20:00,,0,hist_gradient_boosting,val,0.00015967193998284252,0.022334675449539546,0
13,21,2023-05-15 08:20:00,,0,hist_gradient_boosting,val,0.00014361303322056167,0.022334675449539546,0
13,21,2023-05-15 09:20:00,,0,hist_gradient_boosting,val,0.00012049669599610365,0.022334675449539546,0
13,21,2023-05-15 10:20:00,,0,hist_gradient_boosting,val,0.00027187213161028554,0.022334675449539546,0
13,21,2023-05-15 11:20:00,,0,hist_gradient_boosting,val,0.00023161526295680098,0.022334675449539546,0
13,21,2023-05-15 12:20:00,,0,hist_gradient_boosting,val,0.00027187213161028554,0.022334675449539546,0
13,21,2023-05-15 13:20:00,,0,hist_gradient_boosting,val,0.0005694446745341627,0.022334675449539546,0
13,21,2023-05-15 14:20:00,,0,hist_gradient_boosting,val,0.00025178290597906763,0.022334675449539546,0
13,21,2023-05-15 15:20:00,,0,hist_gradient_boosting,val,0.00023320266326725796,0.022334675449539546,0
13,21,2023-05-15 16:20:00,,0,hist_gradient_boosting,val,0.00031966731742512664,0.022334675449539546,0
13,21,2023-05-15 17:20:00,,0,hist_gradient_boosting,val,0.000545246771202516,0.022334675449539546,0
13,21,2023-05-15 18:20:00,,0,hist_gradient_boosting,val,0.0002517976804605531,0.022334675449539546,0
13,21,2023-05-15 19:20:00,,0,hist_gradient_boosting,val,0.0002565843134229831,0.022334675449539546,0
13,21,2023-05-15 20:20:00,,0,hist_gradient_boosting,val,0.00024567778699522883,0.022334675449539546,0
13,21,2023-05-15 21:20:00,,0,hist_gradient_boosting,val,0.00024567778699522883,0.022334675449539546,0
13,21,2023-05-15 22:20:00,,0,hist_gradient_boosting,val,0.0004409913442169372,0.022334675449539546,0
13,21,2023-05-15 23:20:00,,0,hist_gradient_boosting,val,0.0003939701732520756,0.022334675449539546,0
13,21,2023-05-16 00:20:00,,0,hist_gradient_boosting,val,0.0005432440186520974,0.022334675449539546,0
13,21,2023-05-16 01:20:00,,0,hist_gradient_boosting,val,0.0005585354842754463,0.022334675449539546,0
13,21,2023-05-16 02:20:00,,0,hist_gradient_boosting,val,0.0003915097663661981,0.022334675449539546,0
13,21,2023-05-16 03:20:00,,0,hist_gradient_boosting,val,0.0003479204065943038,0.022334675449539546,0
13,21,2023-05-16 04:20:00,,0,hist_gradient_boosting,val,0.0003352514253102747,0.022334675449539546,0
13,21,2023-05-16 05:20:00,,0,hist_gradient_boosting,val,0.0003352514253102747,0.022334675449539546,0
13,21,2023-05-16 06:20:00,,0,hist_gradient_boosting,val,0.0003457905279571687,0.022334675449539546,0
13,21,2023-05-16 07:20:00,,0,hist_gradient_boosting,val,0.0003457905279571687,0.022334675449539546,0
13,21,2023-05-16 08:20:00,,0,hist_gradient_boosting,val,0.0003479204065943038,0.022334675449539546,0
13,21,2023-05-16 09:20:00,,0,hist_gradient_boosting,val,0.0003446872207500765,0.022334675449539546,0
13,21,2023-05-16 10:20:00,,0,hist_gradient_boosting,val,0.0003352514253102747,0.022334675449539546,0
13,21,2023-05-16 11:20:00,,0,hist_gradient_boosting,val,0.00031972196341273926,0.022334675449539546,0
13,21,2023-05-16 12:20:00,,0,hist_gradient_boosting,val,0.00031972196341273926,0.022334675449539546,0
13,21,2023-05-16 13:20:00,,0,hist_gradient_boosting,val,0.0003070274859485116,0.022334675449539546,0
13,21,2023-05-16 14:20:00,,0,hist_gradient_boosting,val,0.00037175447557478324,0.022334675449539546,0
13,21,2023-05-16 15:20:00,,0,hist_gradient_boosting,val,0.0003834057957152885,0.022334675449539546,0
13,21,2023-05-16 16:20:00,,0,hist_gradient_boosting,val,0.00038574267323951216,0.022334675449539546,0
13,21,2023-05-16 17:20:00,,0,hist_gradient_boosting,val,0.0002856366666569613,0.022334675449539546,0
13,21,2023-05-16 18:20:00,,0,hist_gradient_boosting,val,0.0003011394040574728,0.022334675449539546,0
13,21,2023-05-16 19:20:00,,0,hist_gradient_boosting,val,0.000309615399360119,0.022334675449539546,0
13,21,2023-05-16 20:20:00,,0,hist_gradient_boosting,val,0.0004996339199388599,0.022334675449539546,0
13,21,2023-05-16 21:20:00,,0,hist_gradient_boosting,val,0.0004563088325421227,0.022334675449539546,0
13,21,2023-05-16 22:20:00,,0,hist_gradient_boosting,val,0.00015505578240288505,0.022334675449539546,0
13,21,2023-05-16 23:20:00,,0,hist_gradient_boosting,val,0.0001153239946531196,0.022334675449539546,0
13,21,2023-05-17 00:20:00,,0,hist_gradient_boosting,val,0.0001499588224757063,0.022334675449539546,0
13,21,2023-05-17 01:20:00,,0,hist_gradient_boosting,val,0.00013512572385247727,0.022334675449539546,0
13,21,2023-05-17 02:20:00,,0,hist_gradient_boosting,val,9.687023022131337e-05,0.022334675449539546,0
13,21,2023-05-17 03:20:00,,0,hist_gradient_boosting,val,0.00017586888493704292,0.022334675449539546,0
13,21,2023-05-17 04:20:00,,0,hist_gradient_boosting,val,0.00023307322989478348,0.022334675449539546,0
13,21,2023-05-17 05:20:00,,0,hist_gradient_boosting,val,0.0007303025861328899,0.022334675449539546,0
13,21,2023-05-17 06:20:00,,0,hist_gradient_boosting,val,0.0014398080230672466,0.022334675449539546,0
13,21,2023-05-17 07:20:00,,0,hist_gradient_boosting,val,0.0023234483060472527,0.022334675449539546,0
13,21,2023-05-17 08:20:00,,0,hist_gradient_boosting,val,0.0008855638669906685,0.022334675449539546,0
13,21,2023-05-17 09:20:00,,0,hist_gradient_boosting,val,0.0006787232033163056,0.022334675449539546,0
13,21,2023-05-17 10:20:00,,0,hist_gradient_boosting,val,0.0005601356126074214,0.022334675449539546,0
13,21,2023-05-17 11:20:00,,0,hist_gradient_boosting,val,0.0004499956570403709,0.022334675449539546,0
13,21,2023-05-17 12:20:00,,0,hist_gradient_boosting,val,0.00024528061028913277,0.022334675449539546,0
13,21,2023-05-17 13:20:00,,0,hist_gradient_boosting,val,0.0002129213171517867,0.022334675449539546,0
13,21,2023-05-17 14:20:00,,0,hist_gradient_boosting,val,0.00022853065034479983,0.022334675449539546,0
13,21,2023-05-17 15:20:00,,0,hist_gradient_boosting,val,0.00027848569114548554,0.022334675449539546,0
13,21,2023-05-17 16:20:00,,0,hist_gradient_boosting,val,0.0003587767289448759,0.022334675449539546,0
13,21,2023-05-17 17:20:00,,0,hist_gradient_boosting,val,0.00036926795978187225,0.022334675449539546,0
13,21,2023-05-17 18:20:00,,0,hist_gradient_boosting,val,0.0005734698617420844,0.022334675449539546,0
13,21,2023-05-17 19:20:00,,0,hist_gradient_boosting,val,0.0009852220736394257,0.022334675449539546,0
13,21,2023-05-17 20:20:00,,0,hist_gradient_boosting,val,0.000881282334319621,0.022334675449539546,0
13,21,2023-05-17 21:20:00,,0,hist_gradient_boosting,val,0.0008562567805533541,0.022334675449539546,0
13,21,2023-05-17 22:20:00,,0,hist_gradient_boosting,val,0.0008562567805533541,0.022334675449539546,0
13,21,2023-05-17 23:20:00,,0,hist_gradient_boosting,val,0.0008562567805533541,0.022334675449539546,0
13,21,2023-05-18 00:20:00,,0,hist_gradient_boosting,val,0.0013004772001294644,0.022334675449539546,0
13,21,2023-05-18 01:20:00,,0,hist_gradient_boosting,val,0.001379910670092226,0.022334675449539546,0
13,21,2023-05-18 02:20:00,,0,hist_gradient_boosting,val,0.001168114380356641,0.022334675449539546,0
13,21,2023-05-18 03:20:00,,0,hist_gradient_boosting,val,0.0012670762539142937,0.022334675449539546,0
13,21,2023-05-18 04:20:00,,0,hist_gradient_boosting,val,0.0005382510783370323,0.022334675449539546,0
13,21,2023-05-18 05:20:00,,0,hist_gradient_boosting,val,0.006305659704399895,0.022334675449539546,0
13,21,2023-05-18 06:20:00,,0,hist_gradient_boosting,val,0.0003258103547970221,0.022334675449539546,0
13,21,2023-05-18 07:20:00,,0,hist_gradient_boosting,val,0.0002528479357042966,0.022334675449539546,0
13,21,2023-05-18 08:20:00,,0,hist_gradient_boosting,val,0.0002638153798976371,0.022334675449539546,0
13,21,2023-05-18 09:20:00,,0,hist_gradient_boosting,val,0.00025819848218755487,0.022334675449539546,0
13,21,2023-05-18 10:20:00,,0,hist_gradient_boosting,val,0.00038811092339840954,0.022334675449539546,0
13,21,2023-05-18 11:20:00,,0,hist_gradient_boosting,val,0.00034719110343390565,0.022334675449539546,0
13,21,2023-05-18 12:20:00,,0,hist_gradient_boosting,val,0.00033896492339787523,0.022334675449539546,0
13,21,2023-05-18 13:20:00,,0,hist_gradient_boosting,val,0.0003497907157004958,0.022334675449539546,0
13,21,2023-05-18 14:20:00,,0,hist_gradient_boosting,val,0.0003798396232479218,0.022334675449539546,0
13,21,2023-05-18 15:20:00,,0,hist_gradient_boosting,val,0.0003798396232479218,0.022334675449539546,0
13,21,2023-05-18 16:20:00,,0,hist_gradient_boosting,val,0.0003969143605797623,0.022334675449539546,0
13,21,2023-05-18 17:20:00,,0,hist_gradient_boosting,val,0.00036086582775832085,0.022334675449539546,0
13,21,2023-05-18 18:20:00,,0,hist_gradient_boosting,val,0.0003501287908486933,0.022334675449539546,0
13,21,2023-05-18 19:20:00,,0,hist_gradient_boosting,val,0.0003271046475850144,0.022334675449539546,0
13,21,2023-05-18 20:20:00,,0,hist_gradient_boosting,val,0.0003421665934435898,0.022334675449539546,0
13,21,2023-05-18 21:20:00,,0,hist_gradient_boosting,val,0.00036717198391539584,0.022334675449539546,0
13,21,2023-05-18 22:20:00,,0,hist_gradient_boosting,val,0.0003811930363294446,0.022334675449539546,0
13,21,2023-05-18 23:20:00,,0,hist_gradient_boosting,val,0.0003811930363294446,0.022334675449539546,0
13,21,2023-05-19 00:20:00,,0,hist_gradient_boosting,val,0.0003632374013007182,0.022334675449539546,0
13,21,2023-05-19 01:20:00,,0,hist_gradient_boosting,val,0.0003345625427571672,0.022334675449539546,0
13,21,2023-05-19 02:20:00,,0,hist_gradient_boosting,val,0.0003345625427571672,0.022334675449539546,0
13,21,2023-05-19 03:20:00,,0,hist_gradient_boosting,val,0.0006032822534416138,0.022334675449539546,0
13,21,2023-05-19 04:20:00,,0,hist_gradient_boosting,val,0.000280899020892198,0.022334675449539546,0
13,21,2023-05-19 05:20:00,,0,hist_gradient_boosting,val,0.00021276880287183245,0.022334675449539546,0
13,21,2023-05-19 06:20:00,,0,hist_gradient_boosting,val,0.0001668514735772689,0.022334675449539546,0
13,21,2023-05-19 07:20:00,,0,hist_gradient_boosting,val,0.0001634178596119763,0.022334675449539546,0
13,21,2023-05-19 08:20:00,,0,hist_gradient_boosting,val,0.00019075995194951575,0.022334675449539546,0
13,21,2023-05-19 09:20:00,,0,hist_gradient_boosting,val,0.0005985433772557788,0.022334675449539546,0
13,21,2023-05-19 10:20:00,,0,hist_gradient_boosting,val,0.0009024444268293296,0.022334675449539546,0
13,21,2023-05-19 11:20:00,,0,hist_gradient_boosting,val,0.0006950615376091451,0.022334675449539546,0
13,21,2023-05-19 12:20:00,,0,hist_gradient_boosting,val,0.00028547816623704966,0.022334675449539546,0
13,21,2023-05-19 13:20:00,,0,hist_gradient_boosting,val,0.00016268296681332643,0.022334675449539546,0
13,21,2023-05-19 14:20:00,,0,hist_gradient_boosting,val,0.00034837677460172886,0.022334675449539546,0
13,21,2023-05-19 15:20:00,,0,hist_gradient_boosting,val,0.0004333324368757915,0.022334675449539546,0
13,21,2023-05-19 16:20:00,,0,hist_gradient_boosting,val,0.00042304740092454006,0.022334675449539546,0
13,21,2023-05-19 17:20:00,,0,hist_gradient_boosting,val,0.0004630188280301465,0.022334675449539546,0
13,21,2023-05-19 18:20:00,,0,hist_gradient_boosting,val,0.00015197105178231364,0.022334675449539546,0
13,21,2023-05-19 19:20:00,,0,hist_gradient_boosting,val,0.0001346722423721118,0.022334675449539546,0
13,21,2023-05-19 20:20:00,,0,hist_gradient_boosting,val,0.00017484150420122327,0.022334675449539546,0
13,21,2023-05-19 21:20:00,,0,hist_gradient_boosting,val,0.00012080067918435434,0.022334675449539546,0
13,21,2023-05-19 22:20:00,,0,hist_gradient_boosting,val,0.0001884306124969582,0.022334675449539546,0
13,21,2023-05-19 23:20:00,,0,hist_gradient_boosting,val,0.00046065016395757224,0.022334675449539546,0
13,21,2023-05-20 00:20:00,,0,hist_gradient_boosting,val,0.00041639218345759235,0.022334675449539546,0
13,21,2023-05-20 01:20:00,,0,hist_gradient_boosting,val,0.0009157937954576849,0.022334675449539546,0
13,21,2023-05-20 02:20:00,,0,hist_gradient_boosting,val,0.0003498699908472273,0.022334675449539546,0
13,21,2023-05-20 03:20:00,,0,hist_gradient_boosting,val,0.0004993121228265534,0.022334675449539546,0
13,21,2023-05-20 04:20:00,,0,hist_gradient_boosting,val,0.00044465671513170877,0.022334675449539546,0
13,21,2023-05-20 05:20:00,,0,hist_gradient_boosting,val,0.0012269561565493607,0.022334675449539546,0
13,21,2023-05-20 06:20:00,,0,hist_gradient_boosting,val,0.000847770704647714,0.022334675449539546,0
13,21,2023-05-20 07:20:00,,0,hist_gradient_boosting,val,0.0010572493427264769,0.022334675449539546,0
13,21,2023-05-20 08:20:00,,0,hist_gradient_boosting,val,0.0009477788959390992,0.022334675449539546,0
13,21,2023-05-20 09:20:00,,0,hist_gradient_boosting,val,0.0008346039311307212,0.022334675449539546,0
13,21,2023-05-20 10:20:00,,0,hist_gradient_boosting,val,0.0008346039311307212,0.022334675449539546,0
13,21,2023-05-20 11:20:00,,0,hist_gradient_boosting,val,0.0004530948143156616,0.022334675449539546,0
13,21,2023-05-20 12:20:00,,0,hist_gradient_boosting,val,0.00041719544480324863,0.022334675449539546,0
13,21,2023-05-20 13:20:00,,0,hist_gradient_boosting,val,0.0006593992164521422,0.022334675449539546,0
13,21,2023-05-20 14:20:00,,0,hist_gradient_boosting,val,0.0008556516531353173,0.022334675449539546,0
13,21,2023-05-20 15:20:00,,0,hist_gradient_boosting,val,0.0006948276367928547,0.022334675449539546,0
13,21,2023-05-20 16:20:00,,0,hist_gradient_boosting,val,0.001883067885966957,0.022334675449539546,0
13,21,2023-05-20 17:20:00,,0,hist_gradient_boosting,val,0.0007143766270117479,0.022334675449539546,0
13,21,2023-05-20 18:20:00,,0,hist_gradient_boosting,val,0.000766728332990364,0.022334675449539546,0
13,21,2023-05-20 19:20:00,,0,hist_gradient_boosting,val,0.0006364419069114965,0.022334675449539546,0
13,21,2023-05-20 20:20:00,,0,hist_gradient_boosting,val,0.0004984970166897466,0.022334675449539546,0
13,21,2023-05-20 21:20:00,,0,hist_gradient_boosting,val,0.00046908451720533394,0.022334675449539546,0
13,21,2023-05-20 22:20:00,,0,hist_gradient_boosting,val,0.0004795409397995865,0.022334675449539546,0
13,21,2023-05-20 23:20:00,,0,hist_gradient_boosting,val,0.0011067090520172143,0.022334675449539546,0
13,21,2023-05-21 00:20:00,,0,hist_gradient_boosting,val,0.0009142390110544114,0.022334675449539546,0
13,21,2023-05-21 01:20:00,,0,hist_gradient_boosting,val,0.0006122318448331094,0.022334675449539546,0
13,21,2023-05-21 02:20:00,,0,hist_gradient_boosting,val,0.0007269922112249039,0.022334675449539546,0
13,21,2023-05-21 03:20:00,,0,hist_gradient_boosting,val,0.0007620371926588916,0.022334675449539546,0
13,21,2023-05-21 04:20:00,,0,hist_gradient_boosting,val,0.0035300619366594407,0.022334675449539546,0
13,21,2023-05-21 05:20:00,,0,hist_gradient_boosting,val,0.00475373544093393,0.022334675449539546,0
13,21,2023-05-21 06:20:00,,0,hist_gradient_boosting,val,0.0038446223923083362,0.022334675449539546,0
13,21,2023-05-21 07:20:00,,0,hist_gradient_boosting,val,0.00544123705020004,0.022334675449539546,0
13,21,2023-05-21 08:20:00,,0,hist_gradient_boosting,val,0.003883096563491282,0.022334675449539546,0
13,21,2023-05-21 09:20:00,,0,hist_gradient_boosting,val,0.003987947120997716,0.022334675449539546,0
13,21,2023-05-21 10:20:00,,0,hist_gradient_boosting,val,0.004760020218646624,0.022334675449539546,0
13,21,2023-05-21 11:20:00,,0,hist_gradient_boosting,val,0.0026846250611973124,0.022334675449539546,0
13,21,2023-05-21 12:20:00,,0,hist_gradient_boosting,val,0.0021740349577887806,0.022334675449539546,0
13,21,2023-05-21 13:20:00,,0,hist_gradient_boosting,val,0.00416657287026735,0.022334675449539546,0
13,21,2023-05-21 14:20:00,,0,hist_gradient_boosting,val,0.002404770127039647,0.022334675449539546,0
13,21,2023-05-21 15:20:00,,0,hist_gradient_boosting,val,0.0024596734457562955,0.022334675449539546,0
13,21,2023-05-21 16:20:00,,0,hist_gradient_boosting,val,0.005963079363396019,0.022334675449539546,0
13,21,2023-05-21 17:20:00,,0,hist_gradient_boosting,val,0.0056907251171020344,0.022334675449539546,0
13,21,2023-05-21 18:20:00,,0,hist_gradient_boosting,val,0.018761440319816306,0.022334675449539546,0
13,21,2023-05-21 19:20:00,,0,hist_gradient_boosting,val,0.002617627768623088,0.022334675449539546,0
13,21,2023-05-21 20:20:00,,0,hist_gradient_boosting,val,0.0025460677344277915,0.022334675449539546,0
13,21,2023-05-21 21:20:00,,0,hist_gradient_boosting,val,0.004232673433942052,0.022334675449539546,0
13,21,2023-05-21 22:20:00,,0,hist_gradient_boosting,val,0.0012350196272358667,0.022334675449539546,0
13,21,2023-05-21 23:20:00,,0,hist_gradient_boosting,val,0.003747697764597607,0.022334675449539546,0
13,21,2023-05-22 00:20:00,,0,hist_gradient_boosting,val,0.011720229018009738,0.022334675449539546,0
13,21,2023-05-22 01:20:00,,0,hist_gradient_boosting,val,0.014044040127088177,0.022334675449539546,0
13,21,2023-05-22 02:20:00,,0,hist_gradient_boosting,val,0.013985220138318124,0.022334675449539546,0
13,21,2023-05-22 03:20:00,,0,hist_gradient_boosting,val,0.010009378151336606,0.022334675449539546,0
13,21,2023-05-22 04:20:00,,0,hist_gradient_boosting,val,0.009976319667086685,0.022334675449539546,0
13,21,2023-05-22 05:20:00,,0,hist_gradient_boosting,val,0.009469417330414375,0.022334675449539546,0
13,21,2023-05-22 06:20:00,,0,hist_gradient_boosting,val,0.009786207056030057,0.022334675449539546,0
13,21,2023-05-22 07:20:00,,0,hist_gradient_boosting,val,0.010918923194118114,0.022334675449539546,0
13,21,2023-05-22 08:20:00,,0,hist_gradient_boosting,val,0.01236339175920535,0.022334675449539546,0
13,21,2023-05-22 09:20:00,,0,hist_gradient_boosting,val,0.003556494742196776,0.022334675449539546,0
13,21,2023-05-22 10:20:00,,0,hist_gradient_boosting,val,0.0032308407857845017,0.022334675449539546,0
13,21,2023-05-22 11:20:00,,0,hist_gradient_boosting,val,0.0051177778078549015,0.022334675449539546,0
13,21,2023-05-22 12:20:00,,0,hist_gradient_boosting,val,0.0035175617003931825,0.022334675449539546,0
13,21,2023-05-22 13:20:00,,0,hist_gradient_boosting,val,0.0035175617003931825,0.022334675449539546,0
13,21,2023-05-22 14:20:00,,0,hist_gradient_boosting,val,0.0069757043769361655,0.022334675449539546,0
13,21,2023-05-22 15:20:00,,0,hist_gradient_boosting,val,0.003183413373393838,0.022334675449539546,0
13,21,2023-05-22 16:20:00,,0,hist_gradient_boosting,val,0.003043876416549778,0.022334675449539546,0
13,21,2023-05-22 17:20:00,,0,hist_gradient_boosting,val,0.003352022385164505,0.022334675449539546,0
13,21,2023-05-22 18:20:00,,0,hist_gradient_boosting,val,0.0030165765435168105,0.022334675449539546,0
13,21,2023-05-22 19:20:00,,0,hist_gradient_boosting,val,0.002809606168775496,0.022334675449539546,0
13,21,2023-05-22 20:20:00,,0,hist_gradient_boosting,val,0.002238006968580419,0.022334675449539546,0
13,21,2023-05-22 21:20:00,,0,hist_gradient_boosting,val,0.0006146060689604558,0.022334675449539546,0
13,21,2023-05-22 22:20:00,,0,hist_gradient_boosting,val,0.0004260069967930009,0.022334675449539546,0
13,21,2023-05-22 23:20:00,,0,hist_gradient_boosting,val,0.00023989042826245567,0.022334675449539546,0
13,21,2023-05-23 00:20:00,,0,hist_gradient_boosting,val,0.000210651326136587,0.022334675449539546,0
13,21,2023-05-23 01:20:00,,0,hist_gradient_boosting,val,0.00022660685046260888,0.022334675449539546,0
13,21,2023-05-23 02:20:00,,0,hist_gradient_boosting,val,0.0002312758640181547,0.022334675449539546,0
13,21,2023-05-23 03:20:00,,0,hist_gradient_boosting,val,0.00021264377692647,0.022334675449539546,0
13,21,2023-05-23 04:20:00,,0,hist_gradient_boosting,val,0.0002273409610154311,0.022334675449539546,0
13,21,2023-05-23 05:20:00,,0,hist_gradient_boosting,val,0.0002325107106216139,0.022334675449539546,0
13,21,2023-05-23 06:20:00,,0,hist_gradient_boosting,val,0.0003821202354319837,0.022334675449539546,0
13,21,2023-05-23 07:20:00,,0,hist_gradient_boosting,val,0.000409367513808313,0.022334675449539546,0
13,21,2023-05-23 08:20:00,,0,hist_gradient_boosting,val,0.00033392538012143,0.022334675449539546,0
13,21,2023-05-23 09:20:00,,0,hist_gradient_boosting,val,0.0003217658419608212,0.022334675449539546,0
22,21,2021-08-11 09:50:00,168.16666666666666,0,hist_gradient_boosting,val,0.0003319011192439438,0.022334675449539546,0
22,21,2021-08-11 10:50:00,167.16666666666666,0,hist_gradient_boosting,val,0.0003319011192439438,0.022334675449539546,0
22,21,2021-08-11 11:50:00,166.16666666666666,0,hist_gradient_boosting,val,0.0003319011192439438,0.022334675449539546,0
22,21,2021-08-11 12:50:00,165.16666666666666,0,hist_gradient_boosting,val,0.0003220665859412395,0.022334675449539546,0
22,21,2021-08-11 13:50:00,164.16666666666666,0,hist_gradient_boosting,val,0.0006286949197372564,0.022334675449539546,0
22,21,2021-08-11 14:50:00,163.16666666666666,0,hist_gradient_boosting,val,0.00031455883146497016,0.022334675449539546,0
22,21,2021-08-11 15:50:00,162.16666666666666,0,hist_gradient_boosting,val,0.000648452849740263,0.022334675449539546,0
22,21,2021-08-11 16:50:00,161.16666666666666,0,hist_gradient_boosting,val,0.00031455883146497016,0.022334675449539546,0
22,21,2021-08-11 17:50:00,160.16666666666666,0,hist_gradient_boosting,val,0.0004237139159945772,0.022334675449539546,0
22,21,2021-08-11 18:50:00,159.16666666666666,0,hist_gradient_boosting,val,0.00024646947490179316,0.022334675449539546,0
22,21,2021-08-11 19:50:00,158.16666666666666,0,hist_gradient_boosting,val,0.0001523421223029898,0.022334675449539546,0
22,21,2021-08-11 20:50:00,157.16666666666666,0,hist_gradient_boosting,val,0.00019619233055205348,0.022334675449539546,0
22,21,2021-08-11 21:50:00,156.16666666666666,0,hist_gradient_boosting,val,0.0002323806684605017,0.022334675449539546,0
22,21,2021-08-11 22:50:00,155.16666666666666,0,hist_gradient_boosting,val,0.0003787156775037896,0.022334675449539546,0
22,21,2021-08-11 23:50:00,154.16666666666666,0,hist_gradient_boosting,val,0.0003520538507638548,0.022334675449539546,0
22,21,2021-08-12 00:50:00,153.16666666666666,0,hist_gradient_boosting,val,0.0004300313611284557,0.022334675449539546,0
22,21,2021-08-12 01:50:00,152.16666666666666,0,hist_gradient_boosting,val,0.0003063135488439961,0.022334675449539546,0
22,21,2021-08-12 02:50:00,151.16666666666666,0,hist_gradient_boosting,val,0.0004420138931112848,0.022334675449539546,0
22,21,2021-08-12 03:50:00,150.16666666666666,0,hist_gradient_boosting,val,0.0003689499231694075,0.022334675449539546,0
22,21,2021-08-12 04:50:00,149.16666666666666,0,hist_gradient_boosting,val,0.00036961128966409186,0.022334675449539546,0
22,21,2021-08-12 05:50:00,148.16666666666666,0,hist_gradient_boosting,val,0.00038123013131241004,0.022334675449539546,0
22,21,2021-08-12 06:50:00,147.16666666666666,0,hist_gradient_boosting,val,0.0005854083637126253,0.022334675449539546,0
22,21,2021-08-12 07:50:00,146.16666666666666,0,hist_gradient_boosting,val,0.00036961128966409186,0.022334675449539546,0
22,21,2021-08-12 08:50:00,145.16666666666666,0,hist_gradient_boosting,val,0.0006190155010196792,0.022334675449539546,0
22,21,2021-08-12 09:50:00,144.16666666666666,0,hist_gradient_boosting,val,0.0002833650380456771,0.022334675449539546,0
22,21,2021-08-12 10:50:00,143.16666666666666,0,hist_gradient_boosting,val,0.0004011551938199867,0.022334675449539546,0
22,21,2021-08-12 11:50:00,142.16666666666666,0,hist_gradient_boosting,val,0.0004011551938199867,0.022334675449539546,0
22,21,2021-08-12 12:50:00,141.16666666666666,0,hist_gradient_boosting,val,0.0004011551938199867,0.022334675449539546,0
22,21,2021-08-12 13:50:00,140.16666666666666,0,hist_gradient_boosting,val,0.0004011551938199867,0.022334675449539546,0
22,21,2021-08-12 14:50:00,139.16666666666666,0,hist_gradient_boosting,val,0.0004011551938199867,0.022334675449539546,0
22,21,2021-08-12 15:50:00,138.16666666666666,0,hist_gradient_boosting,val,0.0004011551938199867,0.022334675449539546,0
22,21,2021-08-12 16:50:00,137.16666666666666,0,hist_gradient_boosting,val,0.0004483795115037413,0.022334675449539546,0
22,21,2021-08-12 17:50:00,136.16666666666666,0,hist_gradient_boosting,val,0.0005405287450775946,0.022334675449539546,0
22,21,2021-08-12 18:50:00,135.16666666666666,0,hist_gradient_boosting,val,0.0009141943650326163,0.022334675449539546,0
22,21,2021-08-12 19:50:00,134.16666666666666,0,hist_gradient_boosting,val,0.0008179495481772328,0.022334675449539546,0
22,21,2021-08-12 20:50:00,133.16666666666666,0,hist_gradient_boosting,val,0.0004092885025822695,0.022334675449539546,0
22,21,2021-08-12 21:50:00,132.16666666666666,0,hist_gradient_boosting,val,0.0009753605625738263,0.022334675449539546,0
22,21,2021-08-12 22:50:00,131.16666666666666,0,hist_gradient_boosting,val,0.0009100020236064409,0.022334675449539546,0
22,21,2021-08-12 23:50:00,130.16666666666666,0,hist_gradient_boosting,val,0.0003121932152035783,0.022334675449539546,0
22,21,2021-08-13 00:50:00,129.16666666666666,0,hist_gradient_boosting,val,0.0002559126145885344,0.022334675449539546,0
22,21,2021-08-13 01:50:00,128.16666666666666,0,hist_gradient_boosting,val,0.0002559126145885344,0.022334675449539546,0
22,21,2021-08-13 02:50:00,127.16666666666669,0,hist_gradient_boosting,val,0.0002559126145885344,0.022334675449539546,0
22,21,2021-08-13 03:50:00,126.16666666666669,0,hist_gradient_boosting,val,0.0003121932152035783,0.022334675449539546,0
22,21,2021-08-13 04:50:00,125.16666666666669,0,hist_gradient_boosting,val,0.0002559126145885344,0.022334675449539546,0
22,21,2021-08-13 05:50:00,124.16666666666669,0,hist_gradient_boosting,val,0.0008268494184396955,0.022334675449539546,0
22,21,2021-08-13 06:50:00,123.16666666666669,0,hist_gradient_boosting,val,0.0007748235742246848,0.022334675449539546,0
22,21,2021-08-13 07:50:00,122.16666666666669,0,hist_gradient_boosting,val,0.0011353023285150998,0.022334675449539546,0
22,21,2021-08-13 08:50:00,121.16666666666669,0,hist_gradient_boosting,val,0.00106398187057781,0.022334675449539546,0
22,21,2021-08-13 09:50:00,120.16666666666669,0,hist_gradient_boosting,val,0.0013121819486266535,0.022334675449539546,0
22,21,2021-08-13 10:50:00,119.16666666666669,0,hist_gradient_boosting,val,0.0011462751738327741,0.022334675449539546,0
22,21,2021-08-13 11:50:00,118.16666666666669,0,hist_gradient_boosting,val,0.0011534277858795076,0.022334675449539546,0
22,21,2021-08-13 12:50:00,117.16666666666669,0,hist_gradient_boosting,val,0.001451370828734023,0.022334675449539546,0
22,21,2021-08-13 13:50:00,116.16666666666669,0,hist_gradient_boosting,val,0.0015061538488102561,0.022334675449539546,0
22,21,2021-08-13 14:50:00,115.16666666666669,0,hist_gradient_boosting,val,0.002916515950047218,0.022334675449539546,0
22,21,2021-08-13 15:50:00,114.16666666666669,0,hist_gradient_boosting,val,0.0027180279466876064,0.022334675449539546,0
22,21,2021-08-13 16:50:00,113.16666666666669,0,hist_gradient_boosting,val,0.0027251264807165764,0.022334675449539546,0
22,21,2021-08-13 17:50:00,112.16666666666669,0,hist_gradient_boosting,val,0.0011894488855774435,0.022334675449539546,0
22,21,2021-08-13 18:50:00,111.16666666666669,0,hist_gradient_boosting,val,0.0011021104091137645,0.022334675449539546,0
22,21,2021-08-13 19:50:00,110.16666666666669,0,hist_gradient_boosting,val,0.0012594568497372738,0.022334675449539546,0
22,21,2021-08-13 20:50:00,109.16666666666669,0,hist_gradient_boosting,val,0.0013323666863580758,0.022334675449539546,0
22,21,2021-08-13 21:50:00,108.16666666666669,0,hist_gradient_boosting,val,0.0012689437461422463,0.022334675449539546,0
22,21,2021-08-13 22:50:00,107.16666666666669,0,hist_gradient_boosting,val,0.0010090298772924033,0.022334675449539546,0
22,21,2021-08-13 23:50:00,106.16666666666669,0,hist_gradient_boosting,val,0.0010274697470605016,0.022334675449539546,0
22,21,2021-08-14 00:50:00,105.16666666666669,0,hist_gradient_boosting,val,0.0009835226505502024,0.022334675449539546,0
22,21,2021-08-14 01:50:00,104.16666666666669,0,hist_gradient_boosting,val,0.0012814456098198144,0.022334675449539546,0
22,21,2021-08-14 02:50:00,103.16666666666669,0,hist_gradient_boosting,val,0.0009816055419241943,0.022334675449539546,0
22,21,2021-08-14 03:50:00,102.16666666666669,0,hist_gradient_boosting,val,0.0010339246236785332,0.022334675449539546,0
22,21,2021-08-14 04:50:00,101.16666666666669,0,hist_gradient_boosting,val,0.0008772417734321301,0.022334675449539546,0
22,21,2021-08-14 05:50:00,100.16666666666669,0,hist_gradient_boosting,val,0.0003043542421701835,0.022334675449539546,0
22,21,2021-08-14 06:50:00,99.16666666666669,0,hist_gradient_boosting,val,0.00030835760790019306,0.022334675449539546,0
22,21,2021-08-14 07:50:00,98.16666666666669,0,hist_gradient_boosting,val,0.0003716161303519521,0.022334675449539546,0
22,21,2021-08-14 08:50:00,97.16666666666669,0,hist_gradient_boosting,val,0.0001865514822635892,0.022334675449539546,0
22,21,2021-08-14 09:50:00,96.16666666666669,0,hist_gradient_boosting,val,0.0001865514822635892,0.022334675449539546,0
22,21,2021-08-14 10:50:00,95.16666666666669,0,hist_gradient_boosting,val,0.00022641293879697728,0.022334675449539546,0
22,21,2021-08-14 11:50:00,94.16666666666669,0,hist_gradient_boosting,val,0.00024127993448971063,0.022334675449539546,0
22,21,2021-08-14 12:50:00,93.16666666666669,0,hist_gradient_boosting,val,0.00029816597363506724,0.022334675449539546,0
22,21,2021-08-14 13:50:00,92.16666666666669,0,hist_gradient_boosting,val,0.001005988377296557,0.022334675449539546,0
22,21,2021-08-14 14:50:00,91.16666666666669,0,hist_gradient_boosting,val,0.003296038524078684,0.022334675449539546,0
22,21,2021-08-14 15:50:00,90.16666666666669,0,hist_gradient_boosting,val,0.0033896105372770166,0.022334675449539546,0
22,21,2021-08-14 16:50:00,89.16666666666667,0,hist_gradient_boosting,val,0.0027777687578203446,0.022334675449539546,0
22,21,2021-08-14 17:50:00,88.16666666666667,0,hist_gradient_boosting,val,0.002786805972158496,0.022334675449539546,0
22,21,2021-08-14 18:50:00,87.16666666666667,0,hist_gradient_boosting,val,0.011355005363946319,0.022334675449539546,0
22,21,2021-08-14 19:50:00,86.16666666666667,0,hist_gradient_boosting,val,0.012802143420133479,0.022334675449539546,0
22,21,2021-08-14 20:50:00,85.16666666666667,0,hist_gradient_boosting,val,0.0034345689110474222,0.022334675449539546,0
22,21,2021-08-14 21:50:00,84.16666666666667,0,hist_gradient_boosting,val,0.006180375442082272,0.022334675449539546,0
22,21,2021-08-14 22:50:00,83.16666666666667,0,hist_gradient_boosting,val,0.011871379441364464,0.022334675449539546,0
22,21,2021-08-14 23:50:00,82.16666666666667,0,hist_gradient_boosting,val,0.014091084808532953,0.022334675449539546,0
22,21,2021-08-15 00:50:00,81.16666666666667,0,hist_gradient_boosting,val,0.011624690987993342,0.022334675449539546,0
22,21,2021-08-15 01:50:00,80.16666666666667,0,hist_gradient_boosting,val,0.017762637269725347,0.022334675449539546,0
22,21,2021-08-15 02:50:00,79.16666666666667,0,hist_gradient_boosting,val,0.008507242711546006,0.022334675449539546,0
22,21,2021-08-15 03:50:00,78.16666666666667,0,hist_gradient_boosting,val,0.03395613954179476,0.022334675449539546,1
22,21,2021-08-15 04:50:00,77.16666666666667,0,hist_gradient_boosting,val,0.014741008443565712,0.022334675449539546,0
22,21,2021-08-15 05:50:00,76.16666666666667,0,hist_gradient_boosting,val,0.01594751851428111,0.022334675449539546,0
22,21,2021-08-15 06:50:00,75.16666666666667,0,hist_gradient_boosting,val,0.0043430137700231726,0.022334675449539546,0
22,21,2021-08-15 07:50:00,74.16666666666667,0,hist_gradient_boosting,val,0.0026584463383219448,0.022334675449539546,0
22,21,2021-08-15 08:50:00,73.16666666666667,0,hist_gradient_boosting,val,0.0033544298202694725,0.022334675449539546,0
22,21,2021-08-15 09:50:00,72.16666666666667,0,hist_gradient_boosting,val,0.0006059940512173951,0.022334675449539546,0
22,21,2021-08-15 10:50:00,71.16666666666667,0,hist_gradient_boosting,val,0.0005269817899636205,0.022334675449539546,0
22,21,2021-08-15 11:50:00,70.16666666666667,0,hist_gradient_boosting,val,0.0005715629433166481,0.022334675449539546,0
22,21,2021-08-15 12:50:00,69.16666666666667,0,hist_gradient_boosting,val,0.000690642924067504,0.022334675449539546,0
22,21,2021-08-15 13:50:00,68.16666666666667,0,hist_gradient_boosting,val,0.0005542567722273478,0.022334675449539546,0
22,21,2021-08-15 14:50:00,67.16666666666667,0,hist_gradient_boosting,val,0.0006575379306879603,0.022334675449539546,0
22,21,2021-08-15 15:50:00,66.16666666666667,0,hist_gradient_boosting,val,0.0006575379306879603,0.022334675449539546,0
22,21,2021-08-15 16:50:00,65.16666666666667,0,hist_gradient_boosting,val,0.0006135786278499531,0.022334675449539546,0
22,21,2021-08-15 17:50:00,64.16666666666667,0,hist_gradient_boosting,val,0.0006305804167899642,0.022334675449539546,0
22,21,2021-08-15 18:50:00,63.16666666666666,0,hist_gradient_boosting,val,0.0006313610011195879,0.022334675449539546,0
22,21,2021-08-15 19:50:00,62.16666666666666,0,hist_gradient_boosting,val,0.0006637608419000335,0.022334675449539546,0
22,21,2021-08-15 20:50:00,61.16666666666666,0,hist_gradient_boosting,val,0.0006308598241872138,0.022334675449539546,0
22,21,2021-08-15 21:50:00,60.16666666666666,0,hist_gradient_boosting,val,0.000604480628746302,0.022334675449539546,0
22,21,2021-08-15 22:50:00,59.16666666666666,0,hist_gradient_boosting,val,0.0012895651896363766,0.022334675449539546,0
22,21,2021-08-15 23:50:00,58.16666666666666,0,hist_gradient_boosting,val,0.0012895651896363766,0.022334675449539546,0
22,21,2021-08-16 00:50:00,57.16666666666666,0,hist_gradient_boosting,val,0.0009688548099051536,0.022334675449539546,0
22,21,2021-08-16 01:50:00,56.16666666666666,0,hist_gradient_boosting,val,0.0010450583591136112,0.022334675449539546,0
22,21,2021-08-16 02:50:00,55.16666666666666,0,hist_gradient_boosting,val,0.0010167771949633044,0.022334675449539546,0
22,21,2021-08-16 03:50:00,54.16666666666666,0,hist_gradient_boosting,val,0.0012997140677584698,0.022334675449539546,0
22,21,2021-08-16 04:50:00,53.16666666666666,0,hist_gradient_boosting,val,0.0012386333246018676,0.022334675449539546,0
22,21,2021-08-16 05:50:00,52.16666666666666,0,hist_gradient_boosting,val,0.001334661730309937,0.022334675449539546,0
22,21,2021-08-16 06:50:00,51.16666666666666,0,hist_gradient_boosting,val,0.0013540547235097612,0.022334675449539546,0
22,21,2021-08-16 07:50:00,50.16666666666666,0,hist_gradient_boosting,val,0.0016752880348014233,0.022334675449539546,0
22,21,2021-08-16 08:50:00,49.16666666666666,0,hist_gradient_boosting,val,0.0014221917276106455,0.022334675449539546,0
22,21,2021-08-16 09:50:00,48.16666666666666,0,hist_gradient_boosting,val,0.025801254098670692,0.022334675449539546,1
22,21,2021-08-16 10:50:00,47.16666666666666,1,hist_gradient_boosting,val,0.0483434857037549,0.022334675449539546,1
22,21,2021-08-17 11:50:00,22.166666666666668,1,hist_gradient_boosting,val,0.7065873838282376,0.022334675449539546,1
22,21,2021-08-17 12:50:00,21.166666666666668,1,hist_gradient_boosting,val,0.554101571407564,0.022334675449539546,1
22,21,2021-08-17 13:50:00,20.166666666666668,1,hist_gradient_boosting,val,0.7812370667916692,0.022334675449539546,1
22,21,2021-08-17 14:50:00,19.166666666666668,1,hist_gradient_boosting,val,0.8481117763701631,0.022334675449539546,1
22,21,2021-08-17 15:50:00,18.166666666666668,1,hist_gradient_boosting,val,0.5867425096223947,0.022334675449539546,1
22,21,2021-08-17 16:50:00,17.166666666666668,1,hist_gradient_boosting,val,0.7148041420281108,0.022334675449539546,1
22,21,2021-08-17 17:50:00,16.166666666666668,1,hist_gradient_boosting,val,0.6880888993536929,0.022334675449539546,1
22,21,2021-08-17 18:50:00,15.166666666666666,1,hist_gradient_boosting,val,0.7754792095109982,0.022334675449539546,1
22,21,2021-08-17 19:50:00,14.166666666666666,1,hist_gradient_boosting,val,0.835218047381076,0.022334675449539546,1
22,21,2021-08-17 20:50:00,13.166666666666666,1,hist_gradient_boosting,val,0.6357524442654712,0.022334675449539546,1
22,21,2021-08-17 21:50:00,12.166666666666666,1,hist_gradient_boosting,val,0.1158563722051489,0.022334675449539546,1
22,21,2021-08-17 22:50:00,11.166666666666666,1,hist_gradient_boosting,val,0.04684888989264208,0.022334675449539546,1
22,21,2021-08-17 23:50:00,10.166666666666666,1,hist_gradient_boosting,val,0.022334675449539546,0.022334675449539546,1
22,21,2021-08-18 00:50:00,9.166666666666666,1,hist_gradient_boosting,val,0.01058269881088108,0.022334675449539546,0
22,21,2021-08-18 01:50:00,8.166666666666666,1,hist_gradient_boosting,val,0.05935536416153218,0.022334675449539546,1
22,21,2021-08-18 02:50:00,7.166666666666667,1,hist_gradient_boosting,val,0.07860627545707916,0.022334675449539546,1
22,21,2021-08-18 03:50:00,6.166666666666667,1,hist_gradient_boosting,val,0.055815376123198236,0.022334675449539546,1
22,21,2021-08-18 04:50:00,5.166666666666667,1,hist_gradient_boosting,val,0.04643929650283258,0.022334675449539546,1
22,21,2021-08-18 05:50:00,4.166666666666667,1,hist_gradient_boosting,val,0.09110922339678681,0.022334675449539546,1
22,21,2021-08-18 06:50:00,3.1666666666666665,1,hist_gradient_boosting,val,0.05014255909745521,0.022334675449539546,1
22,21,2021-08-18 07:50:00,2.1666666666666665,1,hist_gradient_boosting,val,0.040881932343228206,0.022334675449539546,1
22,21,2021-08-18 08:50:00,1.1666666666666667,1,hist_gradient_boosting,val,0.028558855593934562,0.022334675449539546,1
51,21,2015-10-07 01:30:00,,0,hist_gradient_boosting,val,0.0010791451631709406,0.022334675449539546,0
51,21,2015-10-07 02:30:00,,0,hist_gradient_boosting,val,0.001377460661241436,0.022334675449539546,0
51,21,2015-10-07 03:30:00,,0,hist_gradient_boosting,val,0.0011095046583218977,0.022334675449539546,0
51,21,2015-10-07 04:30:00,,0,hist_gradient_boosting,val,0.0008670515432600523,0.022334675449539546,0
51,21,2015-10-07 05:30:00,,0,hist_gradient_boosting,val,0.0011940925847033607,0.022334675449539546,0
51,21,2015-10-07 06:30:00,,0,hist_gradient_boosting,val,0.0007019060002427183,0.022334675449539546,0
51,21,2015-10-07 07:30:00,,0,hist_gradient_boosting,val,0.0007474562336325548,0.022334675449539546,0
51,21,2015-10-07 08:30:00,,0,hist_gradient_boosting,val,0.0007640883865272491,0.022334675449539546,0
51,21,2015-10-07 09:30:00,,0,hist_gradient_boosting,val,0.0007640883865272491,0.022334675449539546,0
51,21,2015-10-07 10:30:00,,0,hist_gradient_boosting,val,0.0010036839817062324,0.022334675449539546,0
51,21,2015-10-07 11:30:00,,0,hist_gradient_boosting,val,0.00043498021622647185,0.022334675449539546,0
51,21,2015-10-07 12:30:00,,0,hist_gradient_boosting,val,0.0004997320160982625,0.022334675449539546,0
51,21,2015-10-07 13:30:00,,0,hist_gradient_boosting,val,0.0009094071391905595,0.022334675449539546,0
51,21,2015-10-07 14:30:00,,0,hist_gradient_boosting,val,0.0007408060783053259,0.022334675449539546,0
51,21,2015-10-07 15:30:00,,0,hist_gradient_boosting,val,0.0007295867528584579,0.022334675449539546,0
51,21,2015-10-07 16:30:00,,0,hist_gradient_boosting,val,0.0006271120735934994,0.022334675449539546,0
51,21,2015-10-07 17:30:00,,0,hist_gradient_boosting,val,0.0009699602787621053,0.022334675449539546,0
51,21,2015-10-07 18:30:00,,0,hist_gradient_boosting,val,0.0016889220868724468,0.022334675449539546,0
51,21,2015-10-07 19:30:00,,0,hist_gradient_boosting,val,0.002378479762660734,0.022334675449539546,0
51,21,2015-10-07 20:30:00,,0,hist_gradient_boosting,val,0.004007438201198225,0.022334675449539546,0
51,21,2015-10-07 21:30:00,,0,hist_gradient_boosting,val,0.008538874748668454,0.022334675449539546,0
51,21,2015-10-07 22:30:00,,0,hist_gradient_boosting,val,0.004006819540891858,0.022334675449539546,0
51,21,2015-10-07 23:30:00,,0,hist_gradient_boosting,val,0.006763274325285852,0.022334675449539546,0
51,21,2015-10-08 00:30:00,,0,hist_gradient_boosting,val,0.003397144775041773,0.022334675449539546,0
51,21,2015-10-08 01:30:00,,0,hist_gradient_boosting,val,0.006803424579508355,0.022334675449539546,0
51,21,2015-10-08 02:30:00,,0,hist_gradient_boosting,val,0.005327911818237317,0.022334675449539546,0
51,21,2015-10-08 03:30:00,,0,hist_gradient_boosting,val,0.003711006601165263,0.022334675449539546,0
51,21,2015-10-08 04:30:00,,0,hist_gradient_boosting,val,0.0020433308714739563,0.022334675449539546,0
51,21,2015-10-08 05:30:00,,0,hist_gradient_boosting,val,0.0015949661984567872,0.022334675449539546,0
51,21,2015-10-08 06:30:00,,0,hist_gradient_boosting,val,0.0006905715040271562,0.022334675449539546,0
51,21,2015-10-08 07:30:00,,0,hist_gradient_boosting,val,0.0006416086731011114,0.022334675449539546,0
51,21,2015-10-08 08:30:00,,0,hist_gradient_boosting,val,0.0005727762510319719,0.022334675449539546,0
51,21,2015-10-08 09:30:00,,0,hist_gradient_boosting,val,0.0007215343929154563,0.022334675449539546,0
51,21,2015-10-08 10:30:00,,0,hist_gradient_boosting,val,0.000892250323164233,0.022334675449539546,0
51,21,2015-10-08 11:30:00,,0,hist_gradient_boosting,val,0.000513903896703248,0.022334675449539546,0
51,21,2015-10-08 12:30:00,,0,hist_gradient_boosting,val,0.0006764751081543231,0.022334675449539546,0
51,21,2015-10-08 13:30:00,,0,hist_gradient_boosting,val,0.0019021469152659617,0.022334675449539546,0
51,21,2015-10-08 14:30:00,,0,hist_gradient_boosting,val,0.002041277042105389,0.022334675449539546,0
51,21,2015-10-08 15:30:00,,0,hist_gradient_boosting,val,0.002041277042105389,0.022334675449539546,0
51,21,2015-10-08 16:30:00,,0,hist_gradient_boosting,val,0.0027290606513566684,0.022334675449539546,0
51,21,2015-10-08 17:30:00,,0,hist_gradient_boosting,val,0.0030738086435245383,0.022334675449539546,0
51,21,2015-10-08 18:30:00,,0,hist_gradient_boosting,val,0.0028331882939499676,0.022334675449539546,0
51,21,2015-10-08 19:30:00,,0,hist_gradient_boosting,val,0.0020861206850962444,0.022334675449539546,0
51,21,2015-10-08 20:30:00,,0,hist_gradient_boosting,val,0.0031157861381890025,0.022334675449539546,0
51,21,2015-10-08 21:30:00,,0,hist_gradient_boosting,val,0.002148875280969147,0.022334675449539546,0
51,21,2015-10-08 22:30:00,,0,hist_gradient_boosting,val,0.002392970294714968,0.022334675449539546,0
51,21,2015-10-08 23:30:00,,0,hist_gradient_boosting,val,0.0023261755817701657,0.022334675449539546,0
51,21,2015-10-09 00:30:00,,0,hist_gradient_boosting,val,0.002099680273664817,0.022334675449539546,0
51,21,2015-10-09 01:30:00,,0,hist_gradient_boosting,val,0.002264514568298548,0.022334675449539546,0
51,21,2015-10-09 02:30:00,,0,hist_gradient_boosting,val,0.0020351472955064697,0.022334675449539546,0
51,21,2015-10-09 03:30:00,,0,hist_gradient_boosting,val,0.0023975601681953977,0.022334675449539546,0
51,21,2015-10-09 04:30:00,,0,hist_gradient_boosting,val,0.0026322653841279057,0.022334675449539546,0
51,21,2015-10-09 05:30:00,,0,hist_gradient_boosting,val,0.0019970998376720984,0.022334675449539546,0
51,21,2015-10-09 06:30:00,,0,hist_gradient_boosting,val,0.003552685245788721,0.022334675449539546,0
51,21,2015-10-09 07:30:00,,0,hist_gradient_boosting,val,0.002016683333430995,0.022334675449539546,0
51,21,2015-10-09 08:30:00,,0,hist_gradient_boosting,val,0.0025689215578522688,0.022334675449539546,0
51,21,2015-10-09 09:30:00,,0,hist_gradient_boosting,val,0.0013064880125279467,0.022334675449539546,0
51,21,2015-10-09 10:30:00,,0,hist_gradient_boosting,val,0.001585242958902223,0.022334675449539546,0
51,21,2015-10-09 11:30:00,,0,hist_gradient_boosting,val,0.0015478236371938845,0.022334675449539546,0
51,21,2015-10-09 12:30:00,,0,hist_gradient_boosting,val,0.0017578306778060205,0.022334675449539546,0
51,21,2015-10-09 13:30:00,,0,hist_gradient_boosting,val,0.0013616863123305494,0.022334675449539546,0
51,21,2015-10-09 14:30:00,,0,hist_gradient_boosting,val,0.0010269855689319478,0.022334675449539546,0
51,21,2015-10-09 15:30:00,,0,hist_gradient_boosting,val,0.0010099921280379242,0.022334675449539546,0
51,21,2015-10-09 16:30:00,,0,hist_gradient_boosting,val,0.0010133820624707857,0.022334675449539546,0
51,21,2015-10-09 17:30:00,,0,hist_gradient_boosting,val,0.0013522838084010639,0.022334675449539546,0
51,21,2015-10-09 18:30:00,,0,hist_gradient_boosting,val,0.0011562027903025064,0.022334675449539546,0
51,21,2015-10-09 19:30:00,,0,hist_gradient_boosting,val,0.001024642199046884,0.022334675449539546,0
51,21,2015-10-09 20:30:00,,0,hist_gradient_boosting,val,0.0014202737916493263,0.022334675449539546,0
51,21,2015-10-09 21:30:00,,0,hist_gradient_boosting,val,0.0010542289347436609,0.022334675449539546,0
51,21,2015-10-09 22:30:00,,0,hist_gradient_boosting,val,0.001109920448920162,0.022334675449539546,0
51,21,2015-10-09 23:30:00,,0,hist_gradient_boosting,val,0.0006791978286777484,0.022334675449539546,0
51,21,2015-10-10 00:30:00,,0,hist_gradient_boosting,val,0.0005420051849787842,0.022334675449539546,0
51,21,2015-10-10 01:30:00,,0,hist_gradient_boosting,val,0.0005899340941275967,0.022334675449539546,0
51,21,2015-10-10 02:30:00,,0,hist_gradient_boosting,val,0.0006370402457182929,0.022334675449539546,0
51,21,2015-10-10 03:30:00,,0,hist_gradient_boosting,val,0.000415570089734921,0.022334675449539546,0
51,21,2015-10-10 04:30:00,,0,hist_gradient_boosting,val,0.0005322072275547421,0.022334675449539546,0
51,21,2015-10-10 05:30:00,,0,hist_gradient_boosting,val,0.00034789140072538025,0.022334675449539546,0
51,21,2015-10-10 06:30:00,,0,hist_gradient_boosting,val,0.0002774442357421754,0.022334675449539546,0
51,21,2015-10-10 07:30:00,,0,hist_gradient_boosting,val,0.00027015262248652414,0.022334675449539546,0
51,21,2015-10-10 08:30:00,,0,hist_gradient_boosting,val,0.0003021686219003916,0.022334675449539546,0
51,21,2015-10-10 09:30:00,,0,hist_gradient_boosting,val,0.00027943544049028224,0.022334675449539546,0
51,21,2015-10-10 10:30:00,,0,hist_gradient_boosting,val,0.00026531917400756755,0.022334675449539546,0
51,21,2015-10-10 11:30:00,,0,hist_gradient_boosting,val,0.00027243064335626176,0.022334675449539546,0
51,21,2015-10-10 12:30:00,,0,hist_gradient_boosting,val,0.0001727117266656314,0.022334675449539546,0
51,21,2015-10-10 13:30:00,,0,hist_gradient_boosting,val,9.086556288184749e-05,0.022334675449539546,0
51,21,2015-10-10 14:30:00,,0,hist_gradient_boosting,val,0.00012527918932553542,0.022334675449539546,0
51,21,2015-10-10 15:30:00,,0,hist_gradient_boosting,val,0.0003489579373586133,0.022334675449539546,0
51,21,2015-10-10 16:30:00,,0,hist_gradient_boosting,val,0.0005809428348076377,0.022334675449539546,0
51,21,2015-10-10 17:30:00,,0,hist_gradient_boosting,val,0.0005847475421281326,0.022334675449539546,0
51,21,2015-10-10 18:30:00,,0,hist_gradient_boosting,val,0.0011182367900805597,0.022334675449539546,0
51,21,2015-10-10 19:30:00,,0,hist_gradient_boosting,val,0.0008702543621642724,0.022334675449539546,0
51,21,2015-10-10 20:30:00,,0,hist_gradient_boosting,val,0.001240201985278324,0.022334675449539546,0
51,21,2015-10-10 21:30:00,,0,hist_gradient_boosting,val,0.0007123820614029089,0.022334675449539546,0
51,21,2015-10-10 22:30:00,,0,hist_gradient_boosting,val,0.000865091410457555,0.022334675449539546,0
51,21,2015-10-10 23:30:00,,0,hist_gradient_boosting,val,0.0013127090751476778,0.022334675449539546,0
51,21,2015-10-11 00:30:00,,0,hist_gradient_boosting,val,0.0012362204909162657,0.022334675449539546,0
51,21,2015-10-11 01:30:00,,0,hist_gradient_boosting,val,0.0012065257665557305,0.022334675449539546,0
51,21,2015-10-11 02:30:00,,0,hist_gradient_boosting,val,0.0009948807242163471,0.022334675449539546,0
51,21,2015-10-11 03:30:00,,0,hist_gradient_boosting,val,0.0010448742011858467,0.022334675449539546,0
51,21,2015-10-11 04:30:00,,0,hist_gradient_boosting,val,0.0008902586764097503,0.022334675449539546,0
51,21,2015-10-11 05:30:00,,0,hist_gradient_boosting,val,0.0011873378189610486,0.022334675449539546,0
51,21,2015-10-11 06:30:00,,0,hist_gradient_boosting,val,0.001751471991219142,0.022334675449539546,0
51,21,2015-10-11 07:30:00,,0,hist_gradient_boosting,val,0.0022568847263548042,0.022334675449539546,0
51,21,2015-10-11 08:30:00,,0,hist_gradient_boosting,val,0.0027711624314147505,0.022334675449539546,0
51,21,2015-10-11 09:30:00,,0,hist_gradient_boosting,val,0.0030239140246325117,0.022334675449539546,0
51,21,2015-10-11 10:30:00,,0,hist_gradient_boosting,val,0.0027802172734838594,0.022334675449539546,0
51,21,2015-10-11 11:30:00,,0,hist_gradient_boosting,val,0.0022904438710612063,0.022334675449539546,0
51,21,2015-10-11 12:30:00,,0,hist_gradient_boosting,val,0.0022904438710612063,0.022334675449539546,0
51,21,2015-10-11 13:30:00,,0,hist_gradient_boosting,val,0.00335020028756613,0.022334675449539546,0
51,21,2015-10-11 14:30:00,,0,hist_gradient_boosting,val,0.0017936356747420364,0.022334675449539546,0
51,21,2015-10-11 15:30:00,,0,hist_gradient_boosting,val,0.0005184565182876341,0.022334675449539546,0
51,21,2015-10-11 16:30:00,,0,hist_gradient_boosting,val,0.000509060934221729,0.022334675449539546,0
51,21,2015-10-11 17:30:00,,0,hist_gradient_boosting,val,0.00048137706959401323,0.022334675449539546,0
51,21,2015-10-11 18:30:00,,0,hist_gradient_boosting,val,0.00040773364275890027,0.022334675449539546,0
51,21,2015-10-11 19:30:00,,0,hist_gradient_boosting,val,0.00030600752233001747,0.022334675449539546,0
51,21,2015-10-11 20:30:00,,0,hist_gradient_boosting,val,0.00039882755859388,0.022334675449539546,0
51,21,2015-10-11 21:30:00,,0,hist_gradient_boosting,val,0.0003866324647867558,0.022334675449539546,0
51,21,2015-10-11 22:30:00,,0,hist_gradient_boosting,val,0.0006578218660617259,0.022334675449539546,0
51,21,2015-10-11 23:30:00,,0,hist_gradient_boosting,val,0.00045664705204424193,0.022334675449539546,0
51,21,2015-10-12 00:30:00,,0,hist_gradient_boosting,val,0.00042971076089469353,0.022334675449539546,0
51,21,2015-10-12 01:30:00,,0,hist_gradient_boosting,val,0.002017959550962731,0.022334675449539546,0
51,21,2015-10-12 02:30:00,,0,hist_gradient_boosting,val,0.004562913802227187,0.022334675449539546,0
51,21,2015-10-12 03:30:00,,0,hist_gradient_boosting,val,0.004271338473498935,0.022334675449539546,0
51,21,2015-10-12 04:30:00,,0,hist_gradient_boosting,val,0.003947088565515162,0.022334675449539546,0
51,21,2015-10-12 05:30:00,,0,hist_gradient_boosting,val,0.003261341432178327,0.022334675449539546,0
51,21,2015-10-12 06:30:00,,0,hist_gradient_boosting,val,0.003221279018111283,0.022334675449539546,0
51,21,2015-10-12 07:30:00,,0,hist_gradient_boosting,val,0.003221279018111283,0.022334675449539546,0
51,21,2015-10-12 08:30:00,,0,hist_gradient_boosting,val,0.0034213155125175842,0.022334675449539546,0
51,21,2015-10-12 09:30:00,,0,hist_gradient_boosting,val,0.0034213155125175842,0.022334675449539546,0
51,21,2015-10-12 10:30:00,,0,hist_gradient_boosting,val,0.0030777017734320102,0.022334675449539546,0
51,21,2015-10-12 11:30:00,,0,hist_gradient_boosting,val,0.0030777017734320102,0.022334675449539546,0
51,21,2015-10-12 12:30:00,,0,hist_gradient_boosting,val,0.0030021239918507727,0.022334675449539546,0
51,21,2015-10-12 13:30:00,,0,hist_gradient_boosting,val,0.0036767214273800723,0.022334675449539546,0
51,21,2015-10-12 14:30:00,,0,hist_gradient_boosting,val,0.002384919704302769,0.022334675449539546,0
51,21,2015-10-12 15:30:00,,0,hist_gradient_boosting,val,0.001308114739821363,0.022334675449539546,0
51,21,2015-10-12 16:30:00,,0,hist_gradient_boosting,val,0.0021354452924525823,0.022334675449539546,0
51,21,2015-10-12 17:30:00,,0,hist_gradient_boosting,val,0.0008838868192903955,0.022334675449539546,0
51,21,2015-10-12 18:30:00,,0,hist_gradient_boosting,val,0.0011177178054978475,0.022334675449539546,0
51,21,2015-10-12 19:30:00,,0,hist_gradient_boosting,val,0.0010249393711141606,0.022334675449539546,0
51,21,2015-10-12 20:30:00,,0,hist_gradient_boosting,val,0.0014162362406212345,0.022334675449539546,0
51,21,2015-10-12 21:30:00,,0,hist_gradient_boosting,val,0.001942662033642434,0.022334675449539546,0
51,21,2015-10-12 22:30:00,,0,hist_gradient_boosting,val,0.001942662033642434,0.022334675449539546,0
51,21,2015-10-12 23:30:00,,0,hist_gradient_boosting,val,0.001942662033642434,0.022334675449539546,0
51,21,2015-10-13 00:30:00,,0,hist_gradient_boosting,val,0.002411347784059885,0.022334675449539546,0
51,21,2015-10-13 01:30:00,,0,hist_gradient_boosting,val,0.0024500239667492357,0.022334675449539546,0
51,21,2015-10-13 02:30:00,,0,hist_gradient_boosting,val,0.004554396941365897,0.022334675449539546,0
51,21,2015-10-13 03:30:00,,0,hist_gradient_boosting,val,0.002724427837537076,0.022334675449539546,0
51,21,2015-10-13 04:30:00,,0,hist_gradient_boosting,val,0.002587851679207387,0.022334675449539546,0
51,21,2015-10-13 05:30:00,,0,hist_gradient_boosting,val,0.002587851679207387,0.022334675449539546,0
51,21,2015-10-13 06:30:00,,0,hist_gradient_boosting,val,0.00087475831618531,0.022334675449539546,0
51,21,2015-10-13 07:30:00,,0,hist_gradient_boosting,val,0.0011085988544889598,0.022334675449539546,0
51,21,2015-10-13 08:30:00,,0,hist_gradient_boosting,val,0.0011905173420063146,0.022334675449539546,0
51,21,2015-10-13 09:30:00,,0,hist_gradient_boosting,val,0.0010897296281705022,0.022334675449539546,0
51,21,2015-10-13 10:30:00,,0,hist_gradient_boosting,val,0.001143028939441545,0.022334675449539546,0
51,21,2015-10-13 11:30:00,,0,hist_gradient_boosting,val,0.0009945404770717945,0.022334675449539546,0
51,21,2015-10-13 12:30:00,,0,hist_gradient_boosting,val,0.00137593335318541,0.022334675449539546,0
51,21,2015-10-13 13:30:00,,0,hist_gradient_boosting,val,0.0021314139759861395,0.022334675449539546,0
51,21,2015-10-13 14:30:00,,0,hist_gradient_boosting,val,0.003851346768448822,0.022334675449539546,0
51,21,2015-10-13 15:30:00,,0,hist_gradient_boosting,val,0.0023352580362630197,0.022334675449539546,0
51,21,2015-10-13 16:30:00,,0,hist_gradient_boosting,val,0.0023235822794030092,0.022334675449539546,0
51,21,2015-10-13 17:30:00,,0,hist_gradient_boosting,val,0.0015153075564038865,0.022334675449539546,0
51,21,2015-10-13 18:30:00,,0,hist_gradient_boosting,val,0.002186179907284902,0.022334675449539546,0
51,21,2015-10-13 19:30:00,,0,hist_gradient_boosting,val,0.001274144894781799,0.022334675449539546,0
51,21,2015-10-13 20:30:00,,0,hist_gradient_boosting,val,0.0006575762777986715,0.022334675449539546,0
51,21,2015-10-13 21:30:00,,0,hist_gradient_boosting,val,0.0005994012153239514,0.022334675449539546,0
51,21,2015-10-13 22:30:00,,0,hist_gradient_boosting,val,0.0008289906716665715,0.022334675449539546,0
51,21,2015-10-13 23:30:00,,0,hist_gradient_boosting,val,0.0008923568194831189,0.022334675449539546,0
51,21,2015-10-14 00:30:00,,0,hist_gradient_boosting,val,0.0009540747047743291,0.022334675449539546,0
51,21,2015-10-14 01:30:00,,0,hist_gradient_boosting,val,0.0004270593930624771,0.022334675449539546,0
51,21,2015-10-14 02:30:00,,0,hist_gradient_boosting,val,0.0005839862932652306,0.022334675449539546,0
51,21,2015-10-14 03:30:00,,0,hist_gradient_boosting,val,0.0011036689144112131,0.022334675449539546,0
51,21,2015-10-14 04:30:00,,0,hist_gradient_boosting,val,0.0009024606578827039,0.022334675449539546,0
51,21,2015-10-14 05:30:00,,0,hist_gradient_boosting,val,0.0009278541205390844,0.022334675449539546,0
51,21,2015-10-14 06:30:00,,0,hist_gradient_boosting,val,0.001387286117945007,0.022334675449539546,0
51,21,2015-10-14 07:30:00,,0,hist_gradient_boosting,val,0.0008798398029934768,0.022334675449539546,0
51,21,2015-10-14 08:30:00,,0,hist_gradient_boosting,val,0.005566030692214053,0.022334675449539546,0
51,21,2015-10-14 09:30:00,,0,hist_gradient_boosting,val,0.007779991664118429,0.022334675449539546,0
51,21,2015-10-14 10:30:00,,0,hist_gradient_boosting,val,0.000900308934706788,0.022334675449539546,0
51,21,2015-10-14 11:30:00,,0,hist_gradient_boosting,val,0.0008499576629487581,0.022334675449539546,0
51,21,2015-10-14 12:30:00,,0,hist_gradient_boosting,val,0.0013457443024470443,0.022334675449539546,0
51,21,2015-10-14 13:30:00,,0,hist_gradient_boosting,val,0.0013465091206359293,0.022334675449539546,0
51,21,2015-10-14 14:30:00,,0,hist_gradient_boosting,val,0.000891006896513338,0.022334675449539546,0
51,21,2015-10-14 15:30:00,,0,hist_gradient_boosting,val,0.0009799493051162878,0.022334675449539546,0
51,21,2015-10-14 16:30:00,,0,hist_gradient_boosting,val,0.0011857392511784846,0.022334675449539546,0
51,21,2015-10-14 17:30:00,,0,hist_gradient_boosting,val,0.0013421812159254045,0.022334675449539546,0
51,21,2015-10-14 18:30:00,,0,hist_gradient_boosting,val,0.001126778937658301,0.022334675449539546,0
51,21,2015-10-14 19:30:00,,0,hist_gradient_boosting,val,0.0009511352439852436,0.022334675449539546,0
51,21,2015-10-14 20:30:00,,0,hist_gradient_boosting,val,0.0007802210676951328,0.022334675449539546,0
51,21,2015-10-14 21:30:00,,0,hist_gradient_boosting,val,0.000688829429706292,0.022334675449539546,0
51,21,2015-10-14 22:30:00,,0,hist_gradient_boosting,val,0.0009224244178411313,0.022334675449539546,0
51,21,2015-10-14 23:30:00,,0,hist_gradient_boosting,val,0.0009412363131132435,0.022334675449539546,0
51,21,2015-10-15 00:30:00,,0,hist_gradient_boosting,val,0.0011686014416859454,0.022334675449539546,0
51,21,2015-10-15 01:30:00,,0,hist_gradient_boosting,val,0.0007802210676951328,0.022334675449539546,0
51,21,2015-10-15 02:30:00,,0,hist_gradient_boosting,val,0.000822119012882117,0.022334675449539546,0
51,21,2015-10-15 03:30:00,,0,hist_gradient_boosting,val,0.0007939142368496443,0.022334675449539546,0
51,21,2015-10-15 04:30:00,,0,hist_gradient_boosting,val,0.002274780540775793,0.022334675449539546,0
51,21,2015-10-15 05:30:00,,0,hist_gradient_boosting,val,0.0029782614654941496,0.022334675449539546,0
51,21,2015-10-15 06:30:00,,0,hist_gradient_boosting,val,0.002457614684062313,0.022334675449539546,0
51,21,2015-10-15 07:30:00,,0,hist_gradient_boosting,val,0.002457614684062313,0.022334675449539546,0
51,21,2015-10-15 08:30:00,,0,hist_gradient_boosting,val,0.0025979173583822045,0.022334675449539546,0
51,21,2015-10-15 09:30:00,,0,hist_gradient_boosting,val,0.0031783790139965676,0.022334675449539546,0
51,21,2015-10-15 10:30:00,,0,hist_gradient_boosting,val,0.0030153669205215026,0.022334675449539546,0
51,21,2015-10-15 11:30:00,,0,hist_gradient_boosting,val,0.0028612765407176315,0.022334675449539546,0
51,21,2015-10-15 12:30:00,,0,hist_gradient_boosting,val,0.0028975366809850384,0.022334675449539546,0
51,21,2015-10-15 13:30:00,,0,hist_gradient_boosting,val,0.0026958407564432528,0.022334675449539546,0
51,21,2015-10-15 14:30:00,,0,hist_gradient_boosting,val,0.0027748566280638145,0.022334675449539546,0
51,21,2015-10-15 15:30:00,,0,hist_gradient_boosting,val,0.002290145091686348,0.022334675449539546,0
51,21,2015-10-15 16:30:00,,0,hist_gradient_boosting,val,0.0025580296335352415,0.022334675449539546,0
51,21,2015-10-15 17:30:00,,0,hist_gradient_boosting,val,0.0021317344758316073,0.022334675449539546,0
51,21,2015-10-15 18:30:00,,0,hist_gradient_boosting,val,0.0012412771180829074,0.022334675449539546,0
51,21,2015-10-15 19:30:00,,0,hist_gradient_boosting,val,0.0013551193952481993,0.022334675449539546,0
51,21,2015-10-15 20:30:00,,0,hist_gradient_boosting,val,0.0011420440715684966,0.022334675449539546,0
51,21,2015-10-15 21:30:00,,0,hist_gradient_boosting,val,0.002442554286688616,0.022334675449539546,0
51,21,2015-10-15 22:30:00,,0,hist_gradient_boosting,val,0.002379709376385035,0.022334675449539546,0
51,21,2015-10-15 23:30:00,,0,hist_gradient_boosting,val,0.0011650302314758815,0.022334675449539546,0
51,21,2015-10-16 00:30:00,,0,hist_gradient_boosting,val,0.0009648023815649979,0.022334675449539546,0
51,21,2015-10-16 01:30:00,,0,hist_gradient_boosting,val,0.0009304297707571772,0.022334675449539546,0
51,21,2015-10-16 02:30:00,,0,hist_gradient_boosting,val,0.0009688851470056564,0.022334675449539546,0
51,21,2015-10-16 03:30:00,,0,hist_gradient_boosting,val,0.0009985064806168084,0.022334675449539546,0
51,21,2015-10-16 04:30:00,,0,hist_gradient_boosting,val,0.0010726260948003736,0.022334675449539546,0
51,21,2015-10-16 05:30:00,,0,hist_gradient_boosting,val,0.0012265063314420802,0.022334675449539546,0
51,21,2015-10-16 06:30:00,,0,hist_gradient_boosting,val,0.0012718028933244435,0.022334675449539546,0
51,21,2015-10-16 07:30:00,,0,hist_gradient_boosting,val,0.0015788935186863517,0.022334675449539546,0
51,21,2015-10-16 08:30:00,,0,hist_gradient_boosting,val,0.0012265063314420802,0.022334675449539546,0
51,21,2015-10-16 09:30:00,,0,hist_gradient_boosting,val,0.0009401991705683293,0.022334675449539546,0
51,21,2015-10-16 10:30:00,,0,hist_gradient_boosting,val,0.0013714070898472072,0.022334675449539546,0
51,21,2015-10-16 11:30:00,,0,hist_gradient_boosting,val,0.0023673646839749824,0.022334675449539546,0
51,21,2015-10-16 12:30:00,,0,hist_gradient_boosting,val,0.001531926213454155,0.022334675449539546,0
51,21,2015-10-16 13:30:00,,0,hist_gradient_boosting,val,0.0006655034732310014,0.022334675449539546,0
51,21,2015-10-16 14:30:00,,0,hist_gradient_boosting,val,0.0006009255602670224,0.022334675449539546,0
51,21,2015-10-16 15:30:00,,0,hist_gradient_boosting,val,0.0006168436938004748,0.022334675449539546,0
51,21,2015-10-16 16:30:00,,0,hist_gradient_boosting,val,0.0006386766747752532,0.022334675449539546,0
51,21,2015-10-16 17:30:00,,0,hist_gradient_boosting,val,0.0005795228793421566,0.022334675449539546,0
51,21,2015-10-16 18:30:00,,0,hist_gradient_boosting,val,0.0005006308694553974,0.022334675449539546,0
51,21,2015-10-16 19:30:00,,0,hist_gradient_boosting,val,0.0004291278626782556,0.022334675449539546,0
51,21,2015-10-16 20:30:00,,0,hist_gradient_boosting,val,0.0003619749641935237,0.022334675449539546,0
51,21,2015-10-16 21:30:00,,0,hist_gradient_boosting,val,0.00036600372427153397,0.022334675449539546,0
51,21,2015-10-16 22:30:00,,0,hist_gradient_boosting,val,0.0006248342395483469,0.022334675449539546,0
51,21,2015-10-16 23:30:00,,0,hist_gradient_boosting,val,0.0007019617753423902,0.022334675449539546,0
51,21,2015-10-17 00:30:00,,0,hist_gradient_boosting,val,0.0006796349613343751,0.022334675449539546,0
51,21,2015-10-17 01:30:00,,0,hist_gradient_boosting,val,0.0006796349613343751,0.022334675449539546,0
51,21,2015-10-17 02:30:00,,0,hist_gradient_boosting,val,0.0006796349613343751,0.022334675449539546,0
51,21,2015-10-17 03:30:00,,0,hist_gradient_boosting,val,0.0007207149738846203,0.022334675449539546,0
51,21,2015-10-17 04:30:00,,0,hist_gradient_boosting,val,0.0006987568041973947,0.022334675449539546,0
51,21,2015-10-17 05:30:00,,0,hist_gradient_boosting,val,0.0006987568041973947,0.022334675449539546,0
51,21,2015-10-17 06:30:00,,0,hist_gradient_boosting,val,0.0006934750229728297,0.022334675449539546,0
51,21,2015-10-17 07:30:00,,0,hist_gradient_boosting,val,0.0007750499800549068,0.022334675449539546,0
51,21,2015-10-17 08:30:00,,0,hist_gradient_boosting,val,0.0007625471595926806,0.022334675449539546,0
51,21,2015-10-17 09:30:00,,0,hist_gradient_boosting,val,0.0008202710549188143,0.022334675449539546,0
51,21,2015-10-17 10:30:00,,0,hist_gradient_boosting,val,0.0010277604062840517,0.022334675449539546,0
51,21,2015-10-17 11:30:00,,0,hist_gradient_boosting,val,0.001863877134874936,0.022334675449539546,0
51,21,2015-10-17 12:30:00,,0,hist_gradient_boosting,val,0.000934103032026324,0.022334675449539546,0
51,21,2015-10-17 13:30:00,,0,hist_gradient_boosting,val,0.0009418694846583057,0.022334675449539546,0
51,21,2015-10-17 14:30:00,,0,hist_gradient_boosting,val,0.000930499479416588,0.022334675449539546,0
51,21,2015-10-17 15:30:00,,0,hist_gradient_boosting,val,0.000987074741004777,0.022334675449539546,0
51,21,2015-10-17 16:30:00,,0,hist_gradient_boosting,val,0.0022916589214438156,0.022334675449539546,0
51,21,2015-10-17 17:30:00,,0,hist_gradient_boosting,val,0.001198411941053931,0.022334675449539546,0
51,21,2015-10-17 18:30:00,,0,hist_gradient_boosting,val,0.0009833188645762057,0.022334675449539546,0
51,21,2015-10-17 19:30:00,,0,hist_gradient_boosting,val,0.0012774526672509382,0.022334675449539546,0
51,21,2015-10-17 20:30:00,,0,hist_gradient_boosting,val,0.0013439239940836875,0.022334675449539546,0
51,21,2015-10-17 21:30:00,,0,hist_gradient_boosting,val,0.0033097366464976898,0.022334675449539546,0
51,21,2015-10-17 22:30:00,,0,hist_gradient_boosting,val,0.0018922278293133717,0.022334675449539546,0
51,21,2015-10-17 23:30:00,,0,hist_gradient_boosting,val,0.0018922278293133717,0.022334675449539546,0
51,21,2015-10-18 00:30:00,,0,hist_gradient_boosting,val,0.0021135311649627363,0.022334675449539546,0
51,21,2015-10-18 01:30:00,,0,hist_gradient_boosting,val,0.0015474338718445533,0.022334675449539546,0
51,21,2015-10-18 02:30:00,,0,hist_gradient_boosting,val,0.0015500276920895,0.022334675449539546,0
51,21,2015-10-18 03:30:00,,0,hist_gradient_boosting,val,0.0008131654594860204,0.022334675449539546,0
51,21,2015-10-18 04:30:00,,0,hist_gradient_boosting,val,0.0007634455880468432,0.022334675449539546,0
51,21,2015-10-18 05:30:00,,0,hist_gradient_boosting,val,0.0007634455880468432,0.022334675449539546,0
51,21,2015-10-18 06:30:00,,0,hist_gradient_boosting,val,0.0010548494299793874,0.022334675449539546,0
51,21,2015-10-18 07:30:00,,0,hist_gradient_boosting,val,0.0014724242670326076,0.022334675449539546,0
51,21,2015-10-18 08:30:00,,0,hist_gradient_boosting,val,0.0019997638305165417,0.022334675449539546,0
51,21,2015-10-18 09:30:00,,0,hist_gradient_boosting,val,0.00043664623020792234,0.022334675449539546,0
51,21,2015-10-18 10:30:00,,0,hist_gradient_boosting,val,0.0006460316391394831,0.022334675449539546,0
51,21,2015-10-18 11:30:00,,0,hist_gradient_boosting,val,0.0006460316391394831,0.022334675449539546,0
51,21,2015-10-18 12:30:00,,0,hist_gradient_boosting,val,0.0006337250391153331,0.022334675449539546,0
51,21,2015-10-18 13:30:00,,0,hist_gradient_boosting,val,0.000735884532219221,0.022334675449539546,0
51,21,2015-10-18 14:30:00,,0,hist_gradient_boosting,val,0.0009599100057672494,0.022334675449539546,0
51,21,2015-10-18 15:30:00,,0,hist_gradient_boosting,val,0.00471942606835388,0.022334675449539546,0
72,21,2021-10-09 08:40:00,168.0,0,hist_gradient_boosting,val,0.0027711624314147505,0.022334675449539546,0
72,21,2021-10-09 09:40:00,167.0,0,hist_gradient_boosting,val,0.0030239140246325117,0.022334675449539546,0
72,21,2021-10-09 10:40:00,166.0,0,hist_gradient_boosting,val,0.0024686908513099175,0.022334675449539546,0
72,21,2021-10-09 11:40:00,165.0,0,hist_gradient_boosting,val,0.0022904438710612063,0.022334675449539546,0
72,21,2021-10-09 12:40:00,164.0,0,hist_gradient_boosting,val,0.0022904438710612063,0.022334675449539546,0
72,21,2021-10-09 13:40:00,163.0,0,hist_gradient_boosting,val,0.0031423457881113374,0.022334675449539546,0
72,21,2021-10-09 14:40:00,162.0,0,hist_gradient_boosting,val,0.0016728598300486156,0.022334675449539546,0
72,21,2021-10-09 15:40:00,161.0,0,hist_gradient_boosting,val,0.0004982625131319533,0.022334675449539546,0
72,21,2021-10-09 16:40:00,160.0,0,hist_gradient_boosting,val,0.000509060934221729,0.022334675449539546,0
72,21,2021-10-09 17:40:00,159.0,0,hist_gradient_boosting,val,0.00048137706959401323,0.022334675449539546,0
72,21,2021-10-09 18:40:00,158.0,0,hist_gradient_boosting,val,0.0003952709371749352,0.022334675449539546,0
72,21,2021-10-09 19:40:00,157.0,0,hist_gradient_boosting,val,0.00030600752233001747,0.022334675449539546,0
72,21,2021-10-09 20:40:00,156.0,0,hist_gradient_boosting,val,0.00039882755859388,0.022334675449539546,0
72,21,2021-10-09 21:40:00,155.0,0,hist_gradient_boosting,val,0.0003866324647867558,0.022334675449539546,0
72,21,2021-10-09 22:40:00,154.0,0,hist_gradient_boosting,val,0.0006578218660617259,0.022334675449539546,0
72,21,2021-10-09 23:40:00,153.0,0,hist_gradient_boosting,val,0.0004924419041196455,0.022334675449539546,0
72,21,2021-10-10 00:40:00,152.0,0,hist_gradient_boosting,val,0.0005335777241980848,0.022334675449539546,0
72,21,2021-10-10 01:40:00,151.0,0,hist_gradient_boosting,val,0.0029905077990811037,0.022334675449539546,0
72,21,2021-10-10 02:40:00,150.0,0,hist_gradient_boosting,val,0.0036357574176917934,0.022334675449539546,0
72,21,2021-10-10 03:40:00,149.0,0,hist_gradient_boosting,val,0.004271338473498935,0.022334675449539546,0
72,21,2021-10-10 04:40:00,148.0,0,hist_gradient_boosting,val,0.004896988611273665,0.022334675449539546,0
72,21,2021-10-10 05:40:00,147.0,0,hist_gradient_boosting,val,0.003261341432178327,0.022334675449539546,0
72,21,2021-10-10 06:40:00,146.0,0,hist_gradient_boosting,val,0.003221279018111283,0.022334675449539546,0
72,21,2021-10-10 07:40:00,145.0,0,hist_gradient_boosting,val,0.003221279018111283,0.022334675449539546,0
72,21,2021-10-10 08:40:00,144.0,0,hist_gradient_boosting,val,0.004245223136916495,0.022334675449539546,0
72,21,2021-10-10 09:40:00,143.0,0,hist_gradient_boosting,val,0.0032391884173308635,0.022334675449539546,0
72,21,2021-10-10 10:40:00,142.0,0,hist_gradient_boosting,val,0.0030777017734320102,0.022334675449539546,0
72,21,2021-10-10 11:40:00,141.0,0,hist_gradient_boosting,val,0.0030021239918507727,0.022334675449539546,0
72,21,2021-10-10 12:40:00,140.0,0,hist_gradient_boosting,val,0.002782806193202895,0.022334675449539546,0
72,21,2021-10-10 13:40:00,139.0,0,hist_gradient_boosting,val,0.0037709168675313554,0.022334675449539546,0
72,21,2021-10-10 14:40:00,138.0,0,hist_gradient_boosting,val,0.0019711306681280856,0.022334675449539546,0
72,21,2021-10-10 15:40:00,137.0,0,hist_gradient_boosting,val,0.0014134311778387946,0.022334675449539546,0
72,21,2021-10-10 16:40:00,136.0,0,hist_gradient_boosting,val,0.0019820655767686115,0.022334675449539546,0
72,21,2021-10-10 17:40:00,135.0,0,hist_gradient_boosting,val,0.0009639890816844441,0.022334675449539546,0
72,21,2021-10-10 18:40:00,134.0,0,hist_gradient_boosting,val,0.0011177178054978475,0.022334675449539546,0
72,21,2021-10-10 19:40:00,133.0,0,hist_gradient_boosting,val,0.0015155461890610242,0.022334675449539546,0
72,21,2021-10-10 20:40:00,132.0,0,hist_gradient_boosting,val,0.002064015115848931,0.022334675449539546,0
72,21,2021-10-10 21:40:00,131.0,0,hist_gradient_boosting,val,0.001942662033642434,0.022334675449539546,0
72,21,2021-10-10 22:40:00,130.0,0,hist_gradient_boosting,val,0.0020148761963602333,0.022334675449539546,0
72,21,2021-10-10 23:40:00,129.0,0,hist_gradient_boosting,val,0.002559404003604467,0.022334675449539546,0
72,21,2021-10-11 00:40:00,128.0,0,hist_gradient_boosting,val,0.002411347784059885,0.022334675449539546,0
72,21,2021-10-11 01:40:00,127.0,0,hist_gradient_boosting,val,0.002283211097707456,0.022334675449539546,0
72,21,2021-10-11 02:40:00,126.0,0,hist_gradient_boosting,val,0.005073955113491578,0.022334675449539546,0
72,21,2021-10-11 03:40:00,125.0,0,hist_gradient_boosting,val,0.002587851679207387,0.022334675449539546,0
72,21,2021-10-11 04:40:00,124.0,0,hist_gradient_boosting,val,0.002587851679207387,0.022334675449539546,0
72,21,2021-10-11 05:40:00,123.0,0,hist_gradient_boosting,val,0.002587851679207387,0.022334675449539546,0
72,21,2021-10-11 06:40:00,122.0,0,hist_gradient_boosting,val,0.0008993729912787045,0.022334675449539546,0
72,21,2021-10-11 07:40:00,121.0,0,hist_gradient_boosting,val,0.0008899305909252317,0.022334675449539546,0
72,21,2021-10-11 08:40:00,120.0,0,hist_gradient_boosting,val,0.0011138104903799307,0.022334675449539546,0
72,21,2021-10-11 09:40:00,119.0,0,hist_gradient_boosting,val,0.0008502557393148015,0.022334675449539546,0
72,21,2021-10-11 10:40:00,118.0,0,hist_gradient_boosting,val,0.0015405710118597663,0.022334675449539546,0
72,21,2021-10-11 11:40:00,117.0,0,hist_gradient_boosting,val,0.0009998770358307736,0.022334675449539546,0
72,21,2021-10-11 12:40:00,116.0,0,hist_gradient_boosting,val,0.00137593335318541,0.022334675449539546,0
72,21,2021-10-11 13:40:00,115.0,0,hist_gradient_boosting,val,0.0016257888982068103,0.022334675449539546,0
72,21,2021-10-11 14:40:00,114.0,0,hist_gradient_boosting,val,0.0027752005901796736,0.022334675449539546,0
72,21,2021-10-11 15:40:00,113.0,0,hist_gradient_boosting,val,0.0015153075564038865,0.022334675449539546,0
72,21,2021-10-11 16:40:00,112.0,0,hist_gradient_boosting,val,0.002260176879741313,0.022334675449539546,0
72,21,2021-10-11 17:40:00,111.0,0,hist_gradient_boosting,val,0.0015153075564038865,0.022334675449539546,0
72,21,2021-10-11 18:40:00,110.0,0,hist_gradient_boosting,val,0.0023514174761024883,0.022334675449539546,0
72,21,2021-10-11 19:40:00,109.0,0,hist_gradient_boosting,val,0.001274144894781799,0.022334675449539546,0
72,21,2021-10-11 20:40:00,108.0,0,hist_gradient_boosting,val,0.0006575762777986715,0.022334675449539546,0
72,21,2021-10-11 21:40:00,107.0,0,hist_gradient_boosting,val,0.0005994012153239514,0.022334675449539546,0
72,21,2021-10-11 22:40:00,106.0,0,hist_gradient_boosting,val,0.000806300715041468,0.022334675449539546,0
72,21,2021-10-11 23:40:00,105.0,0,hist_gradient_boosting,val,0.0008348448486856964,0.022334675449539546,0
72,21,2021-10-12 00:40:00,104.0,0,hist_gradient_boosting,val,0.0009540747047743291,0.022334675449539546,0
72,21,2021-10-12 01:40:00,103.0,0,hist_gradient_boosting,val,0.00039443996471758263,0.022334675449539546,0
72,21,2021-10-12 02:40:00,102.0,0,hist_gradient_boosting,val,0.0005919977361117201,0.022334675449539546,0
72,21,2021-10-12 03:40:00,101.0,0,hist_gradient_boosting,val,0.0010020257897647756,0.022334675449539546,0
72,21,2021-10-12 04:40:00,100.0,0,hist_gradient_boosting,val,0.0009024606578827039,0.022334675449539546,0
72,21,2021-10-12 05:40:00,99.0,0,hist_gradient_boosting,val,0.0011519903729049175,0.022334675449539546,0
72,21,2021-10-12 06:40:00,98.0,0,hist_gradient_boosting,val,0.0012225976029538446,0.022334675449539546,0
72,21,2021-10-12 07:40:00,97.0,0,hist_gradient_boosting,val,0.0011231218991836272,0.022334675449539546,0
72,21,2021-10-12 08:40:00,96.0,0,hist_gradient_boosting,val,0.006546061240517192,0.022334675449539546,0
72,21,2021-10-12 09:40:00,95.0,0,hist_gradient_boosting,val,0.006041635404272864,0.022334675449539546,0
72,21,2021-10-12 10:40:00,94.0,0,hist_gradient_boosting,val,0.000761865348194903,0.022334675449539546,0
72,21,2021-10-12 11:40:00,93.0,0,hist_gradient_boosting,val,0.0016874035149602334,0.022334675449539546,0
72,21,2021-10-12 12:40:00,92.0,0,hist_gradient_boosting,val,0.0013457443024470443,0.022334675449539546,0
72,21,2021-10-12 13:40:00,91.0,0,hist_gradient_boosting,val,0.0017783188124631613,0.022334675449539546,0
72,21,2021-10-12 14:40:00,90.0,0,hist_gradient_boosting,val,0.0009187602382877086,0.022334675449539546,0
72,21,2021-10-12 15:40:00,89.0,0,hist_gradient_boosting,val,0.0011583131908424872,0.022334675449539546,0
72,21,2021-10-12 16:40:00,88.0,0,hist_gradient_boosting,val,0.0012513601798744933,0.022334675449539546,0
72,21,2021-10-12 17:40:00,87.0,0,hist_gradient_boosting,val,0.0013208818347813253,0.022334675449539546,0
72,21,2021-10-12 18:40:00,86.0,0,hist_gradient_boosting,val,0.001126778937658301,0.022334675449539546,0
72,21,2021-10-12 19:40:00,85.0,0,hist_gradient_boosting,val,0.000979483117207402,0.022334675449539546,0
72,21,2021-10-12 20:40:00,84.0,0,hist_gradient_boosting,val,0.0007802210676951328,0.022334675449539546,0
72,21,2021-10-12 21:40:00,83.0,0,hist_gradient_boosting,val,0.0007601673014635852,0.022334675449539546,0
72,21,2021-10-12 22:40:00,82.0,0,hist_gradient_boosting,val,0.000852920530986551,0.022334675449539546,0
72,21,2021-10-12 23:40:00,81.0,0,hist_gradient_boosting,val,0.0011686014416859454,0.022334675449539546,0
72,21,2021-10-13 00:40:00,80.0,0,hist_gradient_boosting,val,0.0009412363131132435,0.022334675449539546,0
72,21,2021-10-13 01:40:00,79.0,0,hist_gradient_boosting,val,0.0007802210676951328,0.022334675449539546,0
72,21,2021-10-13 02:40:00,78.0,0,hist_gradient_boosting,val,0.0010877796554241623,0.022334675449539546,0
72,21,2021-10-13 03:40:00,77.0,0,hist_gradient_boosting,val,0.0007939142368496443,0.022334675449539546,0
72,21,2021-10-13 04:40:00,76.0,0,hist_gradient_boosting,val,0.002409285703640596,0.022334675449539546,0
72,21,2021-10-13 05:40:00,75.0,0,hist_gradient_boosting,val,0.002860281606390434,0.022334675449539546,0
72,21,2021-10-13 06:40:00,74.0,0,hist_gradient_boosting,val,0.002457614684062313,0.022334675449539546,0
72,21,2021-10-13 07:40:00,73.0,0,hist_gradient_boosting,val,0.0030742426508231177,0.022334675449539546,0
72,21,2021-10-13 08:40:00,72.0,0,hist_gradient_boosting,val,0.003211296882136563,0.022334675449539546,0
72,21,2021-10-13 09:40:00,71.0,0,hist_gradient_boosting,val,0.0031783790139965676,0.022334675449539546,0
72,21,2021-10-13 10:40:00,70.0,0,hist_gradient_boosting,val,0.002838997697378773,0.022334675449539546,0
72,21,2021-10-13 11:40:00,69.0,0,hist_gradient_boosting,val,0.0026958407564432528,0.022334675449539546,0
72,21,2021-10-13 12:40:00,68.0,0,hist_gradient_boosting,val,0.0026958407564432528,0.022334675449539546,0
72,21,2021-10-13 13:40:00,67.0,0,hist_gradient_boosting,val,0.0025404999125843205,0.022334675449539546,0
72,21,2021-10-13 14:40:00,66.0,0,hist_gradient_boosting,val,0.002191424942664183,0.022334675449539546,0
72,21,2021-10-13 15:40:00,65.0,0,hist_gradient_boosting,val,0.0030054845295524723,0.022334675449539546,0
72,21,2021-10-13 16:40:00,64.0,0,hist_gradient_boosting,val,0.002060892711926645,0.022334675449539546,0
72,21,2021-10-13 17:40:00,63.0,0,hist_gradient_boosting,val,0.0021317344758316073,0.022334675449539546,0
72,21,2021-10-13 18:40:00,62.0,0,hist_gradient_boosting,val,0.0011353628469830416,0.022334675449539546,0
72,21,2021-10-13 19:40:00,61.0,0,hist_gradient_boosting,val,0.0013600673444421505,0.022334675449539546,0
72,21,2021-10-13 20:40:00,60.0,0,hist_gradient_boosting,val,0.001152370421994165,0.022334675449539546,0
72,21,2021-10-13 21:40:00,59.0,0,hist_gradient_boosting,val,0.002442554286688616,0.022334675449539546,0
72,21,2021-10-13 22:40:00,58.0,0,hist_gradient_boosting,val,0.0029535249367980535,0.022334675449539546,0
72,21,2021-10-13 23:40:00,57.0,0,hist_gradient_boosting,val,0.0011650302314758815,0.022334675449539546,0
72,21,2021-10-14 00:40:00,56.0,0,hist_gradient_boosting,val,0.0009648023815649979,0.022334675449539546,0
72,21,2021-10-14 01:40:00,55.0,0,hist_gradient_boosting,val,0.0009648023815649979,0.022334675449539546,0
72,21,2021-10-14 02:40:00,54.0,0,hist_gradient_boosting,val,0.0009688851470056564,0.022334675449539546,0
72,21,2021-10-14 03:40:00,53.0,0,hist_gradient_boosting,val,0.0009985064806168084,0.022334675449539546,0
72,21,2021-10-14 04:40:00,52.0,0,hist_gradient_boosting,val,0.0009936177506667749,0.022334675449539546,0
72,21,2021-10-14 05:40:00,51.0,0,hist_gradient_boosting,val,0.0012718028933244435,0.022334675449539546,0
72,21,2021-10-14 06:40:00,50.0,0,hist_gradient_boosting,val,0.0015788935186863517,0.022334675449539546,0
72,21,2021-10-14 07:40:00,49.0,0,hist_gradient_boosting,val,0.0012718028933244435,0.022334675449539546,0
72,21,2021-10-14 08:40:00,48.0,1,hist_gradient_boosting,val,0.0012265063314420802,0.022334675449539546,0
72,21,2021-10-14 09:40:00,47.0,1,hist_gradient_boosting,val,0.0011781407297042701,0.022334675449539546,0
72,21,2021-10-14 10:40:00,46.0,1,hist_gradient_boosting,val,0.0018820022349160114,0.022334675449539546,0
72,21,2021-10-14 11:40:00,45.0,1,hist_gradient_boosting,val,0.004625418548548093,0.022334675449539546,0
72,21,2021-10-14 12:40:00,44.0,1,hist_gradient_boosting,val,0.0016359708014808613,0.022334675449539546,0
72,21,2021-10-14 13:40:00,43.0,1,hist_gradient_boosting,val,0.0006655034732310014,0.022334675449539546,0
72,21,2021-10-14 14:40:00,42.0,1,hist_gradient_boosting,val,0.0006009255602670224,0.022334675449539546,0
72,21,2021-10-14 15:40:00,41.0,1,hist_gradient_boosting,val,0.0006377910427625095,0.022334675449539546,0
72,21,2021-10-14 16:40:00,40.0,1,hist_gradient_boosting,val,0.0007043555715456198,0.022334675449539546,0
72,21,2021-10-14 17:40:00,39.0,1,hist_gradient_boosting,val,0.0005795228793421566,0.022334675449539546,0
72,21,2021-10-14 18:40:00,38.0,1,hist_gradient_boosting,val,0.0004904940890330853,0.022334675449539546,0
72,21,2021-10-14 19:40:00,37.0,1,hist_gradient_boosting,val,0.00036005933692038046,0.022334675449539546,0
72,21,2021-10-14 20:40:00,36.0,1,hist_gradient_boosting,val,0.0003619749641935237,0.022334675449539546,0
72,21,2021-10-14 21:40:00,35.0,1,hist_gradient_boosting,val,0.0005982530822790864,0.022334675449539546,0
72,21,2021-10-14 22:40:00,34.0,1,hist_gradient_boosting,val,0.0006910576348883767,0.022334675449539546,0
72,21,2021-10-14 23:40:00,33.0,1,hist_gradient_boosting,val,0.0007019617753423902,0.022334675449539546,0
72,21,2021-10-15 00:40:00,32.0,1,hist_gradient_boosting,val,0.0006796349613343751,0.022334675449539546,0
72,21,2021-10-15 01:40:00,31.0,1,hist_gradient_boosting,val,0.0006796349613343751,0.022334675449539546,0
72,21,2021-10-15 02:40:00,30.0,1,hist_gradient_boosting,val,0.0006796349613343751,0.022334675449539546,0
72,21,2021-10-15 03:40:00,29.0,1,hist_gradient_boosting,val,0.0006987568041973947,0.022334675449539546,0
72,21,2021-10-15 04:40:00,28.0,1,hist_gradient_boosting,val,0.0007184225638431109,0.022334675449539546,0
72,21,2021-10-15 05:40:00,27.0,1,hist_gradient_boosting,val,0.0006987568041973947,0.022334675449539546,0
72,21,2021-10-15 06:40:00,26.0,1,hist_gradient_boosting,val,0.0007255547487453468,0.022334675449539546,0
72,21,2021-10-15 07:40:00,25.0,1,hist_gradient_boosting,val,0.0007750499800549068,0.022334675449539546,0
72,21,2021-10-15 08:40:00,24.0,1,hist_gradient_boosting,val,0.0007514376195379567,0.022334675449539546,0
72,21,2021-10-15 09:40:00,23.0,1,hist_gradient_boosting,val,0.0008202710549188143,0.022334675449539546,0
72,21,2021-10-15 10:40:00,22.0,1,hist_gradient_boosting,val,0.0009415318103836431,0.022334675449539546,0
72,21,2021-10-15 11:40:00,21.0,1,hist_gradient_boosting,val,0.001807152997778433,0.022334675449539546,0
72,21,2021-10-15 12:40:00,20.0,1,hist_gradient_boosting,val,0.000905649417152144,0.022334675449539546,0
72,21,2021-10-15 13:40:00,19.0,1,hist_gradient_boosting,val,0.0009418694846583057,0.022334675449539546,0
72,21,2021-10-15 14:40:00,18.0,1,hist_gradient_boosting,val,0.0009442538366071771,0.022334675449539546,0
72,21,2021-10-15 15:40:00,17.0,1,hist_gradient_boosting,val,0.0010180839628074249,0.022334675449539546,0
72,21,2021-10-15 16:40:00,16.0,1,hist_gradient_boosting,val,0.0022219449070358535,0.022334675449539546,0
72,21,2021-10-15 17:40:00,15.0,1,hist_gradient_boosting,val,0.0011363723918558963,0.022334675449539546,0
72,21,2021-10-15 18:40:00,14.0,1,hist_gradient_boosting,val,0.0010366485674430607,0.022334675449539546,0
72,21,2021-10-15 19:40:00,13.0,1,hist_gradient_boosting,val,0.0012930566930091252,0.022334675449539546,0
72,21,2021-10-15 20:40:00,12.0,1,hist_gradient_boosting,val,0.0013439239940836875,0.022334675449539546,0
72,21,2021-10-15 21:40:00,11.0,1,hist_gradient_boosting,val,0.0037305068815514583,0.022334675449539546,0
72,21,2021-10-15 22:40:00,10.0,1,hist_gradient_boosting,val,0.0018922278293133717,0.022334675449539546,0
72,21,2021-10-15 23:40:00,9.0,1,hist_gradient_boosting,val,0.0018355910202399455,0.022334675449539546,0
72,21,2021-10-16 00:40:00,8.0,1,hist_gradient_boosting,val,0.0020290275664414485,0.022334675449539546,0
72,21,2021-10-16 01:40:00,7.0,1,hist_gradient_boosting,val,0.002021941657405649,0.022334675449539546,0
72,21,2021-10-16 02:40:00,6.0,1,hist_gradient_boosting,val,0.0011861367009600218,0.022334675449539546,0
72,21,2021-10-16 03:40:00,5.0,1,hist_gradient_boosting,val,0.0007634455880468432,0.022334675449539546,0
72,21,2021-10-16 04:40:00,4.0,1,hist_gradient_boosting,val,0.0007634455880468432,0.022334675449539546,0
72,21,2021-10-16 05:40:00,3.0,1,hist_gradient_boosting,val,0.0007634455880468432,0.022334675449539546,0
72,21,2021-10-16 06:40:00,2.0,1,hist_gradient_boosting,val,0.0010548494299793874,0.022334675449539546,0
72,21,2021-10-16 07:40:00,1.0,1,hist_gradient_boosting,val,0.001126731221677702,0.022334675449539546,0
14,13,2022-03-04 14:00:00,,0,hist_gradient_boosting,test,0.0016029706870505924,0.022334675449539546,0
14,13,2022-03-04 15:00:00,,0,hist_gradient_boosting,test,0.0015916326483743227,0.022334675449539546,0
14,13,2022-03-04 16:00:00,,0,hist_gradient_boosting,test,0.001693657976146209,0.022334675449539546,0
14,13,2022-03-04 17:00:00,,0,hist_gradient_boosting,test,0.001242230060389876,0.022334675449539546,0
14,13,2022-03-04 18:00:00,,0,hist_gradient_boosting,test,0.0017506388758183782,0.022334675449539546,0
14,13,2022-03-04 19:00:00,,0,hist_gradient_boosting,test,0.001728159229392678,0.022334675449539546,0
14,13,2022-03-04 20:00:00,,0,hist_gradient_boosting,test,0.0017632134528257131,0.022334675449539546,0
14,13,2022-03-04 21:00:00,,0,hist_gradient_boosting,test,0.0021637664135149208,0.022334675449539546,0
14,13,2022-03-04 22:00:00,,0,hist_gradient_boosting,test,0.0021831548821579128,0.022334675449539546,0
14,13,2022-03-04 23:00:00,,0,hist_gradient_boosting,test,0.0021993225426947764,0.022334675449539546,0
14,13,2022-03-05 00:00:00,,0,hist_gradient_boosting,test,0.0020686627568858845,0.022334675449539546,0
14,13,2022-03-05 01:00:00,,0,hist_gradient_boosting,test,0.0007775974832660463,0.022334675449539546,0
14,13,2022-03-05 02:00:00,,0,hist_gradient_boosting,test,0.0022363275453324795,0.022334675449539546,0
14,13,2022-03-05 03:00:00,,0,hist_gradient_boosting,test,0.001324515588200668,0.022334675449539546,0
14,13,2022-03-05 04:00:00,,0,hist_gradient_boosting,test,0.0023999546824283436,0.022334675449539546,0
14,13,2022-03-05 05:00:00,,0,hist_gradient_boosting,test,0.0023999546824283436,0.022334675449539546,0
14,13,2022-03-05 06:00:00,,0,hist_gradient_boosting,test,0.0023147715059718215,0.022334675449539546,0
14,13,2022-03-05 07:00:00,,0,hist_gradient_boosting,test,0.002143081207475495,0.022334675449539546,0
14,13,2022-03-05 08:00:00,,0,hist_gradient_boosting,test,0.0026506577499275426,0.022334675449539546,0
14,13,2022-03-05 09:00:00,,0,hist_gradient_boosting,test,0.0018920641996283763,0.022334675449539546,0
14,13,2022-03-05 10:00:00,,0,hist_gradient_boosting,test,0.0003499403574609427,0.022334675449539546,0
14,13,2022-03-05 11:00:00,,0,hist_gradient_boosting,test,0.0004692777137654617,0.022334675449539546,0
14,13,2022-03-05 12:00:00,,0,hist_gradient_boosting,test,0.0003787117162401558,0.022334675449539546,0
14,13,2022-03-05 13:00:00,,0,hist_gradient_boosting,test,0.0002614133252957621,0.022334675449539546,0
14,13,2022-03-05 14:00:00,,0,hist_gradient_boosting,test,0.0002614133252957621,0.022334675449539546,0
14,13,2022-03-05 15:00:00,,0,hist_gradient_boosting,test,0.0002614133252957621,0.022334675449539546,0
14,13,2022-03-05 16:00:00,,0,hist_gradient_boosting,test,0.000277156199542208,0.022334675449539546,0
14,13,2022-03-05 17:00:00,,0,hist_gradient_boosting,test,0.000277156199542208,0.022334675449539546,0
14,13,2022-03-05 18:00:00,,0,hist_gradient_boosting,test,0.0002616519535714364,0.022334675449539546,0
14,13,2022-03-05 19:00:00,,0,hist_gradient_boosting,test,0.0002506394655035233,0.022334675449539546,0
14,13,2022-03-05 20:00:00,,0,hist_gradient_boosting,test,0.0002506394655035233,0.022334675449539546,0
14,13,2022-03-05 21:00:00,,0,hist_gradient_boosting,test,0.0002506394655035233,0.022334675449539546,0
14,13,2022-03-05 22:00:00,,0,hist_gradient_boosting,test,0.0002917445554622214,0.022334675449539546,0
14,13,2022-03-05 23:00:00,,0,hist_gradient_boosting,test,0.0003770618887228058,0.022334675449539546,0
14,13,2022-03-06 00:00:00,,0,hist_gradient_boosting,test,0.0002506394655035233,0.022334675449539546,0
14,13,2022-03-06 01:00:00,,0,hist_gradient_boosting,test,0.0002506394655035233,0.022334675449539546,0
14,13,2022-03-06 02:00:00,,0,hist_gradient_boosting,test,0.00023883192860201457,0.022334675449539546,0
14,13,2022-03-06 03:00:00,,0,hist_gradient_boosting,test,0.00023883192860201457,0.022334675449539546,0
14,13,2022-03-06 04:00:00,,0,hist_gradient_boosting,test,0.0001473636449156079,0.022334675449539546,0
14,13,2022-03-06 05:00:00,,0,hist_gradient_boosting,test,0.00023883192860201457,0.022334675449539546,0
14,13,2022-03-06 06:00:00,,0,hist_gradient_boosting,test,0.00023801853173882365,0.022334675449539546,0
14,13,2022-03-06 07:00:00,,0,hist_gradient_boosting,test,0.000244869484325537,0.022334675449539546,0
14,13,2022-03-06 08:00:00,,0,hist_gradient_boosting,test,0.000244869484325537,0.022334675449539546,0
14,13,2022-03-06 09:00:00,,0,hist_gradient_boosting,test,0.00022100288373010858,0.022334675449539546,0
14,13,2022-03-06 10:00:00,,0,hist_gradient_boosting,test,0.00022308322893373173,0.022334675449539546,0
14,13,2022-03-06 11:00:00,,0,hist_gradient_boosting,test,0.00040053867914383045,0.022334675449539546,0
14,13,2022-03-06 12:00:00,,0,hist_gradient_boosting,test,0.00023624974383337375,0.022334675449539546,0
14,13,2022-03-06 13:00:00,,0,hist_gradient_boosting,test,0.00026214877013879597,0.022334675449539546,0
14,13,2022-03-06 14:00:00,,0,hist_gradient_boosting,test,0.00020836183870088547,0.022334675449539546,0
14,13,2022-03-06 15:00:00,,0,hist_gradient_boosting,test,0.0003234423156581566,0.022334675449539546,0
14,13,2022-03-06 16:00:00,,0,hist_gradient_boosting,test,0.00025326239850764114,0.022334675449539546,0
14,13,2022-03-06 17:00:00,,0,hist_gradient_boosting,test,0.00023152400574846856,0.022334675449539546,0
14,13,2022-03-06 18:00:00,,0,hist_gradient_boosting,test,0.0002778567891139191,0.022334675449539546,0
14,13,2022-03-06 19:00:00,,0,hist_gradient_boosting,test,0.0002695888991272789,0.022334675449539546,0
14,13,2022-03-06 20:00:00,,0,hist_gradient_boosting,test,0.0002956016364906603,0.022334675449539546,0
14,13,2022-03-06 21:00:00,,0,hist_gradient_boosting,test,0.0002965907804590018,0.022334675449539546,0
14,13,2022-03-06 22:00:00,,0,hist_gradient_boosting,test,0.0002877656034059682,0.022334675449539546,0
14,13,2022-03-06 23:00:00,,0,hist_gradient_boosting,test,0.00025428903991389174,0.022334675449539546,0
14,13,2022-03-07 00:00:00,,0,hist_gradient_boosting,test,0.0002476767175363906,0.022334675449539546,0
14,13,2022-03-07 01:00:00,,0,hist_gradient_boosting,test,0.000268545687581765,0.022334675449539546,0
14,13,2022-03-07 02:00:00,,0,hist_gradient_boosting,test,0.0002226846918224152,0.022334675449539546,0
14,13,2022-03-07 03:00:00,,0,hist_gradient_boosting,test,0.0002170734391352188,0.022334675449539546,0
14,13,2022-03-07 04:00:00,,0,hist_gradient_boosting,test,0.00022005399334073698,0.022334675449539546,0
14,13,2022-03-07 05:00:00,,0,hist_gradient_boosting,test,0.0002170734391352188,0.022334675449539546,0
14,13,2022-03-07 06:00:00,,0,hist_gradient_boosting,test,0.0002170734391352188,0.022334675449539546,0
14,13,2022-03-07 07:00:00,,0,hist_gradient_boosting,test,0.00022938845045110542,0.022334675449539546,0
14,13,2022-03-07 08:00:00,,0,hist_gradient_boosting,test,0.0002068468587426269,0.022334675449539546,0
14,13,2022-03-07 09:00:00,,0,hist_gradient_boosting,test,0.00025453549466732025,0.022334675449539546,0
14,13,2022-03-07 10:00:00,,0,hist_gradient_boosting,test,0.0001416195561823267,0.022334675449539546,0
14,13,2022-03-07 11:00:00,,0,hist_gradient_boosting,test,0.0002803493766600738,0.022334675449539546,0
14,13,2022-03-07 12:00:00,,0,hist_gradient_boosting,test,0.0002825163628116596,0.022334675449539546,0
14,13,2022-03-07 13:00:00,,0,hist_gradient_boosting,test,0.00043482007504166417,0.022334675449539546,0
14,13,2022-03-07 14:00:00,,0,hist_gradient_boosting,test,0.0004811401625150127,0.022334675449539546,0
14,13,2022-03-07 15:00:00,,0,hist_gradient_boosting,test,0.00023270058144323334,0.022334675449539546,0
14,13,2022-03-07 16:00:00,,0,hist_gradient_boosting,test,0.00024608664978585773,0.022334675449539546,0
14,13,2022-03-07 17:00:00,,0,hist_gradient_boosting,test,0.00024608664978585773,0.022334675449539546,0
14,13,2022-03-07 18:00:00,,0,hist_gradient_boosting,test,0.0002198937714957099,0.022334675449539546,0
14,13,2022-03-07 19:00:00,,0,hist_gradient_boosting,test,0.0007000033487573362,0.022334675449539546,0
14,13,2022-03-07 20:00:00,,0,hist_gradient_boosting,test,0.0007767021584846226,0.022334675449539546,0
14,13,2022-03-07 21:00:00,,0,hist_gradient_boosting,test,0.002247183196555958,0.022334675449539546,0
14,13,2022-03-07 22:00:00,,0,hist_gradient_boosting,test,0.0014387203104714536,0.022334675449539546,0
14,13,2022-03-07 23:00:00,,0,hist_gradient_boosting,test,0.0007509896006797057,0.022334675449539546,0
14,13,2022-03-08 00:00:00,,0,hist_gradient_boosting,test,0.0008680540130488833,0.022334675449539546,0
14,13,2022-03-08 01:00:00,,0,hist_gradient_boosting,test,0.001112749755873418,0.022334675449539546,0
14,13,2022-03-08 02:00:00,,0,hist_gradient_boosting,test,0.0007595164464427552,0.022334675449539546,0
14,13,2022-03-08 03:00:00,,0,hist_gradient_boosting,test,0.00045367296754277855,0.022334675449539546,0
14,13,2022-03-08 04:00:00,,0,hist_gradient_boosting,test,0.0004937313194714045,0.022334675449539546,0
14,13,2022-03-08 05:00:00,,0,hist_gradient_boosting,test,0.0006646254539146797,0.022334675449539546,0
14,13,2022-03-08 06:00:00,,0,hist_gradient_boosting,test,0.000682305507234713,0.022334675449539546,0
14,13,2022-03-08 07:00:00,,0,hist_gradient_boosting,test,0.0006869303110950899,0.022334675449539546,0
14,13,2022-03-08 08:00:00,,0,hist_gradient_boosting,test,0.000667604954179294,0.022334675449539546,0
14,13,2022-03-08 09:00:00,,0,hist_gradient_boosting,test,0.0004628545300993694,0.022334675449539546,0
14,13,2022-03-08 10:00:00,,0,hist_gradient_boosting,test,0.0007923643247399199,0.022334675449539546,0
14,13,2022-03-08 11:00:00,,0,hist_gradient_boosting,test,0.0007530611854135728,0.022334675449539546,0
14,13,2022-03-08 12:00:00,,0,hist_gradient_boosting,test,0.0005411938543223011,0.022334675449539546,0
14,13,2022-03-08 13:00:00,,0,hist_gradient_boosting,test,0.0005974446116804239,0.022334675449539546,0
14,13,2022-03-08 14:00:00,,0,hist_gradient_boosting,test,0.0005667515327775847,0.022334675449539546,0
14,13,2022-03-08 15:00:00,,0,hist_gradient_boosting,test,0.0005750809641963684,0.022334675449539546,0
14,13,2022-03-08 16:00:00,,0,hist_gradient_boosting,test,0.0006062248593884078,0.022334675449539546,0
14,13,2022-03-08 17:00:00,,0,hist_gradient_boosting,test,0.0005858616853317708,0.022334675449539546,0
14,13,2022-03-08 18:00:00,,0,hist_gradient_boosting,test,0.0005605414879425207,0.022334675449539546,0
14,13,2022-03-08 19:00:00,,0,hist_gradient_boosting,test,0.0006208566801661808,0.022334675449539546,0
14,13,2022-03-08 20:00:00,,0,hist_gradient_boosting,test,0.0007204582536487357,0.022334675449539546,0
14,13,2022-03-08 21:00:00,,0,hist_gradient_boosting,test,0.0015428402146486521,0.022334675449539546,0
14,13,2022-03-08 22:00:00,,0,hist_gradient_boosting,test,0.0015177161198100273,0.022334675449539546,0
14,13,2022-03-08 23:00:00,,0,hist_gradient_boosting,test,0.0016485990135884092,0.022334675449539546,0
14,13,2022-03-09 00:00:00,,0,hist_gradient_boosting,test,0.001153860679867397,0.022334675449539546,0
14,13,2022-03-09 01:00:00,,0,hist_gradient_boosting,test,0.001578172961619469,0.022334675449539546,0
14,13,2022-03-09 02:00:00,,0,hist_gradient_boosting,test,0.0017699719452837547,0.022334675449539546,0
14,13,2022-03-09 03:00:00,,0,hist_gradient_boosting,test,0.001965214703604307,0.022334675449539546,0
14,13,2022-03-09 04:00:00,,0,hist_gradient_boosting,test,0.0019114851294818123,0.022334675449539546,0
14,13,2022-03-09 05:00:00,,0,hist_gradient_boosting,test,0.001278179696202818,0.022334675449539546,0
14,13,2022-03-09 06:00:00,,0,hist_gradient_boosting,test,0.0012432654622875929,0.022334675449539546,0
14,13,2022-03-09 07:00:00,,0,hist_gradient_boosting,test,0.001307005660960569,0.022334675449539546,0
14,13,2022-03-09 08:00:00,,0,hist_gradient_boosting,test,0.0014225799094661027,0.022334675449539546,0
14,13,2022-03-09 09:00:00,,0,hist_gradient_boosting,test,0.0012462675898920156,0.022334675449539546,0
14,13,2022-03-09 10:00:00,,0,hist_gradient_boosting,test,0.001322883005778676,0.022334675449539546,0
14,13,2022-03-09 11:00:00,,0,hist_gradient_boosting,test,0.001663028004973568,0.022334675449539546,0
14,13,2022-03-09 12:00:00,,0,hist_gradient_boosting,test,0.0006736064992648804,0.022334675449539546,0
14,13,2022-03-09 13:00:00,,0,hist_gradient_boosting,test,0.0008287336633489929,0.022334675449539546,0
14,13,2022-03-09 14:00:00,,0,hist_gradient_boosting,test,0.0015054736559153017,0.022334675449539546,0
14,13,2022-03-09 15:00:00,,0,hist_gradient_boosting,test,0.00146153933480471,0.022334675449539546,0
14,13,2022-03-09 16:00:00,,0,hist_gradient_boosting,test,0.0015680703184364,0.022334675449539546,0
14,13,2022-03-09 17:00:00,,0,hist_gradient_boosting,test,0.001609565454121435,0.022334675449539546,0
14,13,2022-03-09 18:00:00,,0,hist_gradient_boosting,test,0.0018005912043589686,0.022334675449539546,0
14,13,2022-03-09 19:00:00,,0,hist_gradient_boosting,test,0.002400035611660975,0.022334675449539546,0
14,13,2022-03-09 20:00:00,,0,hist_gradient_boosting,test,0.003978625374604573,0.022334675449539546,0
14,13,2022-03-09 21:00:00,,0,hist_gradient_boosting,test,0.0021890496471811596,0.022334675449539546,0
14,13,2022-03-09 22:00:00,,0,hist_gradient_boosting,test,0.0027039879504564585,0.022334675449539546,0
14,13,2022-03-09 23:00:00,,0,hist_gradient_boosting,test,0.004675823276118161,0.022334675449539546,0
14,13,2022-03-10 00:00:00,,0,hist_gradient_boosting,test,0.0026526572255083578,0.022334675449539546,0
14,13,2022-03-10 01:00:00,,0,hist_gradient_boosting,test,0.0025266648866646745,0.022334675449539546,0
14,13,2022-03-10 02:00:00,,0,hist_gradient_boosting,test,0.0011940029775271933,0.022334675449539546,0
14,13,2022-03-10 03:00:00,,0,hist_gradient_boosting,test,0.0015930238830052757,0.022334675449539546,0
14,13,2022-03-10 04:00:00,,0,hist_gradient_boosting,test,0.0037879159778873048,0.022334675449539546,0
14,13,2022-03-10 05:00:00,,0,hist_gradient_boosting,test,0.003172644086105429,0.022334675449539546,0
14,13,2022-03-10 06:00:00,,0,hist_gradient_boosting,test,0.0039409690099397555,0.022334675449539546,0
14,13,2022-03-10 07:00:00,,0,hist_gradient_boosting,test,0.003368629934459479,0.022334675449539546,0
14,13,2022-03-10 08:00:00,,0,hist_gradient_boosting,test,0.00039314974808137297,0.022334675449539546,0
14,13,2022-03-10 09:00:00,,0,hist_gradient_boosting,test,0.00044842389004015755,0.022334675449539546,0
14,13,2022-03-10 10:00:00,,0,hist_gradient_boosting,test,0.0007545357602707623,0.022334675449539546,0
14,13,2022-03-10 11:00:00,,0,hist_gradient_boosting,test,0.0006229162683540748,0.022334675449539546,0
14,13,2022-03-10 12:00:00,,0,hist_gradient_boosting,test,0.0005644006778998144,0.022334675449539546,0
14,13,2022-03-10 13:00:00,,0,hist_gradient_boosting,test,0.0006491221939478452,0.022334675449539546,0
14,13,2022-03-10 14:00:00,,0,hist_gradient_boosting,test,0.0006440210409619501,0.022334675449539546,0
14,13,2022-03-10 15:00:00,,0,hist_gradient_boosting,test,0.0005200328123554113,0.022334675449539546,0
14,13,2022-03-10 16:00:00,,0,hist_gradient_boosting,test,0.0005233071208100878,0.022334675449539546,0
14,13,2022-03-10 17:00:00,,0,hist_gradient_boosting,test,0.0008603854092401271,0.022334675449539546,0
14,13,2022-03-10 18:00:00,,0,hist_gradient_boosting,test,0.0006883869306084105,0.022334675449539546,0
14,13,2022-03-10 19:00:00,,0,hist_gradient_boosting,test,0.0005619737276581231,0.022334675449539546,0
14,13,2022-03-10 20:00:00,,0,hist_gradient_boosting,test,0.0005727728993006407,0.022334675449539546,0
14,13,2022-03-10 21:00:00,,0,hist_gradient_boosting,test,0.000805861374539487,0.022334675449539546,0
14,13,2022-03-10 22:00:00,,0,hist_gradient_boosting,test,0.0005988031691997693,0.022334675449539546,0
14,13,2022-03-10 23:00:00,,0,hist_gradient_boosting,test,0.0005883863400225445,0.022334675449539546,0
14,13,2022-03-11 00:00:00,,0,hist_gradient_boosting,test,0.001155429008857903,0.022334675449539546,0
14,13,2022-03-11 01:00:00,,0,hist_gradient_boosting,test,0.0009042545730371276,0.022334675449539546,0
14,13,2022-03-11 02:00:00,,0,hist_gradient_boosting,test,0.005638377299657447,0.022334675449539546,0
14,13,2022-03-11 03:00:00,,0,hist_gradient_boosting,test,0.001711318960190662,0.022334675449539546,0
14,13,2022-03-11 04:00:00,,0,hist_gradient_boosting,test,0.0018647539376110771,0.022334675449539546,0
14,13,2022-03-11 05:00:00,,0,hist_gradient_boosting,test,0.001852971658368519,0.022334675449539546,0
14,13,2022-03-11 06:00:00,,0,hist_gradient_boosting,test,0.002189191651019227,0.022334675449539546,0
14,13,2022-03-11 07:00:00,,0,hist_gradient_boosting,test,0.0021207252296195542,0.022334675449539546,0
14,13,2022-03-11 08:00:00,,0,hist_gradient_boosting,test,0.0015346090673688476,0.022334675449539546,0
14,13,2022-03-11 09:00:00,,0,hist_gradient_boosting,test,0.001631189254033043,0.022334675449539546,0
14,13,2022-03-11 10:00:00,,0,hist_gradient_boosting,test,0.0011499940105731872,0.022334675449539546,0
14,13,2022-03-11 11:00:00,,0,hist_gradient_boosting,test,0.0013903315455141112,0.022334675449539546,0
14,13,2022-03-11 12:00:00,,0,hist_gradient_boosting,test,0.001048432146983556,0.022334675449539546,0
14,13,2022-03-11 13:00:00,,0,hist_gradient_boosting,test,0.0010837729689196522,0.022334675449539546,0
14,13,2022-03-11 14:00:00,,0,hist_gradient_boosting,test,0.001804717972435682,0.022334675449539546,0
14,13,2022-03-11 15:00:00,,0,hist_gradient_boosting,test,0.0023349559614891094,0.022334675449539546,0
14,13,2022-03-11 16:00:00,,0,hist_gradient_boosting,test,0.0003303692154544579,0.022334675449539546,0
14,13,2022-03-11 17:00:00,,0,hist_gradient_boosting,test,0.0003247974030441123,0.022334675449539546,0
14,13,2022-03-11 18:00:00,,0,hist_gradient_boosting,test,0.0002871354117319794,0.022334675449539546,0
38,13,2021-06-30 15:40:00,,0,hist_gradient_boosting,test,0.0005836034793536768,0.022334675449539546,0
38,13,2021-06-30 16:40:00,,0,hist_gradient_boosting,test,0.00052719461086354,0.022334675449539546,0
38,13,2021-06-30 17:40:00,,0,hist_gradient_boosting,test,0.00047306521169782306,0.022334675449539546,0
38,13,2021-06-30 18:40:00,,0,hist_gradient_boosting,test,0.00046892734856624315,0.022334675449539546,0
38,13,2021-06-30 19:40:00,,0,hist_gradient_boosting,test,0.0011454887973745358,0.022334675449539546,0
38,13,2021-06-30 20:40:00,,0,hist_gradient_boosting,test,0.0008143046908303034,0.022334675449539546,0
38,13,2021-06-30 21:40:00,,0,hist_gradient_boosting,test,0.0007273996000115293,0.022334675449539546,0
38,13,2021-06-30 22:40:00,,0,hist_gradient_boosting,test,0.0007779050159087713,0.022334675449539546,0
38,13,2021-06-30 23:40:00,,0,hist_gradient_boosting,test,0.0012013284339320212,0.022334675449539546,0
38,13,2021-07-01 00:40:00,,0,hist_gradient_boosting,test,0.0007858689841337351,0.022334675449539546,0
38,13,2021-07-01 01:40:00,,0,hist_gradient_boosting,test,0.0007741965996096541,0.022334675449539546,0
38,13,2021-07-01 02:40:00,,0,hist_gradient_boosting,test,0.0006771809844240182,0.022334675449539546,0
38,13,2021-07-01 03:40:00,,0,hist_gradient_boosting,test,0.00025398307431525566,0.022334675449539546,0
38,13,2021-07-01 04:40:00,,0,hist_gradient_boosting,test,0.000395274608502281,0.022334675449539546,0
38,13,2021-07-01 05:40:00,,0,hist_gradient_boosting,test,0.0003424826741628178,0.022334675449539546,0
38,13,2021-07-01 06:40:00,,0,hist_gradient_boosting,test,0.00046922218040843774,0.022334675449539546,0
38,13,2021-07-01 07:40:00,,0,hist_gradient_boosting,test,0.0005583623292208359,0.022334675449539546,0
38,13,2021-07-01 08:40:00,,0,hist_gradient_boosting,test,0.000665916675313318,0.022334675449539546,0
38,13,2021-07-01 09:40:00,,0,hist_gradient_boosting,test,0.0022592937864624363,0.022334675449539546,0
38,13,2021-07-01 10:40:00,,0,hist_gradient_boosting,test,0.0021940794599646664,0.022334675449539546,0
38,13,2021-07-01 11:40:00,,0,hist_gradient_boosting,test,0.0027366170003839006,0.022334675449539546,0
38,13,2021-07-01 12:40:00,,0,hist_gradient_boosting,test,0.003435454165134961,0.022334675449539546,0
38,13,2021-07-01 13:40:00,,0,hist_gradient_boosting,test,0.007570004719564362,0.022334675449539546,0
38,13,2021-07-01 14:40:00,,0,hist_gradient_boosting,test,0.009983255275691867,0.022334675449539546,0
38,13,2021-07-01 15:40:00,,0,hist_gradient_boosting,test,0.010293940107117209,0.022334675449539546,0
38,13,2021-07-01 16:40:00,,0,hist_gradient_boosting,test,0.00831518211617886,0.022334675449539546,0
38,13,2021-07-01 17:40:00,,0,hist_gradient_boosting,test,0.006056501837635203,0.022334675449539546,0
38,13,2021-07-01 18:40:00,,0,hist_gradient_boosting,test,0.0032945394349710626,0.022334675449539546,0
38,13,2021-07-01 19:40:00,,0,hist_gradient_boosting,test,0.0009314847685085204,0.022334675449539546,0
38,13,2021-07-01 20:40:00,,0,hist_gradient_boosting,test,0.0007157537611540302,0.022334675449539546,0
38,13,2021-07-01 21:40:00,,0,hist_gradient_boosting,test,0.0008850987140385069,0.022334675449539546,0
38,13,2021-07-01 22:40:00,,0,hist_gradient_boosting,test,0.002152734893761555,0.022334675449539546,0
38,13,2021-07-01 23:40:00,,0,hist_gradient_boosting,test,0.0005554521368867983,0.022334675449539546,0
38,13,2021-07-02 00:40:00,,0,hist_gradient_boosting,test,0.00042977485168727275,0.022334675449539546,0
38,13,2021-07-02 01:40:00,,0,hist_gradient_boosting,test,0.00042977485168727275,0.022334675449539546,0
38,13,2021-07-02 02:40:00,,0,hist_gradient_boosting,test,0.0005345593281137676,0.022334675449539546,0
38,13,2021-07-02 03:40:00,,0,hist_gradient_boosting,test,0.0005244232966857425,0.022334675449539546,0
38,13,2021-07-02 04:40:00,,0,hist_gradient_boosting,test,0.0002813583816158127,0.022334675449539546,0
38,13,2021-07-02 05:40:00,,0,hist_gradient_boosting,test,0.0004689465431952617,0.022334675449539546,0
38,13,2021-07-02 06:40:00,,0,hist_gradient_boosting,test,0.00031295592515671866,0.022334675449539546,0
38,13,2021-07-02 07:40:00,,0,hist_gradient_boosting,test,0.0003600759922393077,0.022334675449539546,0
38,13,2021-07-02 08:40:00,,0,hist_gradient_boosting,test,0.0003214504023644355,0.022334675449539546,0
38,13,2021-07-02 09:40:00,,0,hist_gradient_boosting,test,0.00025323781907682526,0.022334675449539546,0
38,13,2021-07-02 10:40:00,,0,hist_gradient_boosting,test,0.00027638369614521716,0.022334675449539546,0
38,13,2021-07-02 11:40:00,,0,hist_gradient_boosting,test,0.0002841655986862777,0.022334675449539546,0
38,13,2021-07-02 12:40:00,,0,hist_gradient_boosting,test,0.00026994057650651585,0.022334675449539546,0
38,13,2021-07-02 13:40:00,,0,hist_gradient_boosting,test,0.0006837115391879147,0.022334675449539546,0
38,13,2021-07-02 14:40:00,,0,hist_gradient_boosting,test,0.0013798984022554894,0.022334675449539546,0
38,13,2021-07-02 15:40:00,,0,hist_gradient_boosting,test,0.001121944586010543,0.022334675449539546,0
38,13,2021-07-02 16:40:00,,0,hist_gradient_boosting,test,0.0006585506017916656,0.022334675449539546,0
38,13,2021-07-02 17:40:00,,0,hist_gradient_boosting,test,0.0007783485069345562,0.022334675449539546,0
38,13,2021-07-02 18:40:00,,0,hist_gradient_boosting,test,0.0005964024786515138,0.022334675449539546,0
38,13,2021-07-02 19:40:00,,0,hist_gradient_boosting,test,0.00047742028211634894,0.022334675449539546,0
38,13,2021-07-02 20:40:00,,0,hist_gradient_boosting,test,0.0005971387528062781,0.022334675449539546,0
38,13,2021-07-02 21:40:00,,0,hist_gradient_boosting,test,0.0006770375072898923,0.022334675449539546,0
38,13,2021-07-02 22:40:00,,0,hist_gradient_boosting,test,0.000574335204276983,0.022334675449539546,0
38,13,2021-07-02 23:40:00,,0,hist_gradient_boosting,test,0.0007755418087909898,0.022334675449539546,0
38,13,2021-07-03 00:40:00,,0,hist_gradient_boosting,test,0.000506550441329055,0.022334675449539546,0
38,13,2021-07-03 01:40:00,,0,hist_gradient_boosting,test,0.000578736695432711,0.022334675449539546,0
38,13,2021-07-03 02:40:00,,0,hist_gradient_boosting,test,0.0006455252129167571,0.022334675449539546,0
38,13,2021-07-03 03:40:00,,0,hist_gradient_boosting,test,0.0010899153412692953,0.022334675449539546,0
38,13,2021-07-03 04:40:00,,0,hist_gradient_boosting,test,0.0009780198210207125,0.022334675449539546,0
38,13,2021-07-03 05:40:00,,0,hist_gradient_boosting,test,0.0004945449518332062,0.022334675449539546,0
38,13,2021-07-03 06:40:00,,0,hist_gradient_boosting,test,0.0005459133193488646,0.022334675449539546,0
38,13,2021-07-03 07:40:00,,0,hist_gradient_boosting,test,0.0007180585747320333,0.022334675449539546,0
38,13,2021-07-03 08:40:00,,0,hist_gradient_boosting,test,0.0009166480273733442,0.022334675449539546,0
38,13,2021-07-03 09:40:00,,0,hist_gradient_boosting,test,0.001013896173444741,0.022334675449539546,0
38,13,2021-07-03 10:40:00,,0,hist_gradient_boosting,test,0.0007538522491939404,0.022334675449539546,0
38,13,2021-07-03 11:40:00,,0,hist_gradient_boosting,test,0.0015123400755202563,0.022334675449539546,0
38,13,2021-07-03 12:40:00,,0,hist_gradient_boosting,test,0.0015123400755202563,0.022334675449539546,0
38,13,2021-07-03 13:40:00,,0,hist_gradient_boosting,test,0.0014419782728652523,0.022334675449539546,0
38,13,2021-07-03 14:40:00,,0,hist_gradient_boosting,test,0.0008176847860518789,0.022334675449539546,0
38,13,2021-07-03 15:40:00,,0,hist_gradient_boosting,test,0.000862348441424555,0.022334675449539546,0
38,13,2021-07-03 16:40:00,,0,hist_gradient_boosting,test,0.0012390570445944646,0.022334675449539546,0
38,13,2021-07-03 17:40:00,,0,hist_gradient_boosting,test,0.0012374397767426356,0.022334675449539546,0
38,13,2021-07-03 18:40:00,,0,hist_gradient_boosting,test,0.0008223632760084717,0.022334675449539546,0
38,13,2021-07-03 19:40:00,,0,hist_gradient_boosting,test,0.0006471623359888127,0.022334675449539546,0
38,13,2021-07-03 20:40:00,,0,hist_gradient_boosting,test,0.001330537722184927,0.022334675449539546,0
38,13,2021-07-03 21:40:00,,0,hist_gradient_boosting,test,0.001405789347330151,0.022334675449539546,0
38,13,2021-07-03 22:40:00,,0,hist_gradient_boosting,test,0.0008474345701030938,0.022334675449539546,0
38,13,2021-07-03 23:40:00,,0,hist_gradient_boosting,test,0.0007984916235649231,0.022334675449539546,0
38,13,2021-07-04 00:40:00,,0,hist_gradient_boosting,test,0.001167353035900128,0.022334675449539546,0
38,13,2021-07-04 01:40:00,,0,hist_gradient_boosting,test,0.02129577374846552,0.022334675449539546,0
38,13,2021-07-04 02:40:00,,0,hist_gradient_boosting,test,0.024525022400676263,0.022334675449539546,1
38,13,2021-07-04 03:40:00,,0,hist_gradient_boosting,test,0.018369619062138593,0.022334675449539546,0
38,13,2021-07-04 04:40:00,,0,hist_gradient_boosting,test,0.012210787720221918,0.022334675449539546,0
38,13,2021-07-04 05:40:00,,0,hist_gradient_boosting,test,0.01326242503565355,0.022334675449539546,0
38,13,2021-07-04 06:40:00,,0,hist_gradient_boosting,test,0.01246715106514219,0.022334675449539546,0
38,13,2021-07-04 07:40:00,,0,hist_gradient_boosting,test,0.013884649876683707,0.022334675449539546,0
38,13,2021-07-06 19:40:00,,0,hist_gradient_boosting,test,0.003024111628942609,0.022334675449539546,0
38,13,2021-07-06 20:40:00,,0,hist_gradient_boosting,test,0.0015599207994070783,0.022334675449539546,0
38,13,2021-07-06 21:40:00,,0,hist_gradient_boosting,test,0.002737701947975035,0.022334675449539546,0
38,13,2021-07-06 22:40:00,,0,hist_gradient_boosting,test,0.002148807959037782,0.022334675449539546,0
38,13,2021-07-06 23:40:00,,0,hist_gradient_boosting,test,0.002223916063462143,0.022334675449539546,0
38,13,2021-07-07 00:40:00,,0,hist_gradient_boosting,test,0.0024707880520511254,0.022334675449539546,0
38,13,2021-07-07 01:40:00,,0,hist_gradient_boosting,test,0.002426744408479273,0.022334675449539546,0
38,13,2021-07-07 02:40:00,,0,hist_gradient_boosting,test,0.00211116266665574,0.022334675449539546,0
38,13,2021-07-07 03:40:00,,0,hist_gradient_boosting,test,0.0017745596307513765,0.022334675449539546,0
38,13,2021-07-07 04:40:00,,0,hist_gradient_boosting,test,0.002790659483546847,0.022334675449539546,0
38,13,2021-07-07 05:40:00,,0,hist_gradient_boosting,test,0.003778925726413507,0.022334675449539546,0
38,13,2021-07-07 06:40:00,,0,hist_gradient_boosting,test,0.001903316507295913,0.022334675449539546,0
38,13,2021-07-07 07:40:00,,0,hist_gradient_boosting,test,0.0011933426094395874,0.022334675449539546,0
38,13,2021-07-07 08:40:00,,0,hist_gradient_boosting,test,0.0007200878344896553,0.022334675449539546,0
38,13,2021-07-07 09:40:00,,0,hist_gradient_boosting,test,0.0006601118135545258,0.022334675449539546,0
38,13,2021-07-07 10:40:00,,0,hist_gradient_boosting,test,0.0009261081506850889,0.022334675449539546,0
38,13,2021-07-07 11:40:00,,0,hist_gradient_boosting,test,0.0010704793004966899,0.022334675449539546,0
38,13,2021-07-07 12:40:00,,0,hist_gradient_boosting,test,0.0010704793004966899,0.022334675449539546,0
38,13,2021-07-07 13:40:00,,0,hist_gradient_boosting,test,0.0012769614189606126,0.022334675449539546,0
38,13,2021-07-07 14:40:00,,0,hist_gradient_boosting,test,0.001211670118516565,0.022334675449539546,0
38,13,2021-07-07 15:40:00,,0,hist_gradient_boosting,test,0.001211670118516565,0.022334675449539546,0
38,13,2021-07-07 16:40:00,,0,hist_gradient_boosting,test,0.0010388653450945926,0.022334675449539546,0
38,13,2021-07-07 17:40:00,,0,hist_gradient_boosting,test,0.0010683050021196552,0.022334675449539546,0
38,13,2021-07-07 18:40:00,,0,hist_gradient_boosting,test,0.0012379548116176918,0.022334675449539546,0
38,13,2021-07-07 19:40:00,,0,hist_gradient_boosting,test,0.0012379548116176918,0.022334675449539546,0
38,13,2021-07-07 20:40:00,,0,hist_gradient_boosting,test,0.0012076526575565036,0.022334675449539546,0
38,13,2021-07-07 21:40:00,,0,hist_gradient_boosting,test,0.000878497220239892,0.022334675449539546,0
38,13,2021-07-07 22:40:00,,0,hist_gradient_boosting,test,0.0010003427950424828,0.022334675449539546,0
38,13,2021-07-07 23:40:00,,0,hist_gradient_boosting,test,0.0007206302960359807,0.022334675449539546,0
38,13,2021-07-08 00:40:00,,0,hist_gradient_boosting,test,0.0005297336381422542,0.022334675449539546,0
38,13,2021-07-08 01:40:00,,0,hist_gradient_boosting,test,0.0005385063665875253,0.022334675449539546,0
38,13,2021-07-08 02:40:00,,0,hist_gradient_boosting,test,0.0005341329001859263,0.022334675449539546,0
38,13,2021-07-08 03:40:00,,0,hist_gradient_boosting,test,0.001471174693205669,0.022334675449539546,0
38,13,2021-07-08 04:40:00,,0,hist_gradient_boosting,test,0.0015853034762436933,0.022334675449539546,0
38,13,2021-07-08 05:40:00,,0,hist_gradient_boosting,test,0.0015585889523858365,0.022334675449539546,0
38,13,2021-07-08 06:40:00,,0,hist_gradient_boosting,test,0.0018576092417920396,0.022334675449539546,0
38,13,2021-07-08 07:40:00,,0,hist_gradient_boosting,test,0.003997413968062732,0.022334675449539546,0
38,13,2021-07-08 08:40:00,,0,hist_gradient_boosting,test,0.0036614473840185036,0.022334675449539546,0
38,13,2021-07-08 09:40:00,,0,hist_gradient_boosting,test,0.0036614473840185036,0.022334675449539546,0
38,13,2021-07-08 10:40:00,,0,hist_gradient_boosting,test,0.003466581799708816,0.022334675449539546,0
38,13,2021-07-08 11:40:00,,0,hist_gradient_boosting,test,0.003466581799708816,0.022334675449539546,0
38,13,2021-07-08 12:40:00,,0,hist_gradient_boosting,test,0.0038438225708754053,0.022334675449539546,0
38,13,2021-07-08 13:40:00,,0,hist_gradient_boosting,test,0.003520372764337747,0.022334675449539546,0
38,13,2021-07-08 14:40:00,,0,hist_gradient_boosting,test,0.0037097980427919456,0.022334675449539546,0
38,13,2021-07-08 15:40:00,,0,hist_gradient_boosting,test,0.0031808348606897617,0.022334675449539546,0
38,13,2021-07-08 16:40:00,,0,hist_gradient_boosting,test,0.0026205741073740767,0.022334675449539546,0
38,13,2021-07-08 17:40:00,,0,hist_gradient_boosting,test,0.002707322916391211,0.022334675449539546,0
38,13,2021-07-08 18:40:00,,0,hist_gradient_boosting,test,0.002707322916391211,0.022334675449539546,0
38,13,2021-07-08 19:40:00,,0,hist_gradient_boosting,test,0.002939848236530677,0.022334675449539546,0
38,13,2021-07-08 20:40:00,,0,hist_gradient_boosting,test,0.0025607946576426,0.022334675449539546,0
38,13,2021-07-08 21:40:00,,0,hist_gradient_boosting,test,0.0025607946576426,0.022334675449539546,0
38,13,2021-07-08 22:40:00,,0,hist_gradient_boosting,test,0.0007220143080432481,0.022334675449539546,0
38,13,2021-07-08 23:40:00,,0,hist_gradient_boosting,test,0.0008025849842333911,0.022334675449539546,0
38,13,2021-07-09 00:40:00,,0,hist_gradient_boosting,test,0.0009406918869310795,0.022334675449539546,0
38,13,2021-07-09 01:40:00,,0,hist_gradient_boosting,test,0.0010743212261775223,0.022334675449539546,0
38,13,2021-07-09 02:40:00,,0,hist_gradient_boosting,test,0.00045865912271983553,0.022334675449539546,0
38,13,2021-07-09 03:40:00,,0,hist_gradient_boosting,test,0.0004683085970910583,0.022334675449539546,0
38,13,2021-07-09 04:40:00,,0,hist_gradient_boosting,test,0.000625861867572855,0.022334675449539546,0
38,13,2021-07-09 05:40:00,,0,hist_gradient_boosting,test,0.000625861867572855,0.022334675449539546,0
38,13,2021-07-09 06:40:00,,0,hist_gradient_boosting,test,0.0006516483270466292,0.022334675449539546,0
38,13,2021-07-09 07:40:00,,0,hist_gradient_boosting,test,0.00063188172408231,0.022334675449539546,0
38,13,2021-07-09 08:40:00,,0,hist_gradient_boosting,test,0.0008893316483459284,0.022334675449539546,0
38,13,2021-07-09 09:40:00,,0,hist_gradient_boosting,test,0.000955145522582237,0.022334675449539546,0
38,13,2021-07-09 10:40:00,,0,hist_gradient_boosting,test,0.0009243458585896603,0.022334675449539546,0
38,13,2021-07-09 11:40:00,,0,hist_gradient_boosting,test,0.0008329896683291959,0.022334675449539546,0
38,13,2021-07-09 12:40:00,,0,hist_gradient_boosting,test,0.0010164616832594262,0.022334675449539546,0
38,13,2021-07-09 13:40:00,,0,hist_gradient_boosting,test,0.0011488080743479216,0.022334675449539546,0
38,13,2021-07-09 14:40:00,,0,hist_gradient_boosting,test,0.001269717637729829,0.022334675449539546,0
38,13,2021-07-09 15:40:00,,0,hist_gradient_boosting,test,0.001035515452146614,0.022334675449539546,0
38,13,2021-07-09 16:40:00,,0,hist_gradient_boosting,test,0.0010163059083743212,0.022334675449539546,0
38,13,2021-07-09 17:40:00,,0,hist_gradient_boosting,test,0.0009480966116079468,0.022334675449539546,0
38,13,2021-07-09 18:40:00,,0,hist_gradient_boosting,test,0.0008977559083999393,0.022334675449539546,0
38,13,2021-07-09 19:40:00,,0,hist_gradient_boosting,test,0.000881445997943513,0.022334675449539546,0
38,13,2021-07-09 20:40:00,,0,hist_gradient_boosting,test,0.000881445997943513,0.022334675449539546,0
38,13,2021-07-09 21:40:00,,0,hist_gradient_boosting,test,0.0008647510634025753,0.022334675449539546,0
38,13,2021-07-09 22:40:00,,0,hist_gradient_boosting,test,0.0008977559083999393,0.022334675449539546,0
38,13,2021-07-09 23:40:00,,0,hist_gradient_boosting,test,0.0011937417007303946,0.022334675449539546,0
38,13,2021-07-10 00:40:00,,0,hist_gradient_boosting,test,0.0007411775900635388,0.022334675449539546,0
38,13,2021-07-10 01:40:00,,0,hist_gradient_boosting,test,0.0006451448614749698,0.022334675449539546,0
38,13,2021-07-10 02:40:00,,0,hist_gradient_boosting,test,0.00041410141734521795,0.022334675449539546,0
38,13,2021-07-10 03:40:00,,0,hist_gradient_boosting,test,0.00037883376233126953,0.022334675449539546,0
38,13,2021-07-10 04:40:00,,0,hist_gradient_boosting,test,0.00039387056242704493,0.022334675449539546,0
38,13,2021-07-10 05:40:00,,0,hist_gradient_boosting,test,0.0002397988719061255,0.022334675449539546,0
38,13,2021-07-10 06:40:00,,0,hist_gradient_boosting,test,0.0002456866919292291,0.022334675449539546,0
38,13,2021-07-10 07:40:00,,0,hist_gradient_boosting,test,0.0004161289738866254,0.022334675449539546,0
38,13,2021-07-10 08:40:00,,0,hist_gradient_boosting,test,0.0005428473596263923,0.022334675449539546,0
38,13,2021-07-10 09:40:00,,0,hist_gradient_boosting,test,0.0005428473596263923,0.022334675449539546,0
38,13,2021-07-10 10:40:00,,0,hist_gradient_boosting,test,0.0007702924870649257,0.022334675449539546,0
38,13,2021-07-10 11:40:00,,0,hist_gradient_boosting,test,0.0007863102869016424,0.022334675449539546,0
38,13,2021-07-10 12:40:00,,0,hist_gradient_boosting,test,0.0005728606055003066,0.022334675449539546,0
38,13,2021-07-10 13:40:00,,0,hist_gradient_boosting,test,0.0005217731055266362,0.022334675449539546,0
38,13,2021-07-10 14:40:00,,0,hist_gradient_boosting,test,0.00048732104262461345,0.022334675449539546,0
38,13,2021-07-10 15:40:00,,0,hist_gradient_boosting,test,0.0011290646610722917,0.022334675449539546,0
38,13,2021-07-10 16:40:00,,0,hist_gradient_boosting,test,0.0011003015335132988,0.022334675449539546,0
38,13,2021-07-10 17:40:00,,0,hist_gradient_boosting,test,0.0011003015335132988,0.022334675449539546,0
38,13,2021-07-10 18:40:00,,0,hist_gradient_boosting,test,0.0004389361437506281,0.022334675449539546,0
38,13,2021-07-10 19:40:00,,0,hist_gradient_boosting,test,0.0004389361437506281,0.022334675449539546,0
38,13,2021-07-10 20:40:00,,0,hist_gradient_boosting,test,0.00034712010878534637,0.022334675449539546,0
38,13,2021-07-10 21:40:00,,0,hist_gradient_boosting,test,0.0003755140128209577,0.022334675449539546,0
38,13,2021-07-10 22:40:00,,0,hist_gradient_boosting,test,0.0006209938743161099,0.022334675449539546,0
38,13,2021-07-10 23:40:00,,0,hist_gradient_boosting,test,0.0012812741905345898,0.022334675449539546,0
38,13,2021-07-11 00:40:00,,0,hist_gradient_boosting,test,0.005610159756035606,0.022334675449539546,0
38,13,2021-07-11 01:40:00,,0,hist_gradient_boosting,test,0.005726383399061984,0.022334675449539546,0
38,13,2021-07-11 02:40:00,,0,hist_gradient_boosting,test,0.004428456918190299,0.022334675449539546,0
38,13,2021-07-11 03:40:00,,0,hist_gradient_boosting,test,0.004668326354609813,0.022334675449539546,0
38,13,2021-07-11 04:40:00,,0,hist_gradient_boosting,test,0.002834837910823506,0.022334675449539546,0
38,13,2021-07-11 05:40:00,,0,hist_gradient_boosting,test,0.004749693210745106,0.022334675449539546,0
38,13,2021-07-11 06:40:00,,0,hist_gradient_boosting,test,0.005457989071230274,0.022334675449539546,0
38,13,2021-07-11 07:40:00,,0,hist_gradient_boosting,test,0.005930840236582708,0.022334675449539546,0
38,13,2021-07-11 08:40:00,,0,hist_gradient_boosting,test,0.03568230257740261,0.022334675449539546,1
38,13,2021-07-11 09:40:00,,0,hist_gradient_boosting,test,0.022633903671062643,0.022334675449539546,1
38,13,2021-07-11 10:40:00,,0,hist_gradient_boosting,test,0.31893162469461095,0.022334675449539546,1
38,13,2021-07-11 11:40:00,,0,hist_gradient_boosting,test,0.346454047999233,0.022334675449539546,1
38,13,2021-07-11 12:40:00,,0,hist_gradient_boosting,test,0.3633190484803871,0.022334675449539546,1
38,13,2021-07-11 13:40:00,,0,hist_gradient_boosting,test,0.4149089769620887,0.022334675449539546,1
38,13,2021-07-11 14:40:00,,0,hist_gradient_boosting,test,0.3698182176186567,0.022334675449539546,1
38,13,2021-07-11 15:40:00,,0,hist_gradient_boosting,test,0.4069773452691794,0.022334675449539546,1
38,13,2021-07-11 16:40:00,,0,hist_gradient_boosting,test,0.48181340056232247,0.022334675449539546,1
38,13,2021-07-11 17:40:00,,0,hist_gradient_boosting,test,0.2735788547885165,0.022334675449539546,1
38,13,2021-07-11 18:40:00,,0,hist_gradient_boosting,test,0.49016852040629977,0.022334675449539546,1
38,13,2021-07-11 19:40:00,,0,hist_gradient_boosting,test,0.3260547844076236,0.022334675449539546,1
38,13,2021-07-11 20:40:00,,0,hist_gradient_boosting,test,0.32012622574050686,0.022334675449539546,1
38,13,2021-07-11 21:40:00,,0,hist_gradient_boosting,test,0.6091890809195641,0.022334675449539546,1
38,13,2021-07-11 22:40:00,,0,hist_gradient_boosting,test,0.6048670493107199,0.022334675449539546,1
38,13,2021-07-11 23:40:00,,0,hist_gradient_boosting,test,0.2177811354001873,0.022334675449539546,1
38,13,2021-07-12 00:40:00,,0,hist_gradient_boosting,test,0.25200706669423206,0.022334675449539546,1
38,13,2021-07-12 01:40:00,,0,hist_gradient_boosting,test,0.03509886917617428,0.022334675449539546,1
38,13,2021-07-12 02:40:00,,0,hist_gradient_boosting,test,0.039655553454623016,0.022334675449539546,1
38,13,2021-07-12 03:40:00,,0,hist_gradient_boosting,test,0.041551174490927725,0.022334675449539546,1
38,13,2021-07-12 04:40:00,,0,hist_gradient_boosting,test,0.03711035041385659,0.022334675449539546,1
38,13,2021-07-12 05:40:00,,0,hist_gradient_boosting,test,0.02288863517602356,0.022334675449539546,1
38,13,2021-07-12 06:40:00,,0,hist_gradient_boosting,test,0.033805803936721064,0.022334675449539546,1
38,13,2021-07-12 07:40:00,,0,hist_gradient_boosting,test,0.18877907262037252,0.022334675449539546,1
38,13,2021-07-12 08:40:00,,0,hist_gradient_boosting,test,0.1613123538161803,0.022334675449539546,1
38,13,2021-07-12 09:40:00,,0,hist_gradient_boosting,test,0.26812950284074283,0.022334675449539546,1
38,13,2021-07-12 10:40:00,,0,hist_gradient_boosting,test,0.31001509601783717,0.022334675449539546,1
38,13,2021-07-12 11:40:00,,0,hist_gradient_boosting,test,0.3109296207180223,0.022334675449539546,1
38,13,2021-07-12 12:40:00,,0,hist_gradient_boosting,test,0.2473938595088115,0.022334675449539546,1
38,13,2021-07-12 13:40:00,,0,hist_gradient_boosting,test,0.38818047567406067,0.022334675449539546,1
38,13,2021-07-12 14:40:00,,0,hist_gradient_boosting,test,0.3191458417225793,0.022334675449539546,1
38,13,2021-07-12 15:40:00,,0,hist_gradient_boosting,test,0.3328577331016841,0.022334675449539546,1
38,13,2021-07-12 16:40:00,,0,hist_gradient_boosting,test,0.3700887929059917,0.022334675449539546,1
38,13,2021-07-12 17:40:00,,0,hist_gradient_boosting,test,0.34519303291202436,0.022334675449539546,1
38,13,2021-07-12 18:40:00,,0,hist_gradient_boosting,test,0.30884905532769324,0.022334675449539546,1
38,13,2021-07-12 19:40:00,,0,hist_gradient_boosting,test,0.5295677820342544,0.022334675449539546,1
38,13,2021-07-12 20:40:00,,0,hist_gradient_boosting,test,0.5328017040955639,0.022334675449539546,1
38,13,2021-07-12 21:40:00,,0,hist_gradient_boosting,test,0.4679257474617509,0.022334675449539546,1
38,13,2021-07-12 22:40:00,,0,hist_gradient_boosting,test,0.5166316774692783,0.022334675449539546,1
38,13,2021-07-12 23:40:00,,0,hist_gradient_boosting,test,0.4357940716708298,0.022334675449539546,1
38,13,2021-07-13 00:40:00,,0,hist_gradient_boosting,test,0.7122367468089696,0.022334675449539546,1
38,13,2021-07-13 01:40:00,,0,hist_gradient_boosting,test,0.6210681987840678,0.022334675449539546,1
38,13,2021-07-13 02:40:00,,0,hist_gradient_boosting,test,0.6028894236335169,0.022334675449539546,1
38,13,2021-07-13 03:40:00,,0,hist_gradient_boosting,test,0.6028894236335169,0.022334675449539546,1
38,13,2021-07-13 04:40:00,,0,hist_gradient_boosting,test,0.6028894236335169,0.022334675449539546,1
38,13,2021-07-13 05:40:00,,0,hist_gradient_boosting,test,0.6100597904980296,0.022334675449539546,1
38,13,2021-07-13 06:40:00,,0,hist_gradient_boosting,test,0.5608949664476409,0.022334675449539546,1
38,13,2021-07-13 07:40:00,,0,hist_gradient_boosting,test,0.17382959376247725,0.022334675449539546,1
38,13,2021-07-13 08:40:00,,0,hist_gradient_boosting,test,0.19029234147255464,0.022334675449539546,1
38,13,2021-07-13 09:40:00,,0,hist_gradient_boosting,test,0.16832580806050534,0.022334675449539546,1
38,13,2021-07-13 10:40:00,,0,hist_gradient_boosting,test,0.16843483597418082,0.022334675449539546,1
38,13,2021-07-13 11:40:00,,0,hist_gradient_boosting,test,0.1576492047453315,0.022334675449539546,1
38,13,2021-07-13 12:40:00,,0,hist_gradient_boosting,test,0.22336208082823447,0.022334675449539546,1
38,13,2021-07-13 13:40:00,,0,hist_gradient_boosting,test,0.12615983686830204,0.022334675449539546,1
38,13,2021-07-13 14:40:00,,0,hist_gradient_boosting,test,0.13871217242207584,0.022334675449539546,1
38,13,2021-07-13 15:40:00,,0,hist_gradient_boosting,test,0.17176851772735646,0.022334675449539546,1
38,13,2021-07-13 16:40:00,,0,hist_gradient_boosting,test,0.16837289797797916,0.022334675449539546,1
38,13,2021-07-13 17:40:00,,0,hist_gradient_boosting,test,0.13615320813200785,0.022334675449539546,1
38,13,2021-07-13 18:40:00,,0,hist_gradient_boosting,test,0.12452936923632309,0.022334675449539546,1
38,13,2021-07-13 19:40:00,,0,hist_gradient_boosting,test,0.12611523329519786,0.022334675449539546,1
38,13,2021-07-13 20:40:00,,0,hist_gradient_boosting,test,0.07958291065612987,0.022334675449539546,1
38,13,2021-07-13 21:40:00,,0,hist_gradient_boosting,test,0.044838583626001294,0.022334675449539546,1
38,13,2021-07-13 22:40:00,,0,hist_gradient_boosting,test,0.013201530666655942,0.022334675449539546,0
38,13,2021-07-13 23:40:00,,0,hist_gradient_boosting,test,0.00710771693550843,0.022334675449539546,0
38,13,2021-07-14 00:40:00,,0,hist_gradient_boosting,test,0.008139082662105487,0.022334675449539546,0
38,13,2021-07-14 01:40:00,,0,hist_gradient_boosting,test,0.010420021302941737,0.022334675449539546,0
38,13,2021-07-14 02:40:00,,0,hist_gradient_boosting,test,0.008863553490489711,0.022334675449539546,0
38,13,2021-07-14 03:40:00,,0,hist_gradient_boosting,test,0.008050670930468556,0.022334675449539546,0
38,13,2021-07-14 04:40:00,,0,hist_gradient_boosting,test,0.027286693009499458,0.022334675449539546,1
38,13,2021-07-14 05:40:00,,0,hist_gradient_boosting,test,0.022517058936521124,0.022334675449539546,1
38,13,2021-07-14 06:40:00,,0,hist_gradient_boosting,test,0.028019484101024575,0.022334675449539546,1
45,13,2020-04-18 18:10:00,168.0,0,hist_gradient_boosting,test,0.0007405298980812695,0.022334675449539546,0
45,13,2020-04-18 19:10:00,167.0,0,hist_gradient_boosting,test,0.0003528565208013698,0.022334675449539546,0
45,13,2020-04-18 20:10:00,166.0,0,hist_gradient_boosting,test,0.0006959868873315156,0.022334675449539546,0
45,13,2020-04-18 21:10:00,165.0,0,hist_gradient_boosting,test,0.00034823915562515515,0.022334675449539546,0
45,13,2020-04-18 22:10:00,164.0,0,hist_gradient_boosting,test,0.00030775882775688034,0.022334675449539546,0
45,13,2020-04-18 23:10:00,163.0,0,hist_gradient_boosting,test,0.0005316795934741437,0.022334675449539546,0
45,13,2020-04-19 00:10:00,162.0,0,hist_gradient_boosting,test,0.0005154778321939808,0.022334675449539546,0
45,13,2020-04-19 01:10:00,161.0,0,hist_gradient_boosting,test,0.000555048378464855,0.022334675449539546,0
45,13,2020-04-19 02:10:00,160.0,0,hist_gradient_boosting,test,0.000833119514973415,0.022334675449539546,0
45,13,2020-04-19 03:10:00,159.0,0,hist_gradient_boosting,test,0.0003088851536933664,0.022334675449539546,0
45,13,2020-04-19 04:10:00,158.0,0,hist_gradient_boosting,test,0.0003030293245123158,0.022334675449539546,0
45,13,2020-04-19 05:10:00,157.0,0,hist_gradient_boosting,test,0.0005409525919814669,0.022334675449539546,0
45,13,2020-04-19 06:10:00,156.0,0,hist_gradient_boosting,test,0.0004706439406612475,0.022334675449539546,0
45,13,2020-04-19 07:10:00,155.0,0,hist_gradient_boosting,test,0.0005304649396097659,0.022334675449539546,0
45,13,2020-04-19 08:10:00,154.0,0,hist_gradient_boosting,test,0.00045197452092975615,0.022334675449539546,0
45,13,2020-04-19 09:10:00,153.0,0,hist_gradient_boosting,test,0.0006163370392405341,0.022334675449539546,0
45,13,2020-04-19 10:10:00,152.0,0,hist_gradient_boosting,test,0.0006688973600611197,0.022334675449539546,0
45,13,2020-04-19 11:10:00,151.0,0,hist_gradient_boosting,test,0.0007259149837579052,0.022334675449539546,0
45,13,2020-04-19 12:10:00,150.0,0,hist_gradient_boosting,test,0.0005960743840537587,0.022334675449539546,0
45,13,2020-04-19 13:10:00,149.0,0,hist_gradient_boosting,test,0.0005960743840537587,0.022334675449539546,0
45,13,2020-04-19 14:10:00,148.0,0,hist_gradient_boosting,test,0.0006128520295977231,0.022334675449539546,0
45,13,2020-04-19 15:10:00,147.0,0,hist_gradient_boosting,test,0.000589168694825416,0.022334675449539546,0
45,13,2020-04-19 16:10:00,146.0,0,hist_gradient_boosting,test,0.0005735732291672407,0.022334675449539546,0
45,13,2020-04-19 17:10:00,145.0,0,hist_gradient_boosting,test,0.0005577902398071076,0.022334675449539546,0
45,13,2020-04-19 18:10:00,144.0,0,hist_gradient_boosting,test,0.0005578702931681664,0.022334675449539546,0
45,13,2020-04-19 19:10:00,143.0,0,hist_gradient_boosting,test,0.0005578702931681664,0.022334675449539546,0
45,13,2020-04-19 20:10:00,142.0,0,hist_gradient_boosting,test,0.0007210177627104417,0.022334675449539546,0
45,13,2020-04-19 21:10:00,141.0,0,hist_gradient_boosting,test,0.000831663670537927,0.022334675449539546,0
45,13,2020-04-19 22:10:00,140.0,0,hist_gradient_boosting,test,0.0008332570101824213,0.022334675449539546,0
45,13,2020-04-19 23:10:00,139.0,0,hist_gradient_boosting,test,0.0007898603215057658,0.022334675449539546,0
45,13,2020-04-20 00:10:00,138.0,0,hist_gradient_boosting,test,0.0007898603215057658,0.022334675449539546,0
45,13,2020-04-20 01:10:00,137.0,0,hist_gradient_boosting,test,0.0011328707230856114,0.022334675449539546,0
45,13,2020-04-20 02:10:00,136.0,0,hist_gradient_boosting,test,0.0011328707230856114,0.022334675449539546,0
45,13,2020-04-20 03:10:00,135.0,0,hist_gradient_boosting,test,0.0011424960023023911,0.022334675449539546,0
45,13,2020-04-20 04:10:00,134.0,0,hist_gradient_boosting,test,0.00132320037282656,0.022334675449539546,0
45,13,2020-04-20 05:10:00,133.0,0,hist_gradient_boosting,test,0.0011328707230856114,0.022334675449539546,0
45,13,2020-04-20 06:10:00,132.0,0,hist_gradient_boosting,test,0.001103787798422001,0.022334675449539546,0
45,13,2020-04-20 07:10:00,131.0,0,hist_gradient_boosting,test,0.0010976446148841786,0.022334675449539546,0
45,13,2020-04-20 08:10:00,130.0,0,hist_gradient_boosting,test,0.0006325277523361607,0.022334675449539546,0
45,13,2020-04-20 09:10:00,129.0,0,hist_gradient_boosting,test,0.0006122078997057122,0.022334675449539546,0
45,13,2020-04-20 10:10:00,128.0,0,hist_gradient_boosting,test,0.0006122078997057122,0.022334675449539546,0
45,13,2020-04-20 11:10:00,127.0,0,hist_gradient_boosting,test,0.0006100571061960701,0.022334675449539546,0
45,13,2020-04-20 12:10:00,126.0,0,hist_gradient_boosting,test,0.0006123714841412459,0.022334675449539546,0
45,13,2020-04-20 13:10:00,125.0,0,hist_gradient_boosting,test,0.0006439345671903565,0.022334675449539546,0
45,13,2020-04-20 14:10:00,124.0,0,hist_gradient_boosting,test,0.0007287968130716582,0.022334675449539546,0
45,13,2020-04-20 15:10:00,123.0,0,hist_gradient_boosting,test,0.0006272158324041255,0.022334675449539546,0
45,13,2020-04-20 16:10:00,122.0,0,hist_gradient_boosting,test,0.0006863078307155693,0.022334675449539546,0
45,13,2020-04-20 17:10:00,121.0,0,hist_gradient_boosting,test,0.0006989804594504576,0.022334675449539546,0
45,13,2020-04-20 18:10:00,120.0,0,hist_gradient_boosting,test,0.0021458530403790925,0.022334675449539546,0
45,13,2020-04-20 19:10:00,119.0,0,hist_gradient_boosting,test,0.0023625439291821396,0.022334675449539546,0
45,13,2020-04-20 20:10:00,118.0,0,hist_gradient_boosting,test,0.002340359418594715,0.022334675449539546,0
45,13,2020-04-20 21:10:00,117.0,0,hist_gradient_boosting,test,0.002275789578943434,0.022334675449539546,0
45,13,2020-04-20 22:10:00,116.0,0,hist_gradient_boosting,test,0.002608518840314453,0.022334675449539546,0
45,13,2020-04-20 23:10:00,115.0,0,hist_gradient_boosting,test,0.0025833416670765085,0.022334675449539546,0
45,13,2020-04-21 00:10:00,114.0,0,hist_gradient_boosting,test,0.0024158370501663052,0.022334675449539546,0
45,13,2020-04-21 01:10:00,113.0,0,hist_gradient_boosting,test,0.0027920432599820035,0.022334675449539546,0
45,13,2020-04-21 02:10:00,112.0,0,hist_gradient_boosting,test,0.0027920432599820035,0.022334675449539546,0
45,13,2020-04-21 03:10:00,111.0,0,hist_gradient_boosting,test,0.0027920432599820035,0.022334675449539546,0
45,13,2020-04-21 04:10:00,110.0,0,hist_gradient_boosting,test,0.002529480876681834,0.022334675449539546,0
45,13,2020-04-21 05:10:00,109.0,0,hist_gradient_boosting,test,0.002698123077413906,0.022334675449539546,0
45,13,2020-04-21 06:10:00,108.0,0,hist_gradient_boosting,test,0.0038194393668294162,0.022334675449539546,0
45,13,2020-04-21 07:10:00,107.0,0,hist_gradient_boosting,test,0.003045325413248713,0.022334675449539546,0
45,13,2020-04-21 08:10:00,106.0,0,hist_gradient_boosting,test,0.0029621529265631244,0.022334675449539546,0
45,13,2020-04-21 09:10:00,105.0,0,hist_gradient_boosting,test,0.0029621529265631244,0.022334675449539546,0
45,13,2020-04-21 10:10:00,104.0,0,hist_gradient_boosting,test,0.0028304727294872416,0.022334675449539546,0
45,13,2020-04-21 11:10:00,103.0,0,hist_gradient_boosting,test,0.002244224034485498,0.022334675449539546,0
45,13,2020-04-21 12:10:00,102.0,0,hist_gradient_boosting,test,0.002336482367324981,0.022334675449539546,0
45,13,2020-04-21 13:10:00,101.0,0,hist_gradient_boosting,test,0.002206941873040109,0.022334675449539546,0
45,13,2020-04-21 14:10:00,100.0,0,hist_gradient_boosting,test,0.002174520413358095,0.022334675449539546,0
45,13,2020-04-21 15:10:00,99.0,0,hist_gradient_boosting,test,0.001773865950529596,0.022334675449539546,0
45,13,2020-04-21 16:10:00,98.0,0,hist_gradient_boosting,test,0.0017951558003420724,0.022334675449539546,0
45,13,2020-04-21 17:10:00,97.0,0,hist_gradient_boosting,test,0.0017460675546509892,0.022334675449539546,0
45,13,2020-04-21 18:10:00,96.0,0,hist_gradient_boosting,test,0.0009418927124361469,0.022334675449539546,0
45,13,2020-04-21 19:10:00,95.0,0,hist_gradient_boosting,test,0.0010117274075163941,0.022334675449539546,0
45,13,2020-04-21 20:10:00,94.0,0,hist_gradient_boosting,test,0.0010840002145930349,0.022334675449539546,0
45,13,2020-04-21 21:10:00,93.0,0,hist_gradient_boosting,test,0.0010165718717949396,0.022334675449539546,0
45,13,2020-04-21 22:10:00,92.0,0,hist_gradient_boosting,test,0.0003937117804785915,0.022334675449539546,0
45,13,2020-04-21 23:10:00,91.0,0,hist_gradient_boosting,test,0.00039182495373241556,0.022334675449539546,0
45,13,2020-04-22 00:10:00,90.0,0,hist_gradient_boosting,test,0.00039677520451715347,0.022334675449539546,0
45,13,2020-04-22 01:10:00,89.0,0,hist_gradient_boosting,test,0.00037874056549161113,0.022334675449539546,0
45,13,2020-04-22 02:10:00,88.0,0,hist_gradient_boosting,test,0.00027074580973922096,0.022334675449539546,0
45,13,2020-04-22 03:10:00,87.0,0,hist_gradient_boosting,test,0.00028940018005418525,0.022334675449539546,0
45,13,2020-04-22 04:10:00,86.0,0,hist_gradient_boosting,test,0.0003190998477763852,0.022334675449539546,0
45,13,2020-04-22 05:10:00,85.0,0,hist_gradient_boosting,test,0.00019157049256999525,0.022334675449539546,0
45,13,2020-04-22 06:10:00,84.0,0,hist_gradient_boosting,test,0.0001924496123813316,0.022334675449539546,0
45,13,2020-04-22 07:10:00,83.0,0,hist_gradient_boosting,test,0.00018717889077835313,0.022334675449539546,0
45,13,2020-04-22 08:10:00,82.0,0,hist_gradient_boosting,test,0.00019157049256999525,0.022334675449539546,0
45,13,2020-04-22 09:10:00,81.0,0,hist_gradient_boosting,test,0.0001924496123813316,0.022334675449539546,0
45,13,2020-04-22 10:10:00,80.0,0,hist_gradient_boosting,test,0.00016762426346174865,0.022334675449539546,0
45,13,2020-04-22 11:10:00,79.0,0,hist_gradient_boosting,test,0.00017233681530226107,0.022334675449539546,0
45,13,2020-04-22 12:10:00,78.0,0,hist_gradient_boosting,test,0.00015361759181726513,0.022334675449539546,0
45,13,2020-04-22 13:10:00,77.0,0,hist_gradient_boosting,test,0.00017128232767998615,0.022334675449539546,0
45,13,2020-04-22 14:10:00,76.0,0,hist_gradient_boosting,test,0.00016138310601786563,0.022334675449539546,0
45,13,2020-04-22 15:10:00,75.0,0,hist_gradient_boosting,test,0.00016139025209365414,0.022334675449539546,0
45,13,2020-04-22 16:10:00,74.0,0,hist_gradient_boosting,test,0.00017126631492463658,0.022334675449539546,0
45,13,2020-04-22 17:10:00,73.0,0,hist_gradient_boosting,test,0.00018075421834222894,0.022334675449539546,0
45,13,2020-04-22 18:10:00,72.0,0,hist_gradient_boosting,test,0.00023096296652555304,0.022334675449539546,0
45,13,2020-04-22 19:10:00,71.0,0,hist_gradient_boosting,test,0.0002461037363773568,0.022334675449539546,0
45,13,2020-04-22 20:10:00,70.0,0,hist_gradient_boosting,test,0.00020903107200634233,0.022334675449539546,0
45,13,2020-04-22 21:10:00,69.0,0,hist_gradient_boosting,test,0.00017824744488782014,0.022334675449539546,0
45,13,2020-04-22 22:10:00,68.0,0,hist_gradient_boosting,test,0.00019039906472336757,0.022334675449539546,0
45,13,2020-04-22 23:10:00,67.0,0,hist_gradient_boosting,test,0.00020336898578323924,0.022334675449539546,0
45,13,2020-04-23 00:10:00,66.0,0,hist_gradient_boosting,test,0.0001956036015161666,0.022334675449539546,0
45,13,2020-04-23 01:10:00,65.0,0,hist_gradient_boosting,test,0.00018038483340352353,0.022334675449539546,0
45,13,2020-04-23 02:10:00,64.0,0,hist_gradient_boosting,test,0.0001938400169970551,0.022334675449539546,0
45,13,2020-04-23 03:10:00,63.0,0,hist_gradient_boosting,test,0.0001938400169970551,0.022334675449539546,0
45,13,2020-04-23 04:10:00,62.0,0,hist_gradient_boosting,test,0.00017390829406642536,0.022334675449539546,0
45,13,2020-04-23 05:10:00,61.0,0,hist_gradient_boosting,test,0.00017390829406642536,0.022334675449539546,0
45,13,2020-04-23 06:10:00,60.0,0,hist_gradient_boosting,test,0.00018550428305072025,0.022334675449539546,0
45,13,2020-04-23 07:10:00,59.0,0,hist_gradient_boosting,test,0.00018985103457665086,0.022334675449539546,0
45,13,2020-04-23 08:10:00,58.0,0,hist_gradient_boosting,test,0.0003076830303160077,0.022334675449539546,0
45,13,2020-04-23 09:10:00,57.0,0,hist_gradient_boosting,test,0.0003128366486652717,0.022334675449539546,0
45,13,2020-04-23 10:10:00,56.0,0,hist_gradient_boosting,test,0.0001808641753730346,0.022334675449539546,0
45,13,2020-04-23 11:10:00,55.0,0,hist_gradient_boosting,test,0.00016830954339306243,0.022334675449539546,0
45,13,2020-04-23 12:10:00,54.0,0,hist_gradient_boosting,test,0.00026298249518653564,0.022334675449539546,0
45,13,2020-04-23 13:10:00,53.0,0,hist_gradient_boosting,test,0.00026298249518653564,0.022334675449539546,0
45,13,2020-04-23 14:10:00,52.0,0,hist_gradient_boosting,test,0.0001622664850574834,0.022334675449539546,0
45,13,2020-04-23 15:10:00,51.0,0,hist_gradient_boosting,test,0.00029572197023701257,0.022334675449539546,0
45,13,2020-04-23 16:10:00,50.0,0,hist_gradient_boosting,test,0.00029572197023701257,0.022334675449539546,0
45,13,2020-04-23 17:10:00,49.0,0,hist_gradient_boosting,test,0.0002000343246613847,0.022334675449539546,0
45,13,2020-04-23 18:10:00,48.0,1,hist_gradient_boosting,test,0.0001931210664718625,0.022334675449539546,0
45,13,2020-04-23 19:10:00,47.0,1,hist_gradient_boosting,test,0.00046150370786668073,0.022334675449539546,0
45,13,2020-04-23 20:10:00,46.0,1,hist_gradient_boosting,test,0.00046150370786668073,0.022334675449539546,0
45,13,2020-04-23 21:10:00,45.0,1,hist_gradient_boosting,test,0.0004804847091119821,0.022334675449539546,0
45,13,2020-04-23 22:10:00,44.0,1,hist_gradient_boosting,test,0.0001982210890443371,0.022334675449539546,0
45,13,2020-04-23 23:10:00,43.0,1,hist_gradient_boosting,test,0.00019453292252500327,0.022334675449539546,0
45,13,2020-04-24 00:10:00,42.0,1,hist_gradient_boosting,test,0.00019518393578679121,0.022334675449539546,0
45,13,2020-04-24 01:10:00,41.0,1,hist_gradient_boosting,test,0.00021634992806467194,0.022334675449539546,0
45,13,2020-04-24 02:10:00,40.0,1,hist_gradient_boosting,test,0.0004783266938904008,0.022334675449539546,0
45,13,2020-04-24 03:10:00,39.0,1,hist_gradient_boosting,test,0.0004783266938904008,0.022334675449539546,0
45,13,2020-04-24 04:10:00,38.0,1,hist_gradient_boosting,test,0.0004783266938904008,0.022334675449539546,0
45,13,2020-04-24 05:10:00,37.0,1,hist_gradient_boosting,test,0.0002951633516065498,0.022334675449539546,0
45,13,2020-04-24 06:10:00,36.0,1,hist_gradient_boosting,test,0.0005141135695310455,0.022334675449539546,0
45,13,2020-04-24 07:10:00,35.0,1,hist_gradient_boosting,test,0.0006546122711367246,0.022334675449539546,0
45,13,2020-04-24 08:10:00,34.0,1,hist_gradient_boosting,test,0.0006880968461023569,0.022334675449539546,0
45,13,2020-04-24 09:10:00,33.0,1,hist_gradient_boosting,test,0.0006369321141500782,0.022334675449539546,0
45,13,2020-04-24 10:10:00,32.0,1,hist_gradient_boosting,test,0.0006486448721864511,0.022334675449539546,0
45,13,2020-04-24 11:10:00,31.0,1,hist_gradient_boosting,test,0.000638554421074011,0.022334675449539546,0
45,13,2020-04-24 12:10:00,30.0,1,hist_gradient_boosting,test,0.000638554421074011,0.022334675449539546,0
45,13,2020-04-24 13:10:00,29.0,1,hist_gradient_boosting,test,0.0004070467176542061,0.022334675449539546,0
45,13,2020-04-24 14:10:00,28.0,1,hist_gradient_boosting,test,0.000659593369780869,0.022334675449539546,0
45,13,2020-04-24 15:10:00,27.0,1,hist_gradient_boosting,test,0.0006317229133300643,0.022334675449539546,0
45,13,2020-04-24 16:10:00,26.0,1,hist_gradient_boosting,test,0.0006245055570710544,0.022334675449539546,0
45,13,2020-04-24 17:10:00,25.0,1,hist_gradient_boosting,test,0.0006245055570710544,0.022334675449539546,0
45,13,2020-04-24 18:10:00,24.0,1,hist_gradient_boosting,test,0.0005039498036801978,0.022334675449539546,0
45,13,2020-04-24 19:10:00,23.0,1,hist_gradient_boosting,test,0.0009338356300332935,0.022334675449539546,0
45,13,2020-04-24 20:10:00,22.0,1,hist_gradient_boosting,test,0.0009338356300332935,0.022334675449539546,0
45,13,2020-04-24 21:10:00,21.0,1,hist_gradient_boosting,test,0.0010197531665096277,0.022334675449539546,0
45,13,2020-04-24 22:10:00,20.0,1,hist_gradient_boosting,test,0.0016691878397586753,0.022334675449539546,0
45,13,2020-04-24 23:10:00,19.0,1,hist_gradient_boosting,test,0.0009833791038407677,0.022334675449539546,0
45,13,2020-04-25 00:10:00,18.0,1,hist_gradient_boosting,test,0.0006659778433621046,0.022334675449539546,0
45,13,2020-04-25 01:10:00,17.0,1,hist_gradient_boosting,test,0.0007270412024036781,0.022334675449539546,0
45,13,2020-04-25 02:10:00,16.0,1,hist_gradient_boosting,test,0.000407333671083872,0.022334675449539546,0
45,13,2020-04-25 03:10:00,15.0,1,hist_gradient_boosting,test,0.000407333671083872,0.022334675449539546,0
45,13,2020-04-25 04:10:00,14.0,1,hist_gradient_boosting,test,0.0004105181911814151,0.022334675449539546,0
45,13,2020-04-25 05:10:00,13.0,1,hist_gradient_boosting,test,0.0006873315180963618,0.022334675449539546,0
45,13,2020-04-25 06:10:00,12.0,1,hist_gradient_boosting,test,0.0006820011341154543,0.022334675449539546,0
45,13,2020-04-25 07:10:00,11.0,1,hist_gradient_boosting,test,0.0004025894528292998,0.022334675449539546,0
45,13,2020-04-25 08:10:00,10.0,1,hist_gradient_boosting,test,0.00036004565854675193,0.022334675449539546,0
45,13,2020-04-25 09:10:00,9.0,1,hist_gradient_boosting,test,0.0006872926860503422,0.022334675449539546,0
45,13,2020-04-25 10:10:00,8.0,1,hist_gradient_boosting,test,0.0008038065070741268,0.022334675449539546,0
45,13,2020-04-25 11:10:00,7.0,1,hist_gradient_boosting,test,0.0017409621406382662,0.022334675449539546,0
45,13,2020-04-25 12:10:00,6.0,1,hist_gradient_boosting,test,0.001948620159565991,0.022334675449539546,0
45,13,2020-04-25 13:10:00,5.0,1,hist_gradient_boosting,test,0.001983650939822382,0.022334675449539546,0
45,13,2020-04-25 14:10:00,4.0,1,hist_gradient_boosting,test,0.0010667488154363497,0.022334675449539546,0
45,13,2020-04-25 15:10:00,3.0,1,hist_gradient_boosting,test,0.0004996425396109225,0.022334675449539546,0
45,13,2020-04-25 16:10:00,2.0,1,hist_gradient_boosting,test,0.0006633116906666155,0.022334675449539546,0
45,13,2020-04-25 17:10:00,1.0,1,hist_gradient_boosting,test,0.0007408671540472346,0.022334675449539546,0
84,13,2022-09-04 15:30:00,168.0,0,hist_gradient_boosting,test,0.0015767920695130592,0.022334675449539546,0
84,13,2022-09-04 16:30:00,167.0,0,hist_gradient_boosting,test,0.002851576164909147,0.022334675449539546,0
84,13,2022-09-04 17:30:00,166.0,0,hist_gradient_boosting,test,0.0027345987978612814,0.022334675449539546,0
84,13,2022-09-04 18:30:00,165.0,0,hist_gradient_boosting,test,0.005591153898979758,0.022334675449539546,0
84,13,2022-09-04 19:30:00,164.0,0,hist_gradient_boosting,test,0.002493475660595065,0.022334675449539546,0
84,13,2022-09-04 20:30:00,163.0,0,hist_gradient_boosting,test,0.0015096784352068647,0.022334675449539546,0
84,13,2022-09-04 21:30:00,162.0,0,hist_gradient_boosting,test,0.0015096784352068647,0.022334675449539546,0
84,13,2022-09-04 22:30:00,161.0,0,hist_gradient_boosting,test,0.004719158155020745,0.022334675449539546,0
84,13,2022-09-04 23:30:00,160.0,0,hist_gradient_boosting,test,0.003429281894062173,0.022334675449539546,0
84,13,2022-09-05 00:30:00,159.0,0,hist_gradient_boosting,test,0.0017482083188736014,0.022334675449539546,0
84,13,2022-09-05 01:30:00,158.0,0,hist_gradient_boosting,test,0.001707995085992858,0.022334675449539546,0
84,13,2022-09-05 02:30:00,157.0,0,hist_gradient_boosting,test,0.0022108786843531335,0.022334675449539546,0
84,13,2022-09-05 03:30:00,156.0,0,hist_gradient_boosting,test,0.002171808612842961,0.022334675449539546,0
84,13,2022-09-05 04:30:00,155.0,0,hist_gradient_boosting,test,0.0012891758313333744,0.022334675449539546,0
84,13,2022-09-05 05:30:00,154.0,0,hist_gradient_boosting,test,0.021490785402062926,0.022334675449539546,0
84,13,2022-09-05 06:30:00,153.0,0,hist_gradient_boosting,test,0.005711421576538396,0.022334675449539546,0
84,13,2022-09-05 07:30:00,152.0,0,hist_gradient_boosting,test,0.007878979790612375,0.022334675449539546,0
84,13,2022-09-05 08:30:00,151.0,0,hist_gradient_boosting,test,0.004772865908512239,0.022334675449539546,0
84,13,2022-09-05 09:30:00,150.0,0,hist_gradient_boosting,test,0.003456411216266071,0.022334675449539546,0
84,13,2022-09-05 10:30:00,149.0,0,hist_gradient_boosting,test,0.003973921365749443,0.022334675449539546,0
84,13,2022-09-05 11:30:00,148.0,0,hist_gradient_boosting,test,0.0009874208492951593,0.022334675449539546,0
84,13,2022-09-05 12:30:00,147.0,0,hist_gradient_boosting,test,0.0019494543371035022,0.022334675449539546,0
84,13,2022-09-05 13:30:00,146.0,0,hist_gradient_boosting,test,0.001802263581432677,0.022334675449539546,0
84,13,2022-09-05 14:30:00,145.0,0,hist_gradient_boosting,test,0.0021009633942096627,0.022334675449539546,0
84,13,2022-09-05 15:30:00,144.0,0,hist_gradient_boosting,test,0.0021384633628615873,0.022334675449539546,0
84,13,2022-09-05 16:30:00,143.0,0,hist_gradient_boosting,test,0.009158114710624788,0.022334675449539546,0
84,13,2022-09-05 17:30:00,142.0,0,hist_gradient_boosting,test,0.01002613925389817,0.022334675449539546,0
84,13,2022-09-05 18:30:00,141.0,0,hist_gradient_boosting,test,0.010006063885242101,0.022334675449539546,0
84,13,2022-09-05 19:30:00,140.0,0,hist_gradient_boosting,test,0.14681390120122018,0.022334675449539546,1
84,13,2022-09-05 20:30:00,139.0,0,hist_gradient_boosting,test,0.08536012838325949,0.022334675449539546,1
84,13,2022-09-05 21:30:00,138.0,0,hist_gradient_boosting,test,0.08709187135443484,0.022334675449539546,1
84,13,2022-09-05 22:30:00,137.0,0,hist_gradient_boosting,test,0.033946414004267754,0.022334675449539546,1
84,13,2022-09-05 23:30:00,136.0,0,hist_gradient_boosting,test,0.04415943535510455,0.022334675449539546,1
84,13,2022-09-06 00:30:00,135.0,0,hist_gradient_boosting,test,0.04028382820709931,0.022334675449539546,1
84,13,2022-09-06 01:30:00,134.0,0,hist_gradient_boosting,test,0.04186345938802637,0.022334675449539546,1
84,13,2022-09-06 02:30:00,133.0,0,hist_gradient_boosting,test,0.10076730236040499,0.022334675449539546,1
84,13,2022-09-06 03:30:00,132.0,0,hist_gradient_boosting,test,0.0956613963922017,0.022334675449539546,1
84,13,2022-09-06 04:30:00,131.0,0,hist_gradient_boosting,test,0.09358008993822807,0.022334675449539546,1
84,13,2022-09-06 05:30:00,130.0,0,hist_gradient_boosting,test,0.0921829251769155,0.022334675449539546,1
84,13,2022-09-06 06:30:00,129.0,0,hist_gradient_boosting,test,0.0921829251769155,0.022334675449539546,1
84,13,2022-09-06 07:30:00,128.0,0,hist_gradient_boosting,test,0.05687730855287324,0.022334675449539546,1
84,13,2022-09-06 08:30:00,127.0,0,hist_gradient_boosting,test,0.04048180257534638,0.022334675449539546,1
84,13,2022-09-06 09:30:00,126.0,0,hist_gradient_boosting,test,0.04000990919954509,0.022334675449539546,1
84,13,2022-09-06 10:30:00,125.0,0,hist_gradient_boosting,test,0.04063109307868765,0.022334675449539546,1
84,13,2022-09-06 11:30:00,124.0,0,hist_gradient_boosting,test,0.03852733100397282,0.022334675449539546,1
84,13,2022-09-06 12:30:00,123.0,0,hist_gradient_boosting,test,0.04581333465401316,0.022334675449539546,1
84,13,2022-09-06 13:30:00,122.0,0,hist_gradient_boosting,test,0.04080220245524673,0.022334675449539546,1
84,13,2022-09-06 14:30:00,121.0,0,hist_gradient_boosting,test,0.059452039707000706,0.022334675449539546,1
84,13,2022-09-06 15:30:00,120.0,0,hist_gradient_boosting,test,0.06035406208248561,0.022334675449539546,1
84,13,2022-09-06 16:30:00,119.0,0,hist_gradient_boosting,test,0.06278939861020946,0.022334675449539546,1
84,13,2022-09-06 17:30:00,118.0,0,hist_gradient_boosting,test,0.06035406208248561,0.022334675449539546,1
84,13,2022-09-06 18:30:00,117.0,0,hist_gradient_boosting,test,0.059452039707000706,0.022334675449539546,1
84,13,2022-09-06 19:30:00,116.0,0,hist_gradient_boosting,test,0.06153024334443095,0.022334675449539546,1
84,13,2022-09-06 20:30:00,115.0,0,hist_gradient_boosting,test,0.0626006952430946,0.022334675449539546,1
84,13,2022-09-06 21:30:00,114.0,0,hist_gradient_boosting,test,0.07046264685738905,0.022334675449539546,1
84,13,2022-09-06 22:30:00,113.0,0,hist_gradient_boosting,test,0.011685966515733425,0.022334675449539546,0
84,13,2022-09-06 23:30:00,112.0,0,hist_gradient_boosting,test,0.009737896617767187,0.022334675449539546,0
84,13,2022-09-07 00:30:00,111.0,0,hist_gradient_boosting,test,0.006051519938308664,0.022334675449539546,0
84,13,2022-09-07 01:30:00,110.0,0,hist_gradient_boosting,test,0.006436300663601645,0.022334675449539546,0
84,13,2022-09-07 02:30:00,109.0,0,hist_gradient_boosting,test,0.006838229374786635,0.022334675449539546,0
84,13,2022-09-07 03:30:00,108.0,0,hist_gradient_boosting,test,0.005672083574966228,0.022334675449539546,0
84,13,2022-09-07 04:30:00,107.0,0,hist_gradient_boosting,test,0.005575735200186972,0.022334675449539546,0
84,13,2022-09-07 05:30:00,106.0,0,hist_gradient_boosting,test,0.005503441646410209,0.022334675449539546,0
84,13,2022-09-07 06:30:00,105.0,0,hist_gradient_boosting,test,0.004363064941138826,0.022334675449539546,0
84,13,2022-09-07 07:30:00,104.0,0,hist_gradient_boosting,test,0.005690502915876989,0.022334675449539546,0
84,13,2022-09-07 08:30:00,103.0,0,hist_gradient_boosting,test,0.006567671076476151,0.022334675449539546,0
84,13,2022-09-07 09:30:00,102.0,0,hist_gradient_boosting,test,0.006487289759556897,0.022334675449539546,0
84,13,2022-09-07 10:30:00,101.0,0,hist_gradient_boosting,test,0.007213050803420165,0.022334675449539546,0
84,13,2022-09-07 11:30:00,100.0,0,hist_gradient_boosting,test,0.007274154417322908,0.022334675449539546,0
84,13,2022-09-07 12:30:00,99.0,0,hist_gradient_boosting,test,0.006303228100820957,0.022334675449539546,0
84,13,2022-09-07 13:30:00,98.0,0,hist_gradient_boosting,test,0.006303228100820957,0.022334675449539546,0
84,13,2022-09-07 14:30:00,97.0,0,hist_gradient_boosting,test,0.007185312827791845,0.022334675449539546,0
84,13,2022-09-07 15:30:00,96.0,0,hist_gradient_boosting,test,0.0082224683518711,0.022334675449539546,0
84,13,2022-09-07 16:30:00,95.0,0,hist_gradient_boosting,test,0.011923332995178714,0.022334675449539546,0
84,13,2022-09-07 17:30:00,94.0,0,hist_gradient_boosting,test,0.0010067885308665471,0.022334675449539546,0
84,13,2022-09-07 18:30:00,93.0,0,hist_gradient_boosting,test,0.001193305754000515,0.022334675449539546,0
84,13,2022-09-07 19:30:00,92.0,0,hist_gradient_boosting,test,0.0010863012676083105,0.022334675449539546,0
84,13,2022-09-07 20:30:00,91.0,0,hist_gradient_boosting,test,0.0005212331259832511,0.022334675449539546,0
84,13,2022-09-07 21:30:00,90.0,0,hist_gradient_boosting,test,0.0005212331259832511,0.022334675449539546,0
84,13,2022-09-07 22:30:00,89.0,0,hist_gradient_boosting,test,0.0007159332496385174,0.022334675449539546,0
84,13,2022-09-07 23:30:00,88.0,0,hist_gradient_boosting,test,0.0006955056880171318,0.022334675449539546,0
84,13,2022-09-08 00:30:00,87.0,0,hist_gradient_boosting,test,0.0017003860451932993,0.022334675449539546,0
84,13,2022-09-08 01:30:00,86.0,0,hist_gradient_boosting,test,0.005977933046526693,0.022334675449539546,0
84,13,2022-09-08 02:30:00,85.0,0,hist_gradient_boosting,test,0.0027268323289099945,0.022334675449539546,0
84,13,2022-09-08 03:30:00,84.0,0,hist_gradient_boosting,test,0.0027205396317495655,0.022334675449539546,0
84,13,2022-09-08 04:30:00,83.0,0,hist_gradient_boosting,test,0.003031475054853399,0.022334675449539546,0
84,13,2022-09-08 05:30:00,82.0,0,hist_gradient_boosting,test,0.004124427146611013,0.022334675449539546,0
84,13,2022-09-08 06:30:00,81.0,0,hist_gradient_boosting,test,0.0006478325685623054,0.022334675449539546,0
84,13,2022-09-08 07:30:00,80.0,0,hist_gradient_boosting,test,0.000568448156587014,0.022334675449539546,0
84,13,2022-09-08 08:30:00,79.0,0,hist_gradient_boosting,test,0.0004088490292396097,0.022334675449539546,0
84,13,2022-09-08 09:30:00,78.0,0,hist_gradient_boosting,test,0.0004088621282919715,0.022334675449539546,0
84,13,2022-09-08 10:30:00,77.0,0,hist_gradient_boosting,test,0.0003923964956737721,0.022334675449539546,0
84,13,2022-09-08 11:30:00,76.0,0,hist_gradient_boosting,test,0.0003923964956737721,0.022334675449539546,0
84,13,2022-09-08 12:30:00,75.0,0,hist_gradient_boosting,test,0.0003923964956737721,0.022334675449539546,0
84,13,2022-09-08 13:30:00,74.0,0,hist_gradient_boosting,test,0.0004049670540086551,0.022334675449539546,0
84,13,2022-09-08 14:30:00,73.0,0,hist_gradient_boosting,test,0.0007336379225177705,0.022334675449539546,0
84,13,2022-09-08 15:30:00,72.0,0,hist_gradient_boosting,test,0.0022005487805807217,0.022334675449539546,0
84,13,2022-09-08 16:30:00,71.0,0,hist_gradient_boosting,test,0.0011573601023341787,0.022334675449539546,0
84,13,2022-09-08 17:30:00,70.0,0,hist_gradient_boosting,test,0.0008379780458112676,0.022334675449539546,0
84,13,2022-09-08 18:30:00,69.0,0,hist_gradient_boosting,test,0.0014225405804116366,0.022334675449539546,0
84,13,2022-09-08 19:30:00,68.0,0,hist_gradient_boosting,test,0.0024319993284552684,0.022334675449539546,0
84,13,2022-09-08 20:30:00,67.0,0,hist_gradient_boosting,test,0.0019011612778579267,0.022334675449539546,0
84,13,2022-09-08 21:30:00,66.0,0,hist_gradient_boosting,test,0.0019011612778579267,0.022334675449539546,0
84,13,2022-09-08 22:30:00,65.0,0,hist_gradient_boosting,test,0.001766482791912899,0.022334675449539546,0
84,13,2022-09-08 23:30:00,64.0,0,hist_gradient_boosting,test,0.002397897739424318,0.022334675449539546,0
84,13,2022-09-09 00:30:00,63.0,0,hist_gradient_boosting,test,0.001869557084503223,0.022334675449539546,0
84,13,2022-09-09 01:30:00,62.0,0,hist_gradient_boosting,test,0.001366040307295832,0.022334675449539546,0
84,13,2022-09-09 02:30:00,61.0,0,hist_gradient_boosting,test,0.0014925762610149564,0.022334675449539546,0
84,13,2022-09-09 03:30:00,60.0,0,hist_gradient_boosting,test,0.0017756675825967188,0.022334675449539546,0
84,13,2022-09-09 04:30:00,59.0,0,hist_gradient_boosting,test,0.002093287366980712,0.022334675449539546,0
84,13,2022-09-09 05:30:00,58.0,0,hist_gradient_boosting,test,0.00199125464675321,0.022334675449539546,0
84,13,2022-09-09 06:30:00,57.0,0,hist_gradient_boosting,test,0.00231642448374397,0.022334675449539546,0
84,13,2022-09-09 07:30:00,56.0,0,hist_gradient_boosting,test,0.006890251547363872,0.022334675449539546,0
84,13,2022-09-09 08:30:00,55.0,0,hist_gradient_boosting,test,0.00652843713994303,0.022334675449539546,0
84,13,2022-09-09 09:30:00,54.0,0,hist_gradient_boosting,test,0.008073987869734215,0.022334675449539546,0
84,13,2022-09-09 10:30:00,53.0,0,hist_gradient_boosting,test,0.001120146499345092,0.022334675449539546,0
84,13,2022-09-09 11:30:00,52.0,0,hist_gradient_boosting,test,0.0010677125869212997,0.022334675449539546,0
84,13,2022-09-09 12:30:00,51.0,0,hist_gradient_boosting,test,0.010068534086523874,0.022334675449539546,0
84,13,2022-09-09 13:30:00,50.0,0,hist_gradient_boosting,test,0.009337199350191647,0.022334675449539546,0
84,13,2022-09-09 14:30:00,49.0,0,hist_gradient_boosting,test,0.015534865533002925,0.022334675449539546,0
84,13,2022-09-09 15:30:00,48.0,1,hist_gradient_boosting,test,0.021138363375629174,0.022334675449539546,0
84,13,2022-09-09 16:30:00,47.0,1,hist_gradient_boosting,test,0.02172225256773654,0.022334675449539546,0
84,13,2022-09-09 17:30:00,46.0,1,hist_gradient_boosting,test,0.018009176835677296,0.022334675449539546,0
84,13,2022-09-09 18:30:00,45.0,1,hist_gradient_boosting,test,0.018017767571674122,0.022334675449539546,0
84,13,2022-09-09 19:30:00,44.0,1,hist_gradient_boosting,test,0.014230178532917487,0.022334675449539546,0
84,13,2022-09-09 20:30:00,43.0,1,hist_gradient_boosting,test,0.0103476247525754,0.022334675449539546,0
84,13,2022-09-09 21:30:00,42.0,1,hist_gradient_boosting,test,0.01708200495484312,0.022334675449539546,0
84,13,2022-09-09 22:30:00,41.0,1,hist_gradient_boosting,test,0.017791507374605654,0.022334675449539546,0
84,13,2022-09-09 23:30:00,40.0,1,hist_gradient_boosting,test,0.003825903105757107,0.022334675449539546,0
84,13,2022-09-10 00:30:00,39.0,1,hist_gradient_boosting,test,0.006773839976377972,0.022334675449539546,0
84,13,2022-09-10 01:30:00,38.0,1,hist_gradient_boosting,test,0.011303444851615775,0.022334675449539546,0
84,13,2022-09-10 02:30:00,37.0,1,hist_gradient_boosting,test,0.009605985363673101,0.022334675449539546,0
84,13,2022-09-10 03:30:00,36.0,1,hist_gradient_boosting,test,0.0016437513398087904,0.022334675449539546,0
84,13,2022-09-10 04:30:00,35.0,1,hist_gradient_boosting,test,0.0008664781485314509,0.022334675449539546,0
84,13,2022-09-10 05:30:00,34.0,1,hist_gradient_boosting,test,0.000821753644797156,0.022334675449539546,0
84,13,2022-09-10 06:30:00,33.0,1,hist_gradient_boosting,test,0.0008404768455222873,0.022334675449539546,0
84,13,2022-09-10 07:30:00,32.0,1,hist_gradient_boosting,test,0.0007300596980934911,0.022334675449539546,0
84,13,2022-09-10 08:30:00,31.0,1,hist_gradient_boosting,test,0.0006078066413707133,0.022334675449539546,0
84,13,2022-09-10 09:30:00,30.0,1,hist_gradient_boosting,test,0.0019239065665213476,0.022334675449539546,0
84,13,2022-09-10 10:30:00,29.0,1,hist_gradient_boosting,test,0.0015814993265628606,0.022334675449539546,0
84,13,2022-09-10 11:30:00,28.0,1,hist_gradient_boosting,test,0.0016346213236272454,0.022334675449539546,0
84,13,2022-09-10 12:30:00,27.0,1,hist_gradient_boosting,test,0.0012719912322876237,0.022334675449539546,0
84,13,2022-09-10 13:30:00,26.0,1,hist_gradient_boosting,test,0.0013936200056046052,0.022334675449539546,0
84,13,2022-09-10 14:30:00,25.0,1,hist_gradient_boosting,test,0.004062933163323476,0.022334675449539546,0
84,13,2022-09-10 15:30:00,24.0,1,hist_gradient_boosting,test,0.0017791368542272954,0.022334675449539546,0
84,13,2022-09-10 16:30:00,23.0,1,hist_gradient_boosting,test,0.001735010542400587,0.022334675449539546,0
84,13,2022-09-10 17:30:00,22.0,1,hist_gradient_boosting,test,0.001155490007669358,0.022334675449539546,0
84,13,2022-09-10 18:30:00,21.0,1,hist_gradient_boosting,test,0.0010195752898267628,0.022334675449539546,0
84,13,2022-09-10 19:30:00,20.0,1,hist_gradient_boosting,test,0.0012617570961028753,0.022334675449539546,0
84,13,2022-09-10 20:30:00,19.0,1,hist_gradient_boosting,test,0.0012333930119678184,0.022334675449539546,0
84,13,2022-09-10 21:30:00,18.0,1,hist_gradient_boosting,test,0.0008039006443875415,0.022334675449539546,0
84,13,2022-09-10 22:30:00,17.0,1,hist_gradient_boosting,test,0.0009851369964973744,0.022334675449539546,0
84,13,2022-09-10 23:30:00,16.0,1,hist_gradient_boosting,test,0.0008758242324803097,0.022334675449539546,0
84,13,2022-09-11 00:30:00,15.0,1,hist_gradient_boosting,test,0.0009851369964973744,0.022334675449539546,0
84,13,2022-09-11 01:30:00,14.0,1,hist_gradient_boosting,test,0.0009851369964973744,0.022334675449539546,0
84,13,2022-09-11 02:30:00,13.0,1,hist_gradient_boosting,test,0.0009483991607137706,0.022334675449539546,0
84,13,2022-09-11 03:30:00,12.0,1,hist_gradient_boosting,test,0.0017331901176292834,0.022334675449539546,0
84,13,2022-09-11 04:30:00,11.0,1,hist_gradient_boosting,test,0.001964520717106562,0.022334675449539546,0
84,13,2022-09-11 05:30:00,10.0,1,hist_gradient_boosting,test,0.0027350416206063143,0.022334675449539546,0
84,13,2022-09-11 06:30:00,9.0,1,hist_gradient_boosting,test,0.002462507215862682,0.022334675449539546,0
84,13,2022-09-11 07:30:00,8.0,1,hist_gradient_boosting,test,0.0008418721035980473,0.022334675449539546,0
84,13,2022-09-11 08:30:00,7.0,1,hist_gradient_boosting,test,0.0007482220037698381,0.022334675449539546,0
84,13,2022-09-11 09:30:00,6.0,1,hist_gradient_boosting,test,0.0014025301374417404,0.022334675449539546,0
84,13,2022-09-11 10:30:00,5.0,1,hist_gradient_boosting,test,0.0012080766437683559,0.022334675449539546,0
84,13,2022-09-11 11:30:00,4.0,1,hist_gradient_boosting,test,0.0014664250197264001,0.022334675449539546,0
84,13,2022-09-11 12:30:00,3.0,1,hist_gradient_boosting,test,0.0017700425350237216,0.022334675449539546,0
84,13,2022-09-11 13:30:00,2.0,1,hist_gradient_boosting,test,0.0010747407025394017,0.022334675449539546,0
84,13,2022-09-11 14:30:00,1.0,1,hist_gradient_boosting,test,0.0014274479314640837,0.022334675449539546,0
